[debug] driver boot {"pid":32524,"platform":"win32","node":"v24.17.0","cwd":"c:\\Users\\sster\\Documents\\Git\\UE5_Local_LLM_MCP_lmstudio","generateTimeoutMs":300000,"maxRounds":12,"startAt":1}
isolatedState C:\Users\sster\AppData\Local\Temp\compactor-marathon-cuu7bn
pid 32524
plugin codex/unreal-context-compactor rev 17
connecting MCP...
{"event":"mcp_catalog_initialized","server":"unreal-agent","profile":"essential","registeredToolCount":27,"advertisedToolCount":18,"routeContextStatus":"none","routeErrorCode":"","stateRoot":"C:\\Users\\sster\\.lmstudio\\state\\unreal-agent","activeProject":"C:\\Users\\sster\\Documents\\Git\\Project_MJS\\Project_MJS.uproject"}
[mcp:unreal-rag] {"event":"mcp_catalog_initialized","server":"unreal-rag","profile":"essential","registeredToolCount":60,"advertisedToolCount":25,"routeContextStatus":"none","routeErrorCode":"","stateRoot":"C:\\Users\\sster\\.lmstudio\\state\\unreal-agent","activeProject":"C:\\Users\\sster\\Documents\\Git\\Project_MJS\\Project_MJS.uproject"}
[debug] tools ready {"count":8,"names":["get_workspace_info","get_active_project","list_directory","read_file","read_file_range","search_files","unreal_rag_search","unreal_get_active_project"]}
loaded model qwen3.6-27b-heretic-uncensored-finetune-neo-code-di-imatrix-max

===== TURN 1/17 =====
현재 프로젝트 찾고 코드 구조 전체 적으로 확인해줘
[debug] prediction round {"turnIndex":1,"round":1,"historyLen":2,"generateTimeoutMs":300000,"pid":32524}
[debug] await generate() {"turnIndex":1,"round":1,"historyLen":2}
[unreal-context-compactor] Proxy active: target=qwen3.6-27b-heretic-uncensored-finetune-neo-code-di-imatrix-max input=118 context=55040 action=normal
[debug] generate returned {"turnIndex":1,"round":1,"waitedMs":4006,"fragmentChars":320,"toolRequests":1,"failures":0}
[debug] tool call {"turnIndex":1,"name":"get_active_project","args":{},"ms":199,"hardError":null,"preview":"{\n  \"activeProject\": \"C:\\\\Users\\\\sster\\\\Documents\\\\Git\\\\Project_MJS\\\\Project_MJS.uproject\",\n  \"details\": {\n    \"projectPath\": \"C:\\\\Users\\\\sster\\\\Documents\\\\Git\\\\Project_MJS\\\\Project_MJS.uproject\",\n    \"projectDir\": \"C:\\\\"}
[debug] prediction round {"turnIndex":1,"round":2,"historyLen":4,"generateTimeoutMs":300000,"pid":32524}
[debug] await generate() {"turnIndex":1,"round":2,"historyLen":4}
[unreal-context-compactor] Proxy active: target=qwen3.6-27b-heretic-uncensored-finetune-neo-code-di-imatrix-max input=772 context=55040 action=normal
[debug] generate returned {"turnIndex":1,"round":2,"waitedMs":3063,"fragmentChars":152,"toolRequests":2,"failures":0}
[debug] tool call {"turnIndex":1,"name":"list_directory","args":{"path":"."},"ms":189,"hardError":null,"preview":"{\n  \"path\": {\n    \"resolvedRootType\": \"active_project\",\n    \"projectRelativePath\": \"\",\n    \"workspaceRelativePath\": \"\",\n    \"absolutePath\": \"C:\\\\Users\\\\sster\\\\Documents\\\\Git\\\\Project_MJS\",\n    \"activeProject\": \"C:\\\\Users"}
[debug] tool call {"turnIndex":1,"name":"list_directory","args":{"path":"Source"},"ms":254,"hardError":null,"preview":"{\n  \"path\": {\n    \"resolvedRootType\": \"active_project\",\n    \"projectRelativePath\": \"Source\",\n    \"workspaceRelativePath\": \"Source\",\n    \"absolutePath\": \"C:\\\\Users\\\\sster\\\\Documents\\\\Git\\\\Project_MJS\\\\Source\",\n    \"active"}
[debug] prediction round {"turnIndex":1,"round":3,"historyLen":6,"generateTimeoutMs":300000,"pid":32524}
[debug] await generate() {"turnIndex":1,"round":3,"historyLen":6}
[unreal-context-compactor] Proxy active: target=qwen3.6-27b-heretic-uncensored-finetune-neo-code-di-imatrix-max input=2104 context=55040 action=normal
[debug] generate returned {"turnIndex":1,"round":3,"waitedMs":4634,"fragmentChars":158,"toolRequests":3,"failures":0}
[debug] tool call {"turnIndex":1,"name":"list_directory","args":{"path":"Source/Project_MJS"},"ms":165,"hardError":null,"preview":"{\n  \"path\": {\n    \"resolvedRootType\": \"active_project\",\n    \"projectRelativePath\": \"Source/Project_MJS\",\n    \"workspaceRelativePath\": \"Source/Project_MJS\",\n    \"absolutePath\": \"C:\\\\Users\\\\sster\\\\Documents\\\\Git\\\\Project_M"}
[debug] tool call {"turnIndex":1,"name":"list_directory","args":{"path":"Plugins"},"ms":244,"hardError":null,"preview":"{\n  \"path\": {\n    \"resolvedRootType\": \"active_project\",\n    \"projectRelativePath\": \"Plugins\",\n    \"workspaceRelativePath\": \"Plugins\",\n    \"absolutePath\": \"C:\\\\Users\\\\sster\\\\Documents\\\\Git\\\\Project_MJS\\\\Plugins\",\n    \"act"}
[debug] tool call {"turnIndex":1,"name":"list_directory","args":{"path":"Config"},"ms":164,"hardError":null,"preview":"{\n  \"path\": {\n    \"resolvedRootType\": \"active_project\",\n    \"projectRelativePath\": \"Config\",\n    \"workspaceRelativePath\": \"Config\",\n    \"absolutePath\": \"C:\\\\Users\\\\sster\\\\Documents\\\\Git\\\\Project_MJS\\\\Config\",\n    \"active"}
[debug] prediction round {"turnIndex":1,"round":4,"historyLen":8,"generateTimeoutMs":300000,"pid":32524}
[debug] await generate() {"turnIndex":1,"round":4,"historyLen":8}
[unreal-context-compactor] Proxy active: target=qwen3.6-27b-heretic-uncensored-finetune-neo-code-di-imatrix-max input=3572 context=55040 action=normal
[debug] generate returned {"turnIndex":1,"round":4,"waitedMs":5800,"fragmentChars":210,"toolRequests":3,"failures":0}
[debug] tool call {"turnIndex":1,"name":"list_directory","args":{"path":"Source/Project_MJS/Public"},"ms":232,"hardError":null,"preview":"{\n  \"path\": {\n    \"resolvedRootType\": \"active_project\",\n    \"projectRelativePath\": \"Source/Project_MJS/Public\",\n    \"workspaceRelativePath\": \"Source/Project_MJS/Public\",\n    \"absolutePath\": \"C:\\\\Users\\\\sster\\\\Documents\\\\"}
[debug] tool call {"turnIndex":1,"name":"list_directory","args":{"path":"Source/Project_MJS/Private"},"ms":162,"hardError":null,"preview":"{\n  \"path\": {\n    \"resolvedRootType\": \"active_project\",\n    \"projectRelativePath\": \"Source/Project_MJS/Private\",\n    \"workspaceRelativePath\": \"Source/Project_MJS/Private\",\n    \"absolutePath\": \"C:\\\\Users\\\\sster\\\\Documents"}
[debug] tool call {"turnIndex":1,"name":"read_file","args":{"path":"Source/Project_MJS/Project_MJS.Build.cs"},"ms":163,"hardError":null,"preview":"[path-metadata: {\"resolvedRootType\":\"active_project\",\"projectRelativePath\":\"Source/Project_MJS/Project_MJS.Build.cs\",\"workspaceRelativePath\":\"Source/Project_MJS/Project_MJS.Build.cs\",\"absolutePath\":\"C:\\\\Users\\\\sster\\\\Doc"}
[debug] prediction round {"turnIndex":1,"round":5,"historyLen":10,"generateTimeoutMs":300000,"pid":32524}
[debug] await generate() {"turnIndex":1,"round":5,"historyLen":10}
[unreal-context-compactor] Proxy active: target=qwen3.6-27b-heretic-uncensored-finetune-neo-code-di-imatrix-max input=5558 context=55040 action=normal
[debug] generate returned {"turnIndex":1,"round":5,"waitedMs":7186,"fragmentChars":160,"toolRequests":4,"failures":0}
[debug] tool call {"turnIndex":1,"name":"list_directory","args":{"path":"Source/Project_MJS/Public/Character"},"ms":162,"hardError":null,"preview":"{\n  \"path\": {\n    \"resolvedRootType\": \"active_project\",\n    \"projectRelativePath\": \"Source/Project_MJS/Public/Character\",\n    \"workspaceRelativePath\": \"Source/Project_MJS/Public/Character\",\n    \"absolutePath\": \"C:\\\\Users"}
[debug] tool call {"turnIndex":1,"name":"list_directory","args":{"path":"Source/Project_MJS/Public/Gameplay"},"ms":241,"hardError":null,"preview":"{\n  \"path\": {\n    \"resolvedRootType\": \"active_project\",\n    \"projectRelativePath\": \"Source/Project_MJS/Public/Gameplay\",\n    \"workspaceRelativePath\": \"Source/Project_MJS/Public/Gameplay\",\n    \"absolutePath\": \"C:\\\\Users\\\\"}
[debug] tool call {"turnIndex":1,"name":"list_directory","args":{"path":"Source/Project_MJS/Public/UI"},"ms":159,"hardError":null,"preview":"{\n  \"path\": {\n    \"resolvedRootType\": \"active_project\",\n    \"projectRelativePath\": \"Source/Project_MJS/Public/UI\",\n    \"workspaceRelativePath\": \"Source/Project_MJS/Public/UI\",\n    \"absolutePath\": \"C:\\\\Users\\\\sster\\\\Docum"}
[debug] tool call {"turnIndex":1,"name":"list_directory","args":{"path":"Source/Project_MJS/Public/Camera"},"ms":159,"hardError":null,"preview":"{\n  \"path\": {\n    \"resolvedRootType\": \"active_project\",\n    \"projectRelativePath\": \"Source/Project_MJS/Public/Camera\",\n    \"workspaceRelativePath\": \"Source/Project_MJS/Public/Camera\",\n    \"absolutePath\": \"C:\\\\Users\\\\sste"}
[debug] prediction round {"turnIndex":1,"round":6,"historyLen":12,"generateTimeoutMs":300000,"pid":32524}
[debug] await generate() {"turnIndex":1,"round":6,"historyLen":12}
[unreal-context-compactor] Proxy active: target=qwen3.6-27b-heretic-uncensored-finetune-neo-code-di-imatrix-max input=7358 context=55040 action=normal
[debug] generate returned {"turnIndex":1,"round":6,"waitedMs":6732,"fragmentChars":151,"toolRequests":4,"failures":0}
[debug] tool call {"turnIndex":1,"name":"list_directory","args":{"path":"Source/Project_MJS/Public/Character/Player"},"ms":177,"hardError":null,"preview":"{\n  \"path\": {\n    \"resolvedRootType\": \"active_project\",\n    \"projectRelativePath\": \"Source/Project_MJS/Public/Character/Player\",\n    \"workspaceRelativePath\": \"Source/Project_MJS/Public/Character/Player\",\n    \"absolutePat"}
[debug] tool call {"turnIndex":1,"name":"list_directory","args":{"path":"Source/Project_MJS/Public/Character/Enemy"},"ms":160,"hardError":null,"preview":"{\n  \"path\": {\n    \"resolvedRootType\": \"active_project\",\n    \"projectRelativePath\": \"Source/Project_MJS/Public/Character/Enemy\",\n    \"workspaceRelativePath\": \"Source/Project_MJS/Public/Character/Enemy\",\n    \"absolutePath\""}
[debug] tool call {"turnIndex":1,"name":"list_directory","args":{"path":"Source/Project_MJS/Public/Cinematic"},"ms":164,"hardError":null,"preview":"{\n  \"path\": {\n    \"resolvedRootType\": \"active_project\",\n    \"projectRelativePath\": \"Source/Project_MJS/Public/Cinematic\",\n    \"workspaceRelativePath\": \"Source/Project_MJS/Public/Cinematic\",\n    \"absolutePath\": \"C:\\\\Users"}
[debug] tool call {"turnIndex":1,"name":"list_directory","args":{"path":"Source/Project_MJS/Public/System"},"ms":158,"hardError":null,"preview":"{\n  \"path\": {\n    \"resolvedRootType\": \"active_project\",\n    \"projectRelativePath\": \"Source/Project_MJS/Public/System\",\n    \"workspaceRelativePath\": \"Source/Project_MJS/Public/System\",\n    \"absolutePath\": \"C:\\\\Users\\\\sste"}
[debug] prediction round {"turnIndex":1,"round":7,"historyLen":14,"generateTimeoutMs":300000,"pid":32524}
[debug] await generate() {"turnIndex":1,"round":7,"historyLen":14}
[unreal-context-compactor] Proxy active: target=qwen3.6-27b-heretic-uncensored-finetune-neo-code-di-imatrix-max input=9732 context=55040 action=normal
[debug] generate returned {"turnIndex":1,"round":7,"waitedMs":7010,"fragmentChars":188,"toolRequests":3,"failures":0}
[debug] tool call {"turnIndex":1,"name":"list_directory","args":{"path":"Source/Project_MJS/Public/Character/Player/Component"},"ms":163,"hardError":null,"preview":"{\n  \"path\": {\n    \"resolvedRootType\": \"active_project\",\n    \"projectRelativePath\": \"Source/Project_MJS/Public/Character/Player/Component\",\n    \"workspaceRelativePath\": \"Source/Project_MJS/Public/Character/Player/Componen"}
[debug] tool call {"turnIndex":1,"name":"list_directory","args":{"path":"Source/Project_MJS/Public/System/Combat"},"ms":160,"hardError":null,"preview":"{\n  \"path\": {\n    \"resolvedRootType\": \"active_project\",\n    \"projectRelativePath\": \"Source/Project_MJS/Public/System/Combat\",\n    \"workspaceRelativePath\": \"Source/Project_MJS/Public/System/Combat\",\n    \"absolutePath\": \"C"}
[debug] tool call {"turnIndex":1,"name":"list_directory","args":{"path":"Source/Project_MJS/Public/Gameplay/Controller"},"ms":232,"hardError":null,"preview":"{\n  \"path\": {\n    \"resolvedRootType\": \"active_project\",\n    \"projectRelativePath\": \"Source/Project_MJS/Public/Gameplay/Controller\",\n    \"workspaceRelativePath\": \"Source/Project_MJS/Public/Gameplay/Controller\",\n    \"absol"}
[debug] prediction round {"turnIndex":1,"round":8,"historyLen":16,"generateTimeoutMs":300000,"pid":32524}
[debug] await generate() {"turnIndex":1,"round":8,"historyLen":16}
[unreal-context-compactor] Proxy active: target=qwen3.6-27b-heretic-uncensored-finetune-neo-code-di-imatrix-max input=10898 context=55040 action=normal
[debug] generate returned {"turnIndex":1,"round":8,"waitedMs":4847,"fragmentChars":182,"toolRequests":2,"failures":0}
[debug] tool call {"turnIndex":1,"name":"read_file","args":{"path":"Source/Project_MJS/Public/Character/Player/CPlayerCharacter.h"},"ms":236,"hardError":null,"preview":"[path-metadata: {\"resolvedRootType\":\"active_project\",\"projectRelativePath\":\"Source/Project_MJS/Public/Character/Player/CPlayerCharacter.h\",\"workspaceRelativePath\":\"Source/Project_MJS/Public/Character/Player/CPlayerCharac"}
[debug] tool call {"turnIndex":1,"name":"read_file","args":{"path":"Source/Project_MJS/Public/Character/Enemy/EnemyCharacter.h"},"ms":159,"hardError":null,"preview":"[path-metadata: {\"resolvedRootType\":\"active_project\",\"projectRelativePath\":\"Source/Project_MJS/Public/Character/Enemy/EnemyCharacter.h\",\"workspaceRelativePath\":\"Source/Project_MJS/Public/Character/Enemy/EnemyCharacter.h\""}
[debug] prediction round {"turnIndex":1,"round":9,"historyLen":18,"generateTimeoutMs":300000,"pid":32524}
[debug] await generate() {"turnIndex":1,"round":9,"historyLen":18}
[unreal-context-compactor] Proxy active: target=qwen3.6-27b-heretic-uncensored-finetune-neo-code-di-imatrix-max input=12856 context=55040 action=normal
[debug] generate returned {"turnIndex":1,"round":9,"waitedMs":4377,"fragmentChars":178,"toolRequests":1,"failures":0}
[debug] tool call {"turnIndex":1,"name":"list_directory","args":{"path":"Content"},"ms":162,"hardError":null,"preview":"{\n  \"path\": {\n    \"resolvedRootType\": \"active_project\",\n    \"projectRelativePath\": \"Content\",\n    \"workspaceRelativePath\": \"Content\",\n    \"absolutePath\": \"C:\\\\Users\\\\sster\\\\Documents\\\\Git\\\\Project_MJS\\\\Content\",\n    \"act"}
[debug] prediction round {"turnIndex":1,"round":10,"historyLen":20,"generateTimeoutMs":300000,"pid":32524}
[debug] await generate() {"turnIndex":1,"round":10,"historyLen":20}
[unreal-context-compactor] Proxy active: target=qwen3.6-27b-heretic-uncensored-finetune-neo-code-di-imatrix-max input=13936 context=55040 action=normal
[debug] still awaiting generate() {"turnIndex":1,"round":10,"heartbeatN":1,"waitedMs":30012}
[debug] generate returned {"turnIndex":1,"round":10,"waitedMs":50632,"fragmentChars":4476,"toolRequests":0,"failures":0}
[debug] turn completed {"turnIndex":1,"ms":102595,"chars":4476,"tools":["get_active_project","list_directory","list_directory","list_directory","list_directory","list_directory","list_directory","list_directory","read_file","list_directory","list_directory","list_directory","list_directory","list_directory","list_directory","list_directory","list_directory","list_directory","list_directory","list_directory","read_file","read_file","list_directory"],"listDirectory":19,"preview":"좋습니다. 이제 프로젝트의 전체적인 구조를 파악했습니다. 사용자에게 명확하고 체계적으로 정리해서 알려드리겠습니다. 프로젝트 요약: - 이름: Project_MJS - 엔진 버전: UE 5.8 - 주요 모듈: Project_MJS (단일 게임 모듈) - 코드 구조: 도메인별 폴더링 (Character, Gameplay, Cinematic, Camera, UI, System 등) - 핵심 기능: 액션 RPG 스타일의 전투 시스템,

===== TURN 2/17 =====
지금 버그있는거 찾기만하고 수정은 하지마.
[debug] prediction round {"turnIndex":2,"round":1,"historyLen":22,"generateTimeoutMs":300000,"pid":32524}
[debug] await generate() {"turnIndex":2,"round":1,"historyLen":22}
[unreal-context-compactor] Proxy active: target=qwen3.6-27b-heretic-uncensored-finetune-neo-code-di-imatrix-max input=15056 context=55040 action=normal
[debug] generate returned {"turnIndex":2,"round":1,"waitedMs":3346,"fragmentChars":302,"toolRequests":1,"failures":0}
[debug] tool call {"turnIndex":2,"name":"get_active_project","args":{},"ms":212,"hardError":null,"preview":"{\n  \"activeProject\": \"C:\\\\Users\\\\sster\\\\Documents\\\\Git\\\\Project_MJS\\\\Project_MJS.uproject\",\n  \"details\": {\n    \"projectPath\": \"C:\\\\Users\\\\sster\\\\Documents\\\\Git\\\\Project_MJS\\\\Project_MJS.uproject\",\n    \"projectDir\": \"C:\\\\"}
[debug] prediction round {"turnIndex":2,"round":2,"historyLen":24,"generateTimeoutMs":300000,"pid":32524}
[debug] await generate() {"turnIndex":2,"round":2,"historyLen":24}
[unreal-context-compactor] Proxy active: target=qwen3.6-27b-heretic-uncensored-finetune-neo-code-di-imatrix-max input=15865 context=55040 action=normal
[debug] generate returned {"turnIndex":2,"round":2,"waitedMs":22135,"fragmentChars":274,"toolRequests":2,"failures":0}
[debug] tool call {"turnIndex":2,"name":"list_directory","args":{"path":"Source/Project_MJS/Public"},"ms":161,"hardError":null,"preview":"{\n  \"path\": {\n    \"resolvedRootType\": \"active_project\",\n    \"projectRelativePath\": \"Source/Project_MJS/Public\",\n    \"workspaceRelativePath\": \"Source/Project_MJS/Public\",\n    \"absolutePath\": \"C:\\\\Users\\\\sster\\\\Documents\\\\"}
[debug] tool call {"turnIndex":2,"name":"list_directory","args":{"path":"Source/Project_MJS/Private"},"ms":162,"hardError":null,"preview":"{\n  \"path\": {\n    \"resolvedRootType\": \"active_project\",\n    \"projectRelativePath\": \"Source/Project_MJS/Private\",\n    \"workspaceRelativePath\": \"Source/Project_MJS/Private\",\n    \"absolutePath\": \"C:\\\\Users\\\\sster\\\\Documents"}
[debug] prediction round {"turnIndex":2,"round":3,"historyLen":26,"generateTimeoutMs":300000,"pid":32524}
[debug] await generate() {"turnIndex":2,"round":3,"historyLen":26}
[unreal-context-compactor] Proxy active: target=qwen3.6-27b-heretic-uncensored-finetune-neo-code-di-imatrix-max input=17364 context=55040 action=normal
[debug] generate returned {"turnIndex":2,"round":3,"waitedMs":7355,"fragmentChars":291,"toolRequests":4,"failures":0}
[debug] tool call {"turnIndex":2,"name":"list_directory","args":{"path":"Source/Project_MJS/Public/Character"},"ms":158,"hardError":null,"preview":"{\n  \"path\": {\n    \"resolvedRootType\": \"active_project\",\n    \"projectRelativePath\": \"Source/Project_MJS/Public/Character\",\n    \"workspaceRelativePath\": \"Source/Project_MJS/Public/Character\",\n    \"absolutePath\": \"C:\\\\Users"}
[debug] tool call {"turnIndex":2,"name":"list_directory","args":{"path":"Source/Project_MJS/Public/Gameplay"},"ms":158,"hardError":null,"preview":"{\n  \"path\": {\n    \"resolvedRootType\": \"active_project\",\n    \"projectRelativePath\": \"Source/Project_MJS/Public/Gameplay\",\n    \"workspaceRelativePath\": \"Source/Project_MJS/Public/Gameplay\",\n    \"absolutePath\": \"C:\\\\Users\\\\"}
[debug] tool call {"turnIndex":2,"name":"list_directory","args":{"path":"Source/Project_MJS/Public/Cinematic"},"ms":161,"hardError":null,"preview":"{\n  \"path\": {\n    \"resolvedRootType\": \"active_project\",\n    \"projectRelativePath\": \"Source/Project_MJS/Public/Cinematic\",\n    \"workspaceRelativePath\": \"Source/Project_MJS/Public/Cinematic\",\n    \"absolutePath\": \"C:\\\\Users"}
[debug] tool call {"turnIndex":2,"name":"list_directory","args":{"path":"Source/Project_MJS/Public/System"},"ms":158,"hardError":null,"preview":"{\n  \"path\": {\n    \"resolvedRootType\": \"active_project\",\n    \"projectRelativePath\": \"Source/Project_MJS/Public/System\",\n    \"workspaceRelativePath\": \"Source/Project_MJS/Public/System\",\n    \"absolutePath\": \"C:\\\\Users\\\\sste"}
[debug] prediction round {"turnIndex":2,"round":4,"historyLen":28,"generateTimeoutMs":300000,"pid":32524}
[debug] await generate() {"turnIndex":2,"round":4,"historyLen":28}
[unreal-context-compactor] Proxy active: target=qwen3.6-27b-heretic-uncensored-finetune-neo-code-di-imatrix-max input=19370 context=55040 action=normal
[debug] generate returned {"turnIndex":2,"round":4,"waitedMs":6093,"fragmentChars":231,"toolRequests":2,"failures":0}
[debug] tool call {"turnIndex":2,"name":"read_file","args":{"path":"Source/Project_MJS/Public/Character/Player/CPlayerCharacter.h"},"ms":168,"hardError":null,"preview":"{\n  \"ok\": true,\n  \"cached\": true,\n  \"evidenceStatus\": \"cached\",\n  \"repeatDetected\": true,\n  \"doNotRepeatRead\": true,\n  \"stopCurrentWorkflow\": false,\n  \"errorCode\": \"READ_REPEAT_DETECTED\",\n  \"retryable\": false,\n  \"phase\":"}
[debug] tool call {"turnIndex":2,"name":"read_file","args":{"path":"Source/Project_MJS/Private/Character/Player/CPlayerCharacter.cpp"},"ms":236,"hardError":null,"preview":"[path-metadata: {\"resolvedRootType\":\"active_project\",\"projectRelativePath\":\"Source/Project_MJS/Private/Character/Player/CPlayerCharacter.cpp\",\"workspaceRelativePath\":\"Source/Project_MJS/Private/Character/Player/CPlayerCh"}
[debug] prediction round {"turnIndex":2,"round":5,"historyLen":30,"generateTimeoutMs":300000,"pid":32524}
[debug] await generate() {"turnIndex":2,"round":5,"historyLen":30}
[unreal-context-compactor] Proxy active: target=qwen3.6-27b-heretic-uncensored-finetune-neo-code-di-imatrix-max input=22871 context=55040 action=normal
[debug] generate returned {"turnIndex":2,"round":5,"waitedMs":10323,"fragmentChars":512,"toolRequests":2,"failures":0}
[debug] tool call {"turnIndex":2,"name":"read_file","args":{"path":"Source/Project_MJS/Public/Character/Enemy/EnemyCharacter.h"},"ms":158,"hardError":null,"preview":"{\n  \"ok\": true,\n  \"cached\": true,\n  \"evidenceStatus\": \"cached\",\n  \"repeatDetected\": true,\n  \"doNotRepeatRead\": true,\n  \"stopCurrentWorkflow\": false,\n  \"errorCode\": \"READ_REPEAT_DETECTED\",\n  \"retryable\": false,\n  \"phase\":"}
[debug] tool call {"turnIndex":2,"name":"read_file","args":{"path":"Source/Project_MJS/Private/Character/Enemy/EnemyCharacter.cpp"},"ms":162,"hardError":null,"preview":"[path-metadata: {\"resolvedRootType\":\"active_project\",\"projectRelativePath\":\"Source/Project_MJS/Private/Character/Enemy/EnemyCharacter.cpp\",\"workspaceRelativePath\":\"Source/Project_MJS/Private/Character/Enemy/EnemyCharacte"}
[debug] prediction round {"turnIndex":2,"round":6,"historyLen":32,"generateTimeoutMs":300000,"pid":32524}
[debug] await generate() {"turnIndex":2,"round":6,"historyLen":32}
[unreal-context-compactor] Proxy active: target=qwen3.6-27b-heretic-uncensored-finetune-neo-code-di-imatrix-max input=26845 context=55040 action=normal
[debug] generate returned {"turnIndex":2,"round":6,"waitedMs":11392,"fragmentChars":529,"toolRequests":2,"failures":0}
[debug] tool call {"turnIndex":2,"name":"read_file","args":{"path":"Source/Project_MJS/Public/Character/Player/Component/AttackComponent.h"},"ms":250,"hardError":null,"preview":"[path-metadata: {\"resolvedRootType\":\"active_project\",\"projectRelativePath\":\"Source/Project_MJS/Public/Character/Player/Component/AttackComponent.h\",\"workspaceRelativePath\":\"Source/Project_MJS/Public/Character/Player/Comp"}
[debug] tool call {"turnIndex":2,"name":"read_file","args":{"path":"Source/Project_MJS/Private/Character/Player/Component/AttackComponent.cpp"},"ms":162,"hardError":null,"preview":"[path-metadata: {\"resolvedRootType\":\"active_project\",\"projectRelativePath\":\"Source/Project_MJS/Private/Character/Player/Component/AttackComponent.cpp\",\"workspaceRelativePath\":\"Source/Project_MJS/Private/Character/Player/"}
[debug] prediction round {"turnIndex":2,"round":7,"historyLen":34,"generateTimeoutMs":300000,"pid":32524}
[debug] await generate() {"turnIndex":2,"round":7,"historyLen":34}
[unreal-context-compactor] Proxy active: target=qwen3.6-27b-heretic-uncensored-finetune-neo-code-di-imatrix-max input=31313 context=55040 action=soft_compact
[debug] generate returned {"turnIndex":2,"round":7,"waitedMs":29705,"fragmentChars":550,"toolRequests":2,"failures":0}
[debug] tool call {"turnIndex":2,"name":"read_file","args":{"path":"Source/Project_MJS/Public/Character/Player/Component/DodgeComponent.h"},"ms":160,"hardError":null,"preview":"[path-metadata: {\"resolvedRootType\":\"active_project\",\"projectRelativePath\":\"Source/Project_MJS/Public/Character/Player/Component/DodgeComponent.h\",\"workspaceRelativePath\":\"Source/Project_MJS/Public/Character/Player/Compo"}
[debug] tool call {"turnIndex":2,"name":"read_file","args":{"path":"Source/Project_MJS/Private/Character/Player/Component/DodgeComponent.cpp"},"ms":250,"hardError":null,"preview":"[path-metadata: {\"resolvedRootType\":\"active_project\",\"projectRelativePath\":\"Source/Project_MJS/Private/Character/Player/Component/DodgeComponent.cpp\",\"workspaceRelativePath\":\"Source/Project_MJS/Private/Character/Player/C"}
[debug] prediction round {"turnIndex":2,"round":8,"historyLen":36,"generateTimeoutMs":300000,"pid":32524}
[debug] await generate() {"turnIndex":2,"round":8,"historyLen":36}
[unreal-context-compactor] Proxy active: target=qwen3.6-27b-heretic-uncensored-finetune-neo-code-di-imatrix-max input=35284 context=55040 action=soft_compact
[debug] still awaiting generate() {"turnIndex":2,"round":8,"heartbeatN":1,"waitedMs":30005}
[debug] generate returned {"turnIndex":2,"round":8,"waitedMs":30146,"fragmentChars":483,"toolRequests":2,"failures":0}
[debug] tool call {"turnIndex":2,"name":"read_file","args":{"path":"Source/Project_MJS/Public/Character/Player/Component/TargetingComponent.h"},"ms":160,"hardError":null,"preview":"[path-metadata: {\"resolvedRootType\":\"active_project\",\"projectRelativePath\":\"Source/Project_MJS/Public/Character/Player/Component/TargetingComponent.h\",\"workspaceRelativePath\":\"Source/Project_MJS/Public/Character/Player/C"}
[debug] tool call {"turnIndex":2,"name":"read_file","args":{"path":"Source/Project_MJS/Private/Character/Player/Component/TargetingComponent.cpp"},"ms":158,"hardError":null,"preview":"[path-metadata: {\"resolvedRootType\":\"active_project\",\"projectRelativePath\":\"Source/Project_MJS/Private/Character/Player/Component/TargetingComponent.cpp\",\"workspaceRelativePath\":\"Source/Project_MJS/Private/Character/Play"}
[debug] prediction round {"turnIndex":2,"round":9,"historyLen":38,"generateTimeoutMs":300000,"pid":32524}
[debug] await generate() {"turnIndex":2,"round":9,"historyLen":38}
[unreal-context-compactor] Proxy active: target=qwen3.6-27b-heretic-uncensored-finetune-neo-code-di-imatrix-max input=42613 context=55040 action=hard_compact
[debug] still awaiting generate() {"turnIndex":2,"round":9,"heartbeatN":1,"waitedMs":30001}
[debug] generate returned {"turnIndex":2,"round":9,"waitedMs":30272,"fragmentChars":462,"toolRequests":1,"failures":0}
[debug] tool call {"turnIndex":2,"name":"read_file_range","args":{"path":"Source/Project_MJS/Private/Character/Player/Component/TargetingComponent.cpp","startLine":538,"endLine":700},"ms":160,"hardError":null,"preview":"File: project://Source/Project_MJS/Private/Character/Player/Component/TargetingComponent.cpp\nPath-Metadata: {\"resolvedRootType\":\"active_project\",\"projectRelativePath\":\"Source/Project_MJS/Private/Character/Player/Componen"}
[debug] prediction round {"turnIndex":2,"round":10,"historyLen":40,"generateTimeoutMs":300000,"pid":32524}
[debug] await generate() {"turnIndex":2,"round":10,"historyLen":40}
[unreal-context-compactor] Proxy active: target=qwen3.6-27b-heretic-uncensored-finetune-neo-code-di-imatrix-max input=43507 context=55040 action=hard_compact
[debug] generate returned {"turnIndex":2,"round":10,"waitedMs":24772,"fragmentChars":194,"toolRequests":2,"failures":0}
[debug] tool call {"turnIndex":2,"name":"read_file","args":{"path":"Source/Project_MJS/Public/Cinematic/CinematicTriggerActor.h"},"ms":162,"hardError":null,"preview":"[path-metadata: {\"resolvedRootType\":\"active_project\",\"projectRelativePath\":\"Source/Project_MJS/Public/Cinematic/CinematicTriggerActor.h\",\"workspaceRelativePath\":\"Source/Project_MJS/Public/Cinematic/CinematicTriggerActor."}
[debug] tool call {"turnIndex":2,"name":"read_file","args":{"path":"Source/Project_MJS/Private/Cinematic/CinematicTriggerActor.cpp"},"ms":160,"hardError":null,"preview":"[path-metadata: {\"resolvedRootType\":\"active_project\",\"projectRelativePath\":\"Source/Project_MJS/Private/Cinematic/CinematicTriggerActor.cpp\",\"workspaceRelativePath\":\"Source/Project_MJS/Private/Cinematic/CinematicTriggerAc"}
[debug] prediction round {"turnIndex":2,"round":11,"historyLen":42,"generateTimeoutMs":300000,"pid":32524}
[debug] await generate() {"turnIndex":2,"round":11,"historyLen":42}
[unreal-context-compactor] Proxy active: target=qwen3.6-27b-heretic-uncensored-finetune-neo-code-di-imatrix-max input=46974 context=55040 action=hard_compact
[debug] generate returned {"turnIndex":2,"round":11,"waitedMs":22341,"fragmentChars":200,"toolRequests":1,"failures":0}
[debug] tool call {"turnIndex":2,"name":"read_file","args":{"path":"Source/Project_MJS/Public/Cinematic/CinematicDirectorSubsystem.h"},"ms":161,"hardError":null,"preview":"[path-metadata: {\"resolvedRootType\":\"active_project\",\"projectRelativePath\":\"Source/Project_MJS/Public/Cinematic/CinematicDirectorSubsystem.h\",\"workspaceRelativePath\":\"Source/Project_MJS/Public/Cinematic/CinematicDirector"}
[debug] prediction round {"turnIndex":2,"round":12,"historyLen":44,"generateTimeoutMs":300000,"pid":32524}
[debug] await generate() {"turnIndex":2,"round":12,"historyLen":44}
[unreal-context-compactor] Proxy active: target=qwen3.6-27b-heretic-uncensored-finetune-neo-code-di-imatrix-max input=47795 context=55040 action=hard_compact
[debug] generate returned {"turnIndex":2,"round":12,"waitedMs":23439,"fragmentChars":215,"toolRequests":1,"failures":0}
[debug] tool call {"turnIndex":2,"name":"read_file","args":{"path":"Source/Project_MJS/Private/Cinematic/CinematicDirectorSubsystem.cpp"},"ms":162,"hardError":null,"preview":"[path-metadata: {\"resolvedRootType\":\"active_project\",\"projectRelativePath\":\"Source/Project_MJS/Private/Cinematic/CinematicDirectorSubsystem.cpp\",\"workspaceRelativePath\":\"Source/Project_MJS/Private/Cinematic/CinematicDire"}
[debug] turn completed {"turnIndex":2,"ms":225210,"chars":215,"tools":["get_active_project","list_directory","list_directory","list_directory","list_directory","list_directory","list_directory","read_file","read_file","read_file","read_file","read_file","read_file","read_file","read_file","read_file","read_file","read_file_range","read_file","read_file","read_file","read_file"],"listDirectory":6,"preview":"Let me read the CinematicDirectorSubsystem implementation to check for bugs in cinematic playback, state transitions, and cleanup. __LM_STUDIO_INTERNAL_LSEP_SYNTHETIC_REASONING_END_f4e9a8d2c6b14d0c9e5f3a7b8c1d2e6a__"}

===== TURN 3/17 =====
시네마틱 관련해서 구현된것들 더 구체적으로 알려줘.
[debug] prediction round {"turnIndex":3,"round":1,"historyLen":47,"generateTimeoutMs":300000,"pid":32524}
[debug] await generate() {"turnIndex":3,"round":1,"historyLen":47}
[unreal-context-compactor] Proxy active: target=qwen3.6-27b-heretic-uncensored-finetune-neo-code-di-imatrix-max input=49996 context=55040 action=hard_compact
[debug] generate returned {"turnIndex":3,"round":1,"waitedMs":4478,"fragmentChars":482,"toolRequests":1,"failures":0}
[debug] tool call {"turnIndex":3,"name":"unreal_get_active_project","args":{},"ms":74,"hardError":null,"preview":"{\n  \"activeProject\": \"C:\\\\Users\\\\sster\\\\Documents\\\\Git\\\\Project_MJS\\\\Project_MJS.uproject\",\n  \"activeProjectNames\": [\n    \"Project_MJS\"\n  ],\n  \"sharedConfigPath\": \"C:\\\\Users\\\\sster\\\\.lmstudio\\\\config\\\\unreal-workspace.js"}
[debug] prediction round {"turnIndex":3,"round":2,"historyLen":49,"generateTimeoutMs":300000,"pid":32524}
[debug] await generate() {"turnIndex":3,"round":2,"historyLen":49}
[unreal-context-compactor] Proxy active: target=qwen3.6-27b-heretic-uncensored-finetune-neo-code-di-imatrix-max input=50477 context=55040 action=hard_compact
[debug] generate returned {"turnIndex":3,"round":2,"waitedMs":8452,"fragmentChars":452,"toolRequests":1,"failures":0}
[debug] tool call {"turnIndex":3,"name":"list_directory","args":{"path":"Source/Project_MJS","maxEntries":60},"ms":160,"hardError":null,"preview":"{\n  \"path\": {\n    \"resolvedRootType\": \"active_project\",\n    \"projectRelativePath\": \"Source/Project_MJS\",\n    \"workspaceRelativePath\": \"Source/Project_MJS\",\n    \"absolutePath\": \"C:\\\\Users\\\\sster\\\\Documents\\\\Git\\\\Project_M"}
[debug] prediction round {"turnIndex":3,"round":3,"historyLen":51,"generateTimeoutMs":300000,"pid":32524}
[debug] await generate() {"turnIndex":3,"round":3,"historyLen":51}
[unreal-context-compactor] Proxy active: target=qwen3.6-27b-heretic-uncensored-finetune-neo-code-di-imatrix-max input=51076 context=55040 action=hard_compact
[debug] generate returned {"turnIndex":3,"round":3,"waitedMs":7877,"fragmentChars":195,"toolRequests":1,"failures":0}
[debug] tool call {"turnIndex":3,"name":"list_directory","args":{"path":"Source/Project_MJS/Public","maxEntries":100},"ms":159,"hardError":null,"preview":"{\n  \"path\": {\n    \"resolvedRootType\": \"active_project\",\n    \"projectRelativePath\": \"Source/Project_MJS/Public\",\n    \"workspaceRelativePath\": \"Source/Project_MJS/Public\",\n    \"absolutePath\": \"C:\\\\Users\\\\sster\\\\Documents\\\\"}
[debug] prediction round {"turnIndex":3,"round":4,"historyLen":53,"generateTimeoutMs":300000,"pid":32524}
[debug] await generate() {"turnIndex":3,"round":4,"historyLen":53}
[unreal-context-compactor] Proxy active: target=qwen3.6-27b-heretic-uncensored-finetune-neo-code-di-imatrix-max input=51848 context=55040 action=hard_compact
[debug] generate returned {"turnIndex":3,"round":4,"waitedMs":9206,"fragmentChars":264,"toolRequests":1,"failures":0}
[debug] tool call {"turnIndex":3,"name":"list_directory","args":{"path":"Source/Project_MJS/Public/Cinematic","maxEntries":100},"ms":162,"hardError":null,"preview":"{\n  \"path\": {\n    \"resolvedRootType\": \"active_project\",\n    \"projectRelativePath\": \"Source/Project_MJS/Public/Cinematic\",\n    \"workspaceRelativePath\": \"Source/Project_MJS/Public/Cinematic\",\n    \"absolutePath\": \"C:\\\\Users"}
[debug] prediction round {"turnIndex":3,"round":5,"historyLen":55,"generateTimeoutMs":300000,"pid":32524}
[debug] await generate() {"turnIndex":3,"round":5,"historyLen":55}
[unreal-context-compactor] Proxy active: target=qwen3.6-27b-heretic-uncensored-finetune-neo-code-di-imatrix-max input=52641 context=55040 action=hard_compact
[debug] generate returned {"turnIndex":3,"round":5,"waitedMs":10692,"fragmentChars":375,"toolRequests":1,"failures":0}
[debug] tool call {"turnIndex":3,"name":"list_directory","args":{"path":"Source/Project_MJS/Public/Cinematic/Director","maxEntries":60},"ms":159,"hardError":null,"preview":"{\n  \"path\": {\n    \"resolvedRootType\": \"active_project\",\n    \"projectRelativePath\": \"Source/Project_MJS/Public/Cinematic/Director\",\n    \"workspaceRelativePath\": \"Source/Project_MJS/Public/Cinematic/Director\",\n    \"absolut"}
[debug] prediction round {"turnIndex":3,"round":6,"historyLen":57,"generateTimeoutMs":300000,"pid":32524}
[debug] await generate() {"turnIndex":3,"round":6,"historyLen":57}
[unreal-context-compactor] Proxy active: target=qwen3.6-27b-heretic-uncensored-finetune-neo-code-di-imatrix-max input=53128 context=55040 action=hard_compact
[debug] generate returned {"turnIndex":3,"round":6,"waitedMs":12937,"fragmentChars":572,"toolRequests":1,"failures":0}
[debug] tool call {"turnIndex":3,"name":"read_file","args":{"path":"Source/Project_MJS/Public/Cinematic/CinematicTypes.h","detailLevel":"large"},"ms":162,"hardError":null,"preview":"[path-metadata: {\"resolvedRootType\":\"active_project\",\"projectRelativePath\":\"Source/Project_MJS/Public/Cinematic/CinematicTypes.h\",\"workspaceRelativePath\":\"Source/Project_MJS/Public/Cinematic/CinematicTypes.h\",\"absolutePa"}
[debug] prediction round {"turnIndex":3,"round":7,"historyLen":59,"generateTimeoutMs":300000,"pid":32524}
[debug] await generate() {"turnIndex":3,"round":7,"historyLen":59}
[unreal-context-compactor] Proxy active: target=qwen3.6-27b-heretic-uncensored-finetune-neo-code-di-imatrix-max input=57925 context=55040 action=hard_compact
[debug] generate returned {"turnIndex":3,"round":7,"waitedMs":17108,"fragmentChars":350,"toolRequests":1,"failures":0}
[debug] tool call {"turnIndex":3,"name":"read_file","args":{"path":"Source/Project_MJS/Public/Cinematic/CinematicDirectorSubsystem.h","detailLevel":"large"},"ms":157,"hardError":null,"preview":"[path-metadata: {\"resolvedRootType\":\"active_project\",\"projectRelativePath\":\"Source/Project_MJS/Public/Cinematic/CinematicDirectorSubsystem.h\",\"workspaceRelativePath\":\"Source/Project_MJS/Public/Cinematic/CinematicDirector"}
[debug] prediction round {"turnIndex":3,"round":8,"historyLen":61,"generateTimeoutMs":300000,"pid":32524}
[debug] await generate() {"turnIndex":3,"round":8,"historyLen":61}
[unreal-context-compactor] Proxy active: target=qwen3.6-27b-heretic-uncensored-finetune-neo-code-di-imatrix-max input=58787 context=55040 action=hard_compact
[debug] generate returned {"turnIndex":3,"round":8,"waitedMs":17734,"fragmentChars":267,"toolRequests":1,"failures":0}
[debug] tool call {"turnIndex":3,"name":"read_file","args":{"path":"Source/Project_MJS/Public/Cinematic/CinematicTriggerActor.h","detailLevel":"large"},"ms":156,"hardError":null,"preview":"[path-metadata: {\"resolvedRootType\":\"active_project\",\"projectRelativePath\":\"Source/Project_MJS/Public/Cinematic/CinematicTriggerActor.h\",\"workspaceRelativePath\":\"Source/Project_MJS/Public/Cinematic/CinematicTriggerActor."}
[debug] prediction round {"turnIndex":3,"round":9,"historyLen":63,"generateTimeoutMs":300000,"pid":32524}
[debug] await generate() {"turnIndex":3,"round":9,"historyLen":63}
[unreal-context-compactor] Proxy active: target=qwen3.6-27b-heretic-uncensored-finetune-neo-code-di-imatrix-max input=60737 context=55040 action=hard_compact
[debug] generate returned {"turnIndex":3,"round":9,"waitedMs":20726,"fragmentChars":361,"toolRequests":1,"failures":0}
[debug] tool call {"turnIndex":3,"name":"read_file","args":{"path":"Source/Project_MJS/Public/Cinematic/CinematicParticipantComponent.h","detailLevel":"large"},"ms":158,"hardError":null,"preview":"[path-metadata: {\"resolvedRootType\":\"active_project\",\"projectRelativePath\":\"Source/Project_MJS/Public/Cinematic/CinematicParticipantComponent.h\",\"workspaceRelativePath\":\"Source/Project_MJS/Public/Cinematic/CinematicParti"}
[debug] prediction round {"turnIndex":3,"round":10,"historyLen":65,"generateTimeoutMs":300000,"pid":32524}
[debug] await generate() {"turnIndex":3,"round":10,"historyLen":65}
[unreal-context-compactor] Proxy active: target=qwen3.6-27b-heretic-uncensored-finetune-neo-code-di-imatrix-max input=61837 context=55040 action=hard_compact
[debug] generate returned {"turnIndex":3,"round":10,"waitedMs":21535,"fragmentChars":279,"toolRequests":1,"failures":0}
[debug] tool call {"turnIndex":3,"name":"read_file","args":{"path":"Source/Project_MJS/Public/Cinematic/CinematicInputLockSubsystem.h","detailLevel":"large"},"ms":161,"hardError":null,"preview":"[path-metadata: {\"resolvedRootType\":\"active_project\",\"projectRelativePath\":\"Source/Project_MJS/Public/Cinematic/CinematicInputLockSubsystem.h\",\"workspaceRelativePath\":\"Source/Project_MJS/Public/Cinematic/CinematicInputLo"}
[debug] prediction round {"turnIndex":3,"round":11,"historyLen":67,"generateTimeoutMs":300000,"pid":32524}
[debug] await generate() {"turnIndex":3,"round":11,"historyLen":67}
[unreal-context-compactor] Proxy active: target=qwen3.6-27b-heretic-uncensored-finetune-neo-code-di-imatrix-max input=62437 context=55040 action=hard_compact
[debug] still awaiting generate() {"turnIndex":3,"round":11,"heartbeatN":1,"waitedMs":30002}
[debug] still awaiting generate() {"turnIndex":3,"round":11,"heartbeatN":2,"waitedMs":60004}
[debug] still awaiting generate() {"turnIndex":3,"round":11,"heartbeatN":3,"waitedMs":90012}
[debug] generate returned {"turnIndex":3,"round":11,"waitedMs":101418,"fragmentChars":8098,"toolRequests":0,"failures":0}
[debug] turn completed {"turnIndex":3,"ms":233718,"chars":8098,"tools":["unreal_get_active_project","list_directory","list_directory","list_directory","list_directory","read_file","read_file","read_file","read_file","read_file"],"listDirectory":4,"preview":"Now I have a solid understanding of the cinematic system implemented in this project. Let me summarize concretely and specifically based on actual code: - Core subsystem: UCinematicDirectorSubsystem (WorldSubsystem) - Trigger actor: ACinematicTriggerActor - Participant behavior: "}

===== TURN 4/17 =====
플레이어 관련해서 구현된것들  더 구체적으로 알려줘.
[debug] prediction round {"turnIndex":4,"round":1,"historyLen":69,"generateTimeoutMs":300000,"pid":32524}
[debug] await generate() {"turnIndex":4,"round":1,"historyLen":69}
[unreal-context-compactor] Proxy active: target=qwen3.6-27b-heretic-uncensored-finetune-neo-code-di-imatrix-max input=64336 context=55040 action=hard_compact
[debug] generate returned {"turnIndex":4,"round":1,"waitedMs":7618,"fragmentChars":779,"toolRequests":2,"failures":0}
[debug] tool call {"turnIndex":4,"name":"get_active_project","args":{},"ms":178,"hardError":null,"preview":"{\n  \"activeProject\": \"C:\\\\Users\\\\sster\\\\Documents\\\\Git\\\\Project_MJS\\\\Project_MJS.uproject\",\n  \"details\": {\n    \"projectPath\": \"C:\\\\Users\\\\sster\\\\Documents\\\\Git\\\\Project_MJS\\\\Project_MJS.uproject\",\n    \"projectDir\": \"C:\\\\"}
[debug] tool call {"turnIndex":4,"name":"list_directory","args":{"path":"Source/Project_MJS/Public","maxEntries":200},"ms":235,"hardError":null,"preview":"{\n  \"path\": {\n    \"resolvedRootType\": \"active_project\",\n    \"projectRelativePath\": \"Source/Project_MJS/Public\",\n    \"workspaceRelativePath\": \"Source/Project_MJS/Public\",\n    \"absolutePath\": \"C:\\\\Users\\\\sster\\\\Documents\\\\"}
[debug] prediction round {"turnIndex":4,"round":2,"historyLen":71,"generateTimeoutMs":300000,"pid":32524}
[debug] await generate() {"turnIndex":4,"round":2,"historyLen":71}
[unreal-context-compactor] Proxy active: target=qwen3.6-27b-heretic-uncensored-finetune-neo-code-di-imatrix-max input=67011 context=55040 action=hard_compact
[debug] generate returned {"turnIndex":4,"round":2,"waitedMs":12331,"fragmentChars":651,"toolRequests":1,"failures":0}
[debug] tool call {"turnIndex":4,"name":"list_directory","args":{"path":"Source/Project_MJS/Public/Character","maxEntries":200},"ms":160,"hardError":null,"preview":"{\n  \"path\": {\n    \"resolvedRootType\": \"active_project\",\n    \"projectRelativePath\": \"Source/Project_MJS/Public/Character\",\n    \"workspaceRelativePath\": \"Source/Project_MJS/Public/Character\",\n    \"absolutePath\": \"C:\\\\Users"}
[debug] prediction round {"turnIndex":4,"round":3,"historyLen":73,"generateTimeoutMs":300000,"pid":32524}
[debug] await generate() {"turnIndex":4,"round":3,"historyLen":73}
[unreal-context-compactor] Proxy active: target=qwen3.6-27b-heretic-uncensored-finetune-neo-code-di-imatrix-max input=67638 context=55040 action=hard_compact
[debug] generate returned {"turnIndex":4,"round":3,"waitedMs":14263,"fragmentChars":694,"toolRequests":1,"failures":0}
[debug] tool call {"turnIndex":4,"name":"list_directory","args":{"path":"Source/Project_MJS/Public/Character/Player","maxEntries":200},"ms":158,"hardError":null,"preview":"{\n  \"path\": {\n    \"resolvedRootType\": \"active_project\",\n    \"projectRelativePath\": \"Source/Project_MJS/Public/Character/Player\",\n    \"workspaceRelativePath\": \"Source/Project_MJS/Public/Character/Player\",\n    \"absolutePat"}
[debug] prediction round {"turnIndex":4,"round":4,"historyLen":75,"generateTimeoutMs":300000,"pid":32524}
[debug] await generate() {"turnIndex":4,"round":4,"historyLen":75}
[unreal-context-compactor] Proxy active: target=qwen3.6-27b-heretic-uncensored-finetune-neo-code-di-imatrix-max input=68310 context=55040 action=hard_compact
[debug] generate returned {"turnIndex":4,"round":4,"waitedMs":17134,"fragmentChars":791,"toolRequests":2,"failures":0}
[debug] tool call {"turnIndex":4,"name":"read_file","args":{"path":"Source/Project_MJS/Public/Character/Player/CPlayerCharacter.h","detailLevel":"large"},"ms":249,"hardError":null,"preview":"[path-metadata: {\"resolvedRootType\":\"active_project\",\"projectRelativePath\":\"Source/Project_MJS/Public/Character/Player/CPlayerCharacter.h\",\"workspaceRelativePath\":\"Source/Project_MJS/Public/Character/Player/CPlayerCharac"}
[debug] tool call {"turnIndex":4,"name":"read_file","args":{"path":"Source/Project_MJS/Private/Character/Player/CPlayerCharacter.cpp","detailLevel":"large"},"ms":169,"hardError":null,"preview":"[path-metadata: {\"resolvedRootType\":\"active_project\",\"projectRelativePath\":\"Source/Project_MJS/Private/Character/Player/CPlayerCharacter.cpp\",\"workspaceRelativePath\":\"Source/Project_MJS/Private/Character/Player/CPlayerCh"}
[debug] prediction round {"turnIndex":4,"round":5,"historyLen":77,"generateTimeoutMs":300000,"pid":32524}
[debug] await generate() {"turnIndex":4,"round":5,"historyLen":77}
[unreal-context-compactor] Proxy active: target=qwen3.6-27b-heretic-uncensored-finetune-neo-code-di-imatrix-max input=71611 context=55040 action=hard_compact
[debug] generate returned {"turnIndex":4,"round":5,"waitedMs":19650,"fragmentChars":574,"toolRequests":2,"failures":0}
[debug] tool call {"turnIndex":4,"name":"read_file","args":{"path":"Source/Project_MJS/Public/Character/Player/CPlayerController.h","detailLevel":"large"},"ms":160,"hardError":null,"preview":"[path-metadata: {\"resolvedRootType\":\"active_project\",\"projectRelativePath\":\"Source/Project_MJS/Public/Character/Player/CPlayerController.h\",\"workspaceRelativePath\":\"Source/Project_MJS/Public/Character/Player/CPlayerContr"}
[debug] tool call {"turnIndex":4,"name":"read_file","args":{"path":"Source/Project_MJS/Private/Character/Player/CPlayerController.cpp","detailLevel":"large"},"ms":237,"hardError":null,"preview":"[path-metadata: {\"resolvedRootType\":\"active_project\",\"projectRelativePath\":\"Source/Project_MJS/Private/Character/Player/CPlayerController.cpp\",\"workspaceRelativePath\":\"Source/Project_MJS/Private/Character/Player/CPlayerC"}
[debug] prediction round {"turnIndex":4,"round":6,"historyLen":79,"generateTimeoutMs":300000,"pid":32524}
[debug] await generate() {"turnIndex":4,"round":6,"historyLen":79}
[unreal-context-compactor] Proxy active: target=qwen3.6-27b-heretic-uncensored-finetune-neo-code-di-imatrix-max input=78152 context=55040 action=hard_compact
[debug] generate returned {"turnIndex":4,"round":6,"waitedMs":25064,"fragmentChars":419,"toolRequests":1,"failures":0}
[debug] tool call {"turnIndex":4,"name":"list_directory","args":{"path":"Source/Project_MJS/Public/Character/Player/Component","maxEntries":200},"ms":238,"hardError":null,"preview":"{\n  \"path\": {\n    \"resolvedRootType\": \"active_project\",\n    \"projectRelativePath\": \"Source/Project_MJS/Public/Character/Player/Component\",\n    \"workspaceRelativePath\": \"Source/Project_MJS/Public/Character/Player/Componen"}
[debug] prediction round {"turnIndex":4,"round":7,"historyLen":81,"generateTimeoutMs":300000,"pid":32524}
[debug] await generate() {"turnIndex":4,"round":7,"historyLen":81}
[unreal-context-compactor] Proxy active: target=qwen3.6-27b-heretic-uncensored-finetune-neo-code-di-imatrix-max input=78846 context=55040 action=hard_compact
[debug] generate returned {"turnIndex":4,"round":7,"waitedMs":27940,"fragmentChars":465,"toolRequests":2,"failures":0}
[debug] tool call {"turnIndex":4,"name":"read_file","args":{"path":"Source/Project_MJS/Public/Character/Player/Component/AttackComponent.h","detailLevel":"large"},"ms":240,"hardError":null,"preview":"[path-metadata: {\"resolvedRootType\":\"active_project\",\"projectRelativePath\":\"Source/Project_MJS/Public/Character/Player/Component/AttackComponent.h\",\"workspaceRelativePath\":\"Source/Project_MJS/Public/Character/Player/Comp"}
[debug] tool call {"turnIndex":4,"name":"read_file","args":{"path":"Source/Project_MJS/Private/Character/Player/Component/AttackComponent.cpp","detailLevel":"large"},"ms":160,"hardError":null,"preview":"[path-metadata: {\"resolvedRootType\":\"active_project\",\"projectRelativePath\":\"Source/Project_MJS/Private/Character/Player/Component/AttackComponent.cpp\",\"workspaceRelativePath\":\"Source/Project_MJS/Private/Character/Player/"}
[debug] prediction round {"turnIndex":4,"round":8,"historyLen":83,"generateTimeoutMs":300000,"pid":32524}
[debug] await generate() {"turnIndex":4,"round":8,"historyLen":83}
[unreal-context-compactor] Proxy active: target=qwen3.6-27b-heretic-uncensored-finetune-neo-code-di-imatrix-max input=83312 context=55040 action=hard_compact
[debug] still awaiting generate() {"turnIndex":4,"round":8,"heartbeatN":1,"waitedMs":30016}
[debug] generate returned {"turnIndex":4,"round":8,"waitedMs":31336,"fragmentChars":595,"toolRequests":2,"failures":0}
[debug] tool call {"turnIndex":4,"name":"read_file","args":{"path":"Source/Project_MJS/Public/Character/Player/Component/DodgeComponent.h","detailLevel":"large"},"ms":243,"hardError":null,"preview":"[path-metadata: {\"resolvedRootType\":\"active_project\",\"projectRelativePath\":\"Source/Project_MJS/Public/Character/Player/Component/DodgeComponent.h\",\"workspaceRelativePath\":\"Source/Project_MJS/Public/Character/Player/Compo"}
[debug] tool call {"turnIndex":4,"name":"read_file","args":{"path":"Source/Project_MJS/Private/Character/Player/Component/DodgeComponent.cpp","detailLevel":"large"},"ms":180,"hardError":null,"preview":"[path-metadata: {\"resolvedRootType\":\"active_project\",\"projectRelativePath\":\"Source/Project_MJS/Private/Character/Player/Component/DodgeComponent.cpp\",\"workspaceRelativePath\":\"Source/Project_MJS/Private/Character/Player/C"}
[debug] prediction round {"turnIndex":4,"round":9,"historyLen":85,"generateTimeoutMs":300000,"pid":32524}
[debug] await generate() {"turnIndex":4,"round":9,"historyLen":85}
[unreal-context-compactor] Proxy active: target=qwen3.6-27b-heretic-uncensored-finetune-neo-code-di-imatrix-max input=87316 context=55040 action=hard_compact
[debug] still awaiting generate() {"turnIndex":4,"round":9,"heartbeatN":1,"waitedMs":30004}
[debug] generate returned {"turnIndex":4,"round":9,"waitedMs":30476,"fragmentChars":413,"toolRequests":2,"failures":0}
[debug] tool call {"turnIndex":4,"name":"read_file","args":{"path":"Source/Project_MJS/Public/Character/Player/Component/TargetingComponent.h","detailLevel":"large"},"ms":232,"hardError":null,"preview":"[path-metadata: {\"resolvedRootType\":\"active_project\",\"projectRelativePath\":\"Source/Project_MJS/Public/Character/Player/Component/TargetingComponent.h\",\"workspaceRelativePath\":\"Source/Project_MJS/Public/Character/Player/C"}
[debug] tool call {"turnIndex":4,"name":"read_file","args":{"path":"Source/Project_MJS/Private/Character/Player/Component/TargetingComponent.cpp","detailLevel":"large"},"ms":154,"hardError":null,"preview":"[path-metadata: {\"resolvedRootType\":\"active_project\",\"projectRelativePath\":\"Source/Project_MJS/Private/Character/Player/Component/TargetingComponent.cpp\",\"workspaceRelativePath\":\"Source/Project_MJS/Private/Character/Play"}
[debug] prediction round {"turnIndex":4,"round":10,"historyLen":87,"generateTimeoutMs":300000,"pid":32524}
[debug] await generate() {"turnIndex":4,"round":10,"historyLen":87}
[unreal-context-compactor] Proxy active: target=qwen3.6-27b-heretic-uncensored-finetune-neo-code-di-imatrix-max input=94840 context=55040 action=hard_compact
[debug] generate returned {"turnIndex":4,"round":10,"waitedMs":29905,"fragmentChars":814,"toolRequests":2,"failures":0}
[debug] tool call {"turnIndex":4,"name":"read_file","args":{"path":"Source/Project_MJS/Public/Character/Player/Component/SkillComponent.h","detailLevel":"large"},"ms":229,"hardError":null,"preview":"[path-metadata: {\"resolvedRootType\":\"active_project\",\"projectRelativePath\":\"Source/Project_MJS/Public/Character/Player/Component/SkillComponent.h\",\"workspaceRelativePath\":\"Source/Project_MJS/Public/Character/Player/Compo"}
[debug] tool call {"turnIndex":4,"name":"read_file","args":{"path":"Source/Project_MJS/Private/Character/Player/Component/SkillComponent.cpp","detailLevel":"large"},"ms":153,"hardError":null,"preview":"[path-metadata: {\"resolvedRootType\":\"active_project\",\"projectRelativePath\":\"Source/Project_MJS/Private/Character/Player/Component/SkillComponent.cpp\",\"workspaceRelativePath\":\"Source/Project_MJS/Private/Character/Player/C"}
[debug] prediction round {"turnIndex":4,"round":11,"historyLen":89,"generateTimeoutMs":300000,"pid":32524}
[debug] await generate() {"turnIndex":4,"round":11,"historyLen":89}
[unreal-context-compactor] Proxy active: target=qwen3.6-27b-heretic-uncensored-finetune-neo-code-di-imatrix-max input=98497 context=55040 action=hard_compact
[debug] generate returned {"turnIndex":4,"round":11,"waitedMs":28549,"fragmentChars":915,"toolRequests":2,"failures":0}
[debug] tool call {"turnIndex":4,"name":"read_file","args":{"path":"Source/Project_MJS/Public/Movement/CPlayerMovementComponent.h","detailLevel":"large"},"ms":156,"hardError":null,"preview":"{\n  \"summary\": \"ERROR — not found: Source/Project_MJS/Public/Movement/CPlayerMovementComponent.h\",\n  \"ok\": false,\n  \"error\": \"not found: Source/Project_MJS/Public/Movement/CPlayerMovementComponent.h\",\n  \"phase\": \"failed\""}
[debug] tool call {"turnIndex":4,"name":"read_file","args":{"path":"Source/Project_MJS/Private/Movement/CPlayerMovementComponent.cpp","detailLevel":"large"},"ms":152,"hardError":null,"preview":"{\n  \"summary\": \"ERROR — not found: Source/Project_MJS/Private/Movement/CPlayerMovementComponent.cpp\",\n  \"ok\": false,\n  \"error\": \"not found: Source/Project_MJS/Private/Movement/CPlayerMovementComponent.cpp\",\n  \"phase\": \"f"}
[debug] prediction round {"turnIndex":4,"round":12,"historyLen":91,"generateTimeoutMs":300000,"pid":32524}
[debug] await generate() {"turnIndex":4,"round":12,"historyLen":91}
[unreal-context-compactor] Proxy active: target=qwen3.6-27b-heretic-uncensored-finetune-neo-code-di-imatrix-max input=99184 context=55040 action=hard_compact
[debug] generate returned {"turnIndex":4,"round":12,"waitedMs":24734,"fragmentChars":413,"toolRequests":1,"failures":0}
[debug] tool call {"turnIndex":4,"name":"search_files","args":{"query":"CPlayerMovementComponent.h","path":"project://Source","matchFileNames":true},"ms":263,"hardError":null,"preview":"{\n  \"path\": {\n    \"resolvedRootType\": \"active_project\",\n    \"projectRelativePath\": \"Source\",\n    \"workspaceRelativePath\": \"Source\",\n    \"absolutePath\": \"C:\\\\Users\\\\sster\\\\Documents\\\\Git\\\\Project_MJS\\\\Source\",\n    \"active"}
[debug] turn completed {"turnIndex":4,"ms":273003,"chars":413,"tools":["get_active_project","list_directory","list_directory","list_directory","read_file","read_file","read_file","read_file","list_directory","read_file","read_file","read_file","read_file","read_file","read_file","read_file","read_file","read_file","read_file","search_files"],"listDirectory":4,"preview":"The PlayerMovementComponent files were not found at the guessed paths. I should search for them using search_files to locate their actual paths, then read them if they exist. After that, I’ll summarize all player-related implementations concretely in Korean with file paths and de"}

===== TURN 5/17 =====
적 캐릭터 관련해서 구현된것들 더 구체적으로 알려줘.
[debug] prediction round {"turnIndex":5,"round":1,"historyLen":94,"generateTimeoutMs":300000,"pid":32524}
[debug] await generate() {"turnIndex":5,"round":1,"historyLen":94}
[unreal-context-compactor] Proxy active: target=qwen3.6-27b-heretic-uncensored-finetune-neo-code-di-imatrix-max input=98098 context=55040 action=hard_compact
[debug] generate returned {"turnIndex":5,"round":1,"waitedMs":10250,"fragmentChars":673,"toolRequests":4,"failures":0}
[debug] tool call {"turnIndex":5,"name":"read_file","args":{"path":"Source/Project_MJS/Public/Character/Enemy/EnemyCharacter.h","detailLevel":"large"},"ms":153,"hardError":null,"preview":"[path-metadata: {\"resolvedRootType\":\"active_project\",\"projectRelativePath\":\"Source/Project_MJS/Public/Character/Enemy/EnemyCharacter.h\",\"workspaceRelativePath\":\"Source/Project_MJS/Public/Character/Enemy/EnemyCharacter.h\""}
[debug] tool call {"turnIndex":5,"name":"read_file","args":{"path":"Source/Project_MJS/Private/Character/Enemy/EnemyCharacter.cpp","detailLevel":"large"},"ms":226,"hardError":null,"preview":"[path-metadata: {\"resolvedRootType\":\"active_project\",\"projectRelativePath\":\"Source/Project_MJS/Private/Character/Enemy/EnemyCharacter.cpp\",\"workspaceRelativePath\":\"Source/Project_MJS/Private/Character/Enemy/EnemyCharacte"}
[debug] tool call {"turnIndex":5,"name":"list_directory","args":{"path":"Source/Project_MJS/Public/Character/Enemy"},"ms":151,"hardError":null,"preview":"{\n  \"path\": {\n    \"resolvedRootType\": \"active_project\",\n    \"projectRelativePath\": \"Source/Project_MJS/Public/Character/Enemy\",\n    \"workspaceRelativePath\": \"Source/Project_MJS/Public/Character/Enemy\",\n    \"absolutePath\""}
[debug] tool call {"turnIndex":5,"name":"list_directory","args":{"path":"Source/Project_MJS/Private/Character/Enemy"},"ms":152,"hardError":null,"preview":"{\n  \"path\": {\n    \"resolvedRootType\": \"active_project\",\n    \"projectRelativePath\": \"Source/Project_MJS/Private/Character/Enemy\",\n    \"workspaceRelativePath\": \"Source/Project_MJS/Private/Character/Enemy\",\n    \"absolutePat"}
[debug] prediction round {"turnIndex":5,"round":2,"historyLen":96,"generateTimeoutMs":300000,"pid":32524}
[debug] await generate() {"turnIndex":5,"round":2,"historyLen":96}
[unreal-context-compactor] Proxy active: target=qwen3.6-27b-heretic-uncensored-finetune-neo-code-di-imatrix-max input=103133 context=55040 action=hard_compact
[debug] generate returned {"turnIndex":5,"round":2,"waitedMs":16111,"fragmentChars":674,"toolRequests":3,"failures":0}
[debug] tool call {"turnIndex":5,"name":"read_file","args":{"path":"Source/Project_MJS/Public/Character/Enemy/EnemyFSMComponent.h","detailLevel":"large"},"ms":152,"hardError":null,"preview":"[path-metadata: {\"resolvedRootType\":\"active_project\",\"projectRelativePath\":\"Source/Project_MJS/Public/Character/Enemy/EnemyFSMComponent.h\",\"workspaceRelativePath\":\"Source/Project_MJS/Public/Character/Enemy/EnemyFSMCompon"}
[debug] tool call {"turnIndex":5,"name":"read_file","args":{"path":"Source/Project_MJS/Private/Character/Enemy/EnemyFSMComponent.cpp","detailLevel":"large"},"ms":151,"hardError":null,"preview":"[path-metadata: {\"resolvedRootType\":\"active_project\",\"projectRelativePath\":\"Source/Project_MJS/Private/Character/Enemy/EnemyFSMComponent.cpp\",\"workspaceRelativePath\":\"Source/Project_MJS/Private/Character/Enemy/EnemyFSMCo"}
[debug] tool call {"turnIndex":5,"name":"read_file","args":{"path":"Source/Project_MJS/Public/Character/Enemy/EnemyActionDataAsset.h","detailLevel":"large"},"ms":151,"hardError":null,"preview":"[path-metadata: {\"resolvedRootType\":\"active_project\",\"projectRelativePath\":\"Source/Project_MJS/Public/Character/Enemy/EnemyActionDataAsset.h\",\"workspaceRelativePath\":\"Source/Project_MJS/Public/Character/Enemy/EnemyAction"}
[debug] prediction round {"turnIndex":5,"round":3,"historyLen":98,"generateTimeoutMs":300000,"pid":32524}
[debug] await generate() {"turnIndex":5,"round":3,"historyLen":98}
[unreal-context-compactor] Proxy active: target=qwen3.6-27b-heretic-uncensored-finetune-neo-code-di-imatrix-max input=108382 context=55040 action=hard_compact
[debug] generate returned {"turnIndex":5,"round":3,"waitedMs":21969,"fragmentChars":359,"toolRequests":4,"failures":0}
[debug] tool call {"turnIndex":5,"name":"read_file","args":{"path":"Source/Project_MJS/Public/Character/Enemy/AnimNotifyState_WeaponHit.h","detailLevel":"large"},"ms":152,"hardError":null,"preview":"[path-metadata: {\"resolvedRootType\":\"active_project\",\"projectRelativePath\":\"Source/Project_MJS/Public/Character/Enemy/AnimNotifyState_WeaponHit.h\",\"workspaceRelativePath\":\"Source/Project_MJS/Public/Character/Enemy/AnimNo"}
[debug] tool call {"turnIndex":5,"name":"read_file","args":{"path":"Source/Project_MJS/Private/Character/Enemy/AnimNotifyState_WeaponHit.cpp","detailLevel":"large"},"ms":154,"hardError":null,"preview":"[path-metadata: {\"resolvedRootType\":\"active_project\",\"projectRelativePath\":\"Source/Project_MJS/Private/Character/Enemy/AnimNotifyState_WeaponHit.cpp\",\"workspaceRelativePath\":\"Source/Project_MJS/Private/Character/Enemy/An"}
[debug] tool call {"turnIndex":5,"name":"read_file","args":{"path":"Source/Project_MJS/Public/Character/Enemy/GroupCombatSubsystem.h","detailLevel":"large"},"ms":232,"hardError":null,"preview":"[path-metadata: {\"resolvedRootType\":\"active_project\",\"projectRelativePath\":\"Source/Project_MJS/Public/Character/Enemy/GroupCombatSubsystem.h\",\"workspaceRelativePath\":\"Source/Project_MJS/Public/Character/Enemy/GroupCombat"}
[debug] tool call {"turnIndex":5,"name":"read_file","args":{"path":"Source/Project_MJS/Private/Character/Enemy/GroupCombatSubsystem.cpp","detailLevel":"large"},"ms":151,"hardError":null,"preview":"[path-metadata: {\"resolvedRootType\":\"active_project\",\"projectRelativePath\":\"Source/Project_MJS/Private/Character/Enemy/GroupCombatSubsystem.cpp\",\"workspaceRelativePath\":\"Source/Project_MJS/Private/Character/Enemy/GroupCo"}
[debug] prediction round {"turnIndex":5,"round":4,"historyLen":100,"generateTimeoutMs":300000,"pid":32524}
[debug] await generate() {"turnIndex":5,"round":4,"historyLen":100}
[unreal-context-compactor] Proxy active: target=qwen3.6-27b-heretic-uncensored-finetune-neo-code-di-imatrix-max input=110126 context=55040 action=hard_compact
[debug] still awaiting generate() {"turnIndex":5,"round":4,"heartbeatN":1,"waitedMs":30002}
[debug] still awaiting generate() {"turnIndex":5,"round":4,"heartbeatN":2,"waitedMs":60005}
[debug] generate returned {"turnIndex":5,"round":4,"waitedMs":83340,"fragmentChars":6693,"toolRequests":0,"failures":0}
[debug] turn completed {"turnIndex":5,"ms":133517,"chars":6693,"tools":["read_file","read_file","list_directory","list_directory","read_file","read_file","read_file","read_file","read_file","read_file","read_file"],"listDirectory":2,"preview":"Now I have a clear picture of the enemy-related implementation. Let me summarize concretely what is implemented for enemies in this project, based on actual code: - AEnemyCharacter: base enemy class with health, poise/super armor, hit reactions, knockback, weapon trace. - UEnemyF"}

===== TURN 6/17 =====
서브시스템들의 대해서 구현된것들 더 구체적으로 알려줘.
[debug] prediction round {"turnIndex":6,"round":1,"historyLen":102,"generateTimeoutMs":300000,"pid":32524}
[debug] await generate() {"turnIndex":6,"round":1,"historyLen":102}
[unreal-context-compactor] Proxy active: target=qwen3.6-27b-heretic-uncensored-finetune-neo-code-di-imatrix-max input=111909 context=55040 action=hard_compact
[debug] generate returned {"turnIndex":6,"round":1,"waitedMs":5923,"fragmentChars":363,"toolRequests":2,"failures":0}
[debug] tool call {"turnIndex":6,"name":"search_files","args":{"query":"Subsystem","path":"Source/Project_MJS/Public","matchFileNames":true},"ms":182,"hardError":null,"preview":"{\n  \"path\": {\n    \"resolvedRootType\": \"active_project\",\n    \"projectRelativePath\": \"Source/Project_MJS/Public\",\n    \"workspaceRelativePath\": \"Source/Project_MJS/Public\",\n    \"absolutePath\": \"C:\\\\Users\\\\sster\\\\Documents\\\\"}
[debug] tool call {"turnIndex":6,"name":"list_directory","args":{"path":"Source/Project_MJS/Public/Cinematic"},"ms":229,"hardError":null,"preview":"{\n  \"path\": {\n    \"resolvedRootType\": \"active_project\",\n    \"projectRelativePath\": \"Source/Project_MJS/Public/Cinematic\",\n    \"workspaceRelativePath\": \"Source/Project_MJS/Public/Cinematic\",\n    \"absolutePath\": \"C:\\\\Users"}
[debug] prediction round {"turnIndex":6,"round":2,"historyLen":104,"generateTimeoutMs":300000,"pid":32524}
[debug] await generate() {"turnIndex":6,"round":2,"historyLen":104}
[unreal-context-compactor] Proxy active: target=qwen3.6-27b-heretic-uncensored-finetune-neo-code-di-imatrix-max input=114896 context=55040 action=hard_compact
[debug] generate returned {"turnIndex":6,"round":2,"waitedMs":22366,"fragmentChars":842,"toolRequests":5,"failures":0}
[debug] tool call {"turnIndex":6,"name":"read_file","args":{"path":"Source/Project_MJS/Public/Cinematic/CinematicDirectorSubsystem.h","detailLevel":"large"},"ms":153,"hardError":null,"preview":"{\n  \"ok\": true,\n  \"cached\": true,\n  \"evidenceStatus\": \"cached\",\n  \"repeatDetected\": true,\n  \"doNotRepeatRead\": true,\n  \"stopCurrentWorkflow\": false,\n  \"errorCode\": \"READ_REPEAT_DETECTED\",\n  \"retryable\": false,\n  \"phase\":"}
[debug] tool call {"turnIndex":6,"name":"read_file","args":{"path":"Source/Project_MJS/Public/Cinematic/CinematicInputLockSubsystem.h","detailLevel":"large"},"ms":150,"hardError":null,"preview":"{\n  \"ok\": true,\n  \"cached\": true,\n  \"evidenceStatus\": \"cached\",\n  \"repeatDetected\": true,\n  \"doNotRepeatRead\": true,\n  \"stopCurrentWorkflow\": false,\n  \"errorCode\": \"READ_REPEAT_DETECTED\",\n  \"retryable\": false,\n  \"phase\":"}
[debug] tool call {"turnIndex":6,"name":"read_file","args":{"path":"Source/Project_MJS/Public/System/Combat/CombatTimeDilationSubsystem.h","detailLevel":"large"},"ms":153,"hardError":null,"preview":"[path-metadata: {\"resolvedRootType\":\"active_project\",\"projectRelativePath\":\"Source/Project_MJS/Public/System/Combat/CombatTimeDilationSubsystem.h\",\"workspaceRelativePath\":\"Source/Project_MJS/Public/System/Combat/CombatTi"}
[debug] tool call {"turnIndex":6,"name":"read_file","args":{"path":"Source/Project_MJS/Public/System/Audio/SoundManagerSubsystem.h","detailLevel":"large"},"ms":151,"hardError":null,"preview":"[path-metadata: {\"resolvedRootType\":\"active_project\",\"projectRelativePath\":\"Source/Project_MJS/Public/System/Audio/SoundManagerSubsystem.h\",\"workspaceRelativePath\":\"Source/Project_MJS/Public/System/Audio/SoundManagerSubs"}
[debug] tool call {"turnIndex":6,"name":"read_file","args":{"path":"Source/Project_MJS/Public/System/Debug/DevConsoleSubsystem.h","detailLevel":"large"},"ms":223,"hardError":null,"preview":"[path-metadata: {\"resolvedRootType\":\"active_project\",\"projectRelativePath\":\"Source/Project_MJS/Public/System/Debug/DevConsoleSubsystem.h\",\"workspaceRelativePath\":\"Source/Project_MJS/Public/System/Debug/DevConsoleSubsyste"}
[debug] prediction round {"turnIndex":6,"round":3,"historyLen":106,"generateTimeoutMs":300000,"pid":32524}
[debug] await generate() {"turnIndex":6,"round":3,"historyLen":106}
[unreal-context-compactor] Proxy active: target=qwen3.6-27b-heretic-uncensored-finetune-neo-code-di-imatrix-max input=120355 context=55040 action=hard_compact
[debug] generate returned {"turnIndex":6,"round":3,"waitedMs":26662,"fragmentChars":475,"toolRequests":5,"failures":0}
[debug] tool call {"turnIndex":6,"name":"read_file","args":{"path":"Source/Project_MJS/Private/Cinematic/CinematicDirectorSubsystem.cpp","detailLevel":"large"},"ms":153,"hardError":null,"preview":"[path-metadata: {\"resolvedRootType\":\"active_project\",\"projectRelativePath\":\"Source/Project_MJS/Private/Cinematic/CinematicDirectorSubsystem.cpp\",\"workspaceRelativePath\":\"Source/Project_MJS/Private/Cinematic/CinematicDire"}
[debug] tool call {"turnIndex":6,"name":"read_file","args":{"path":"Source/Project_MJS/Private/Cinematic/CinematicInputLockSubsystem.cpp","detailLevel":"large"},"ms":150,"hardError":null,"preview":"[path-metadata: {\"resolvedRootType\":\"active_project\",\"projectRelativePath\":\"Source/Project_MJS/Private/Cinematic/CinematicInputLockSubsystem.cpp\",\"workspaceRelativePath\":\"Source/Project_MJS/Private/Cinematic/CinematicInp"}
[debug] tool call {"turnIndex":6,"name":"read_file","args":{"path":"Source/Project_MJS/Private/System/Combat/CombatTimeDilationSubsystem.cpp","detailLevel":"large"},"ms":151,"hardError":null,"preview":"[path-metadata: {\"resolvedRootType\":\"active_project\",\"projectRelativePath\":\"Source/Project_MJS/Private/System/Combat/CombatTimeDilationSubsystem.cpp\",\"workspaceRelativePath\":\"Source/Project_MJS/Private/System/Combat/Comb"}
[debug] tool call {"turnIndex":6,"name":"read_file","args":{"path":"Source/Project_MJS/Private/System/Audio/SoundManagerSubsystem.cpp","detailLevel":"large"},"ms":223,"hardError":null,"preview":"[path-metadata: {\"resolvedRootType\":\"active_project\",\"projectRelativePath\":\"Source/Project_MJS/Private/System/Audio/SoundManagerSubsystem.cpp\",\"workspaceRelativePath\":\"Source/Project_MJS/Private/System/Audio/SoundManager"}
[debug] tool call {"turnIndex":6,"name":"read_file","args":{"path":"Source/Project_MJS/Private/System/Debug/DevConsoleSubsystem.cpp","detailLevel":"large"},"ms":150,"hardError":null,"preview":"[path-metadata: {\"resolvedRootType\":\"active_project\",\"projectRelativePath\":\"Source/Project_MJS/Private/System/Debug/DevConsoleSubsystem.cpp\",\"workspaceRelativePath\":\"Source/Project_MJS/Private/System/Debug/DevConsoleSubs"}
[debug] prediction round {"turnIndex":6,"round":4,"historyLen":108,"generateTimeoutMs":300000,"pid":32524}
[debug] await generate() {"turnIndex":6,"round":4,"historyLen":108}
[unreal-context-compactor] Proxy active: target=qwen3.6-27b-heretic-uncensored-finetune-neo-code-di-imatrix-max input=135687 context=55040 action=hard_compact
[debug] still awaiting generate() {"turnIndex":6,"round":4,"heartbeatN":1,"waitedMs":30013}
[debug] still awaiting generate() {"turnIndex":6,"round":4,"heartbeatN":2,"waitedMs":60024}
[debug] still awaiting generate() {"turnIndex":6,"round":4,"heartbeatN":3,"waitedMs":90028}
[debug] generate returned {"turnIndex":6,"round":4,"waitedMs":110168,"fragmentChars":8573,"toolRequests":0,"failures":0}
[debug] turn completed {"turnIndex":6,"ms":167209,"chars":8573,"tools":["search_files","list_directory","read_file","read_file","read_file","read_file","read_file","read_file","read_file","read_file","read_file","read_file"],"listDirectory":1,"preview":"Now I have the actual implementation details for each subsystem. Let me summarize concretely what’s implemented in each, based strictly on these files (no guessing). I’ll cover: - UCinematicDirectorSubsystem - UCinematicInputLockSubsystem - UCombatTimeDilationSubsystem - USoundMa"}

===== TURN 7/17 =====
카메라 시스템 관련해서 구현된것들 더 구체적으로 알려줘.
[debug] prediction round {"turnIndex":7,"round":1,"historyLen":110,"generateTimeoutMs":300000,"pid":32524}
[debug] await generate() {"turnIndex":7,"round":1,"historyLen":110}
[unreal-context-compactor] Proxy active: target=qwen3.6-27b-heretic-uncensored-finetune-neo-code-di-imatrix-max input=138202 context=55040 action=hard_compact
[debug] generate returned {"turnIndex":7,"round":1,"waitedMs":5983,"fragmentChars":390,"toolRequests":2,"failures":0}
[debug] tool call {"turnIndex":7,"name":"unreal_get_active_project","args":{},"ms":69,"hardError":null,"preview":"{\n  \"activeProject\": \"C:\\\\Users\\\\sster\\\\Documents\\\\Git\\\\Project_MJS\\\\Project_MJS.uproject\",\n  \"activeProjectNames\": [\n    \"Project_MJS\"\n  ],\n  \"sharedConfigPath\": \"C:\\\\Users\\\\sster\\\\.lmstudio\\\\config\\\\unreal-workspace.js"}
[debug] tool call {"turnIndex":7,"name":"search_files","args":{"query":"Camera","path":"Source/Project_MJS","maxResults":150},"ms":165,"hardError":null,"preview":"{\n  \"path\": {\n    \"resolvedRootType\": \"active_project\",\n    \"projectRelativePath\": \"Source/Project_MJS\",\n    \"workspaceRelativePath\": \"Source/Project_MJS\",\n    \"absolutePath\": \"C:\\\\Users\\\\sster\\\\Documents\\\\Git\\\\Project_M"}
[debug] prediction round {"turnIndex":7,"round":2,"historyLen":112,"generateTimeoutMs":300000,"pid":32524}
[debug] await generate() {"turnIndex":7,"round":2,"historyLen":112}
[unreal-context-compactor] Proxy active: target=qwen3.6-27b-heretic-uncensored-finetune-neo-code-di-imatrix-max input=148139 context=55040 action=hard_compact
[debug] generate returned {"turnIndex":7,"round":2,"waitedMs":21106,"fragmentChars":519,"toolRequests":3,"failures":0}
[debug] tool call {"turnIndex":7,"name":"read_file","args":{"path":"Source/Project_MJS/Public/Camera/CameraDirectingComponent.h","detailLevel":"full"},"ms":154,"hardError":null,"preview":"[path-metadata: {\"resolvedRootType\":\"active_project\",\"projectRelativePath\":\"Source/Project_MJS/Public/Camera/CameraDirectingComponent.h\",\"workspaceRelativePath\":\"Source/Project_MJS/Public/Camera/CameraDirectingComponent."}
[debug] tool call {"turnIndex":7,"name":"read_file","args":{"path":"Source/Project_MJS/Public/Camera/CameraMoveComponent.h","detailLevel":"full"},"ms":155,"hardError":null,"preview":"[path-metadata: {\"resolvedRootType\":\"active_project\",\"projectRelativePath\":\"Source/Project_MJS/Public/Camera/CameraMoveComponent.h\",\"workspaceRelativePath\":\"Source/Project_MJS/Public/Camera/CameraMoveComponent.h\",\"absolu"}
[debug] tool call {"turnIndex":7,"name":"read_file","args":{"path":"Source/Project_MJS/Public/Camera/CameraRigActor.h","detailLevel":"full"},"ms":226,"hardError":null,"preview":"[path-metadata: {\"resolvedRootType\":\"active_project\",\"projectRelativePath\":\"Source/Project_MJS/Public/Camera/CameraRigActor.h\",\"workspaceRelativePath\":\"Source/Project_MJS/Public/Camera/CameraRigActor.h\",\"absolutePath\":\"C"}
[debug] prediction round {"turnIndex":7,"round":3,"historyLen":114,"generateTimeoutMs":300000,"pid":32524}
[debug] await generate() {"turnIndex":7,"round":3,"historyLen":114}
[unreal-context-compactor] Proxy active: target=qwen3.6-27b-heretic-uncensored-finetune-neo-code-di-imatrix-max input=151693 context=55040 action=hard_compact
[debug] generate returned {"turnIndex":7,"round":3,"waitedMs":22355,"fragmentChars":273,"toolRequests":2,"failures":0}
[debug] tool call {"turnIndex":7,"name":"read_file","args":{"path":"Source/Project_MJS/Public/Cinematic/CinematicDirectorSubsystem.h","detailLevel":"full"},"ms":152,"hardError":null,"preview":"[path-metadata: {\"resolvedRootType\":\"active_project\",\"projectRelativePath\":\"Source/Project_MJS/Public/Cinematic/CinematicDirectorSubsystem.h\",\"workspaceRelativePath\":\"Source/Project_MJS/Public/Cinematic/CinematicDirector"}
[debug] tool call {"turnIndex":7,"name":"read_file","args":{"path":"Source/Project_MJS/Public/Camera/CameraDirectingComponentFinder.h","detailLevel":"full"},"ms":152,"hardError":null,"preview":"[path-metadata: {\"resolvedRootType\":\"active_project\",\"projectRelativePath\":\"Source/Project_MJS/Public/Camera/CameraDirectingComponentFinder.h\",\"workspaceRelativePath\":\"Source/Project_MJS/Public/Camera/CameraDirectingComp"}
[debug] prediction round {"turnIndex":7,"round":4,"historyLen":116,"generateTimeoutMs":300000,"pid":32524}
[debug] await generate() {"turnIndex":7,"round":4,"historyLen":116}
[unreal-context-compactor] Proxy active: target=qwen3.6-27b-heretic-uncensored-finetune-neo-code-di-imatrix-max input=152800 context=55040 action=hard_compact
[debug] still awaiting generate() {"turnIndex":7,"round":4,"heartbeatN":1,"waitedMs":30016}
[debug] still awaiting generate() {"turnIndex":7,"round":4,"heartbeatN":2,"waitedMs":60018}
[debug] still awaiting generate() {"turnIndex":7,"round":4,"heartbeatN":3,"waitedMs":90024}
[debug] generate returned {"turnIndex":7,"round":4,"waitedMs":94458,"fragmentChars":6933,"toolRequests":0,"failures":0}
[debug] turn completed {"turnIndex":7,"ms":144991,"chars":6933,"tools":["unreal_get_active_project","search_files","read_file","read_file","read_file","read_file","read_file"],"listDirectory":0,"preview":"Now I have a clear picture of the camera system in this project. Let me summarize concretely, based on actual code: Core pieces: - ACameraRigActor: central actor that owns SpringArm + Camera + UCameraMoveComponent + UCameraDirectingComponent. - UCameraMoveComponent: handles follo"}

===== TURN 8/17 =====
UI 관련해서 구현된것들 더 구체적으로 알려줘.
[debug] prediction round {"turnIndex":8,"round":1,"historyLen":118,"generateTimeoutMs":300000,"pid":32524}
[debug] await generate() {"turnIndex":8,"round":1,"historyLen":118}
[unreal-context-compactor] Proxy active: target=qwen3.6-27b-heretic-uncensored-finetune-neo-code-di-imatrix-max input=154855 context=55040 action=hard_compact
[debug] generate returned {"turnIndex":8,"round":1,"waitedMs":9894,"fragmentChars":432,"toolRequests":3,"failures":0}
[debug] tool call {"turnIndex":8,"name":"unreal_get_active_project","args":{},"ms":68,"hardError":null,"preview":"{\n  \"activeProject\": \"C:\\\\Users\\\\sster\\\\Documents\\\\Git\\\\Project_MJS\\\\Project_MJS.uproject\",\n  \"activeProjectNames\": [\n    \"Project_MJS\"\n  ],\n  \"sharedConfigPath\": \"C:\\\\Users\\\\sster\\\\.lmstudio\\\\config\\\\unreal-workspace.js"}
[debug] tool call {"turnIndex":8,"name":"search_files","args":{"query":"UUserWidget|Slate|HUD|UI|WidgetBlueprint|UMG","path":"Source/Project_MJS/Public","regex":true,"maxResults":120},"ms":183,"hardError":null,"preview":"{\n  \"path\": {\n    \"resolvedRootType\": \"active_project\",\n    \"projectRelativePath\": \"Source/Project_MJS/Public\",\n    \"workspaceRelativePath\": \"Source/Project_MJS/Public\",\n    \"absolutePath\": \"C:\\\\Users\\\\sster\\\\Documents\\\\"}
[debug] tool call {"turnIndex":8,"name":"search_files","args":{"query":"CreateWidget|SetHUD|OpenLevel|BindEvent|OnClicked|OnInputStarted","path":"Source/Project_MJS/Private","regex":true,"maxResults":150},"ms":182,"hardError":null,"preview":"{\n  \"path\": {\n    \"resolvedRootType\": \"active_project\",\n    \"projectRelativePath\": \"Source/Project_MJS/Private\",\n    \"workspaceRelativePath\": \"Source/Project_MJS/Private\",\n    \"absolutePath\": \"C:\\\\Users\\\\sster\\\\Documents"}
[debug] prediction round {"turnIndex":8,"round":2,"historyLen":120,"generateTimeoutMs":300000,"pid":32524}
[debug] await generate() {"turnIndex":8,"round":2,"historyLen":120}
[unreal-context-compactor] Proxy active: target=qwen3.6-27b-heretic-uncensored-finetune-neo-code-di-imatrix-max input=163383 context=55040 action=hard_compact
[debug] generate returned {"turnIndex":8,"round":2,"waitedMs":26267,"fragmentChars":460,"toolRequests":5,"failures":0}
[debug] tool call {"turnIndex":8,"name":"read_file","args":{"path":"Source/Project_MJS/Public/UI/GamePlayWidget.h","detailLevel":"full"},"ms":150,"hardError":null,"preview":"[path-metadata: {\"resolvedRootType\":\"active_project\",\"projectRelativePath\":\"Source/Project_MJS/Public/UI/GamePlayWidget.h\",\"workspaceRelativePath\":\"Source/Project_MJS/Public/UI/GamePlayWidget.h\",\"absolutePath\":\"C:\\\\Users"}
[debug] tool call {"turnIndex":8,"name":"read_file","args":{"path":"Source/Project_MJS/Public/UI/MainMenuHUD.h","detailLevel":"full"},"ms":150,"hardError":null,"preview":"[path-metadata: {\"resolvedRootType\":\"active_project\",\"projectRelativePath\":\"Source/Project_MJS/Public/UI/MainMenuHUD.h\",\"workspaceRelativePath\":\"Source/Project_MJS/Public/UI/MainMenuHUD.h\",\"absolutePath\":\"C:\\\\Users\\\\sste"}
[debug] tool call {"turnIndex":8,"name":"read_file","args":{"path":"Source/Project_MJS/Public/UI/MainMenuWidget.h","detailLevel":"full"},"ms":236,"hardError":null,"preview":"[path-metadata: {\"resolvedRootType\":\"active_project\",\"projectRelativePath\":\"Source/Project_MJS/Public/UI/MainMenuWidget.h\",\"workspaceRelativePath\":\"Source/Project_MJS/Public/UI/MainMenuWidget.h\",\"absolutePath\":\"C:\\\\Users"}
[debug] tool call {"turnIndex":8,"name":"read_file","args":{"path":"Source/Project_MJS/Public/UI/PauseMenuWidget.h","detailLevel":"full"},"ms":155,"hardError":null,"preview":"[path-metadata: {\"resolvedRootType\":\"active_project\",\"projectRelativePath\":\"Source/Project_MJS/Public/UI/PauseMenuWidget.h\",\"workspaceRelativePath\":\"Source/Project_MJS/Public/UI/PauseMenuWidget.h\",\"absolutePath\":\"C:\\\\Use"}
[debug] tool call {"turnIndex":8,"name":"read_file","args":{"path":"Source/Project_MJS/Public/UI/TargetingLayerWidget.h","detailLevel":"full"},"ms":149,"hardError":null,"preview":"[path-metadata: {\"resolvedRootType\":\"active_project\",\"projectRelativePath\":\"Source/Project_MJS/Public/UI/TargetingLayerWidget.h\",\"workspaceRelativePath\":\"Source/Project_MJS/Public/UI/TargetingLayerWidget.h\",\"absolutePath"}
[debug] prediction round {"turnIndex":8,"round":3,"historyLen":122,"generateTimeoutMs":300000,"pid":32524}
[debug] await generate() {"turnIndex":8,"round":3,"historyLen":122}
[unreal-context-compactor] Proxy active: target=qwen3.6-27b-heretic-uncensored-finetune-neo-code-di-imatrix-max input=165552 context=55040 action=hard_compact
[debug] generate returned {"turnIndex":8,"round":3,"waitedMs":26062,"fragmentChars":305,"toolRequests":4,"failures":0}
[debug] tool call {"turnIndex":8,"name":"read_file","args":{"path":"Source/Project_MJS/Private/UI/MainMenuHUD.cpp","detailLevel":"full"},"ms":154,"hardError":null,"preview":"[path-metadata: {\"resolvedRootType\":\"active_project\",\"projectRelativePath\":\"Source/Project_MJS/Private/UI/MainMenuHUD.cpp\",\"workspaceRelativePath\":\"Source/Project_MJS/Private/UI/MainMenuHUD.cpp\",\"absolutePath\":\"C:\\\\Users"}
[debug] tool call {"turnIndex":8,"name":"read_file","args":{"path":"Source/Project_MJS/Private/UI/MainMenuWidget.cpp","detailLevel":"full"},"ms":148,"hardError":null,"preview":"[path-metadata: {\"resolvedRootType\":\"active_project\",\"projectRelativePath\":\"Source/Project_MJS/Private/UI/MainMenuWidget.cpp\",\"workspaceRelativePath\":\"Source/Project_MJS/Private/UI/MainMenuWidget.cpp\",\"absolutePath\":\"C:\\"}
[debug] tool call {"turnIndex":8,"name":"read_file","args":{"path":"Source/Project_MJS/Private/UI/PauseMenuWidget.cpp","detailLevel":"full"},"ms":151,"hardError":null,"preview":"[path-metadata: {\"resolvedRootType\":\"active_project\",\"projectRelativePath\":\"Source/Project_MJS/Private/UI/PauseMenuWidget.cpp\",\"workspaceRelativePath\":\"Source/Project_MJS/Private/UI/PauseMenuWidget.cpp\",\"absolutePath\":\"C"}
[debug] tool call {"turnIndex":8,"name":"read_file","args":{"path":"Source/Project_MJS/Private/UI/TargetingLayerWidget.cpp","detailLevel":"large"},"ms":152,"hardError":null,"preview":"[path-metadata: {\"resolvedRootType\":\"active_project\",\"projectRelativePath\":\"Source/Project_MJS/Private/UI/TargetingLayerWidget.cpp\",\"workspaceRelativePath\":\"Source/Project_MJS/Private/UI/TargetingLayerWidget.cpp\",\"absolu"}
[debug] prediction round {"turnIndex":8,"round":4,"historyLen":124,"generateTimeoutMs":300000,"pid":32524}
[debug] await generate() {"turnIndex":8,"round":4,"historyLen":124}
[unreal-context-compactor] Proxy active: target=qwen3.6-27b-heretic-uncensored-finetune-neo-code-di-imatrix-max input=168833 context=55040 action=hard_compact
[debug] generate returned {"turnIndex":8,"round":4,"waitedMs":26995,"fragmentChars":252,"toolRequests":2,"failures":0}
[debug] tool call {"turnIndex":8,"name":"read_file","args":{"path":"Source/Project_MJS/Public/Character/Player/CPlayerHUD.h","detailLevel":"full"},"ms":151,"hardError":null,"preview":"[path-metadata: {\"resolvedRootType\":\"active_project\",\"projectRelativePath\":\"Source/Project_MJS/Public/Character/Player/CPlayerHUD.h\",\"workspaceRelativePath\":\"Source/Project_MJS/Public/Character/Player/CPlayerHUD.h\",\"abso"}
[debug] tool call {"turnIndex":8,"name":"read_file","args":{"path":"Source/Project_MJS/Private/Character/Player/CPlayerHUD.cpp","detailLevel":"large"},"ms":150,"hardError":null,"preview":"[path-metadata: {\"resolvedRootType\":\"active_project\",\"projectRelativePath\":\"Source/Project_MJS/Private/Character/Player/CPlayerHUD.cpp\",\"workspaceRelativePath\":\"Source/Project_MJS/Private/Character/Player/CPlayerHUD.cpp\""}
[debug] prediction round {"turnIndex":8,"round":5,"historyLen":126,"generateTimeoutMs":300000,"pid":32524}
[debug] await generate() {"turnIndex":8,"round":5,"historyLen":126}
[unreal-context-compactor] Proxy active: target=qwen3.6-27b-heretic-uncensored-finetune-neo-code-di-imatrix-max input=170598 context=55040 action=hard_compact
[debug] still awaiting generate() {"turnIndex":8,"round":5,"heartbeatN":1,"waitedMs":30002}
[debug] still awaiting generate() {"turnIndex":8,"round":5,"heartbeatN":2,"waitedMs":60005}
[debug] still awaiting generate() {"turnIndex":8,"round":5,"heartbeatN":3,"waitedMs":90020}
[debug] generate returned {"turnIndex":8,"round":5,"waitedMs":96709,"fragmentChars":7022,"toolRequests":0,"failures":0}
[debug] turn completed {"turnIndex":8,"ms":188140,"chars":7022,"tools":["unreal_get_active_project","search_files","search_files","read_file","read_file","read_file","read_file","read_file","read_file","read_file","read_file","read_file","read_file","read_file"],"listDirectory":0,"preview":"Now I have enough information to give a concrete, structured answer about the UI-related implementations in this project. I'll summarize: - MainMenuHUD / MainMenuWidget (main menu) - CPlayerHUD + GamePlayWidget + TargetingLayerWidget (in-game HUD and targeting markers) - PauseMen"}

===== TURN 9/17 =====
플러그인 쪽을 모두 분석해봐.
[debug] prediction round {"turnIndex":9,"round":1,"historyLen":128,"generateTimeoutMs":300000,"pid":32524}
[debug] await generate() {"turnIndex":9,"round":1,"historyLen":128}
[unreal-context-compactor] Proxy active: target=qwen3.6-27b-heretic-uncensored-finetune-neo-code-di-imatrix-max input=172479 context=55040 action=hard_compact
[debug] generate returned {"turnIndex":9,"round":1,"waitedMs":4472,"fragmentChars":236,"toolRequests":2,"failures":0}
[debug] tool call {"turnIndex":9,"name":"unreal_get_active_project","args":{},"ms":70,"hardError":null,"preview":"{\n  \"activeProject\": \"C:\\\\Users\\\\sster\\\\Documents\\\\Git\\\\Project_MJS\\\\Project_MJS.uproject\",\n  \"activeProjectNames\": [\n    \"Project_MJS\"\n  ],\n  \"sharedConfigPath\": \"C:\\\\Users\\\\sster\\\\.lmstudio\\\\config\\\\unreal-workspace.js"}
[debug] tool call {"turnIndex":9,"name":"list_directory","args":{"path":"Plugins"},"ms":152,"hardError":null,"preview":"{\n  \"path\": {\n    \"resolvedRootType\": \"active_project\",\n    \"projectRelativePath\": \"Plugins\",\n    \"workspaceRelativePath\": \"Plugins\",\n    \"absolutePath\": \"C:\\\\Users\\\\sster\\\\Documents\\\\Git\\\\Project_MJS\\\\Plugins\",\n    \"act"}
[debug] prediction round {"turnIndex":9,"round":2,"historyLen":130,"generateTimeoutMs":300000,"pid":32524}
[debug] await generate() {"turnIndex":9,"round":2,"historyLen":130}
[unreal-context-compactor] Proxy active: target=qwen3.6-27b-heretic-uncensored-finetune-neo-code-di-imatrix-max input=173378 context=55040 action=hard_compact
[debug] generate returned {"turnIndex":9,"round":2,"waitedMs":14421,"fragmentChars":449,"toolRequests":5,"failures":0}
[debug] tool call {"turnIndex":9,"name":"list_directory","args":{"path":"Plugins/FMODStudio"},"ms":227,"hardError":null,"preview":"{\n  \"path\": {\n    \"resolvedRootType\": \"active_project\",\n    \"projectRelativePath\": \"Plugins/FMODStudio\",\n    \"workspaceRelativePath\": \"Plugins/FMODStudio\",\n    \"absolutePath\": \"C:\\\\Users\\\\sster\\\\Documents\\\\Git\\\\Project_M"}
[debug] tool call {"turnIndex":9,"name":"list_directory","args":{"path":"Plugins/FMODStudioNiagara"},"ms":151,"hardError":null,"preview":"{\n  \"path\": {\n    \"resolvedRootType\": \"active_project\",\n    \"projectRelativePath\": \"Plugins/FMODStudioNiagara\",\n    \"workspaceRelativePath\": \"Plugins/FMODStudioNiagara\",\n    \"absolutePath\": \"C:\\\\Users\\\\sster\\\\Documents\\\\"}
[debug] tool call {"turnIndex":9,"name":"list_directory","args":{"path":"Plugins/LmStudioGraphExporter"},"ms":153,"hardError":null,"preview":"{\n  \"path\": {\n    \"resolvedRootType\": \"active_project\",\n    \"projectRelativePath\": \"Plugins/LmStudioGraphExporter\",\n    \"workspaceRelativePath\": \"Plugins/LmStudioGraphExporter\",\n    \"absolutePath\": \"C:\\\\Users\\\\sster\\\\Doc"}
[debug] tool call {"turnIndex":9,"name":"list_directory","args":{"path":"Plugins/TrueSyncEndfieldShading"},"ms":149,"hardError":null,"preview":"{\n  \"path\": {\n    \"resolvedRootType\": \"active_project\",\n    \"projectRelativePath\": \"Plugins/TrueSyncEndfieldShading\",\n    \"workspaceRelativePath\": \"Plugins/TrueSyncEndfieldShading\",\n    \"absolutePath\": \"C:\\\\Users\\\\sster\\"}
[debug] tool call {"turnIndex":9,"name":"list_directory","args":{"path":"Plugins/TrueSyncRuntimeLoading"},"ms":151,"hardError":null,"preview":"{\n  \"path\": {\n    \"resolvedRootType\": \"active_project\",\n    \"projectRelativePath\": \"Plugins/TrueSyncRuntimeLoading\",\n    \"workspaceRelativePath\": \"Plugins/TrueSyncRuntimeLoading\",\n    \"absolutePath\": \"C:\\\\Users\\\\sster\\\\D"}
[debug] prediction round {"turnIndex":9,"round":3,"historyLen":132,"generateTimeoutMs":300000,"pid":32524}
[debug] await generate() {"turnIndex":9,"round":3,"historyLen":132}
[unreal-context-compactor] Proxy active: target=qwen3.6-27b-heretic-uncensored-finetune-neo-code-di-imatrix-max input=176037 context=55040 action=hard_compact
[debug] generate returned {"turnIndex":9,"round":3,"waitedMs":17555,"fragmentChars":286,"toolRequests":5,"failures":0}
[debug] tool call {"turnIndex":9,"name":"read_file","args":{"path":"Plugins/FMODStudio/FMODStudio.uplugin"},"ms":152,"hardError":null,"preview":"[path-metadata: {\"resolvedRootType\":\"active_project\",\"projectRelativePath\":\"Plugins/FMODStudio/FMODStudio.uplugin\",\"workspaceRelativePath\":\"Plugins/FMODStudio/FMODStudio.uplugin\",\"absolutePath\":\"C:\\\\Users\\\\sster\\\\Documen"}
[debug] tool call {"turnIndex":9,"name":"read_file","args":{"path":"Plugins/FMODStudioNiagara/FMODStudioNiagara.uplugin"},"ms":152,"hardError":null,"preview":"[path-metadata: {\"resolvedRootType\":\"active_project\",\"projectRelativePath\":\"Plugins/FMODStudioNiagara/FMODStudioNiagara.uplugin\",\"workspaceRelativePath\":\"Plugins/FMODStudioNiagara/FMODStudioNiagara.uplugin\",\"absolutePath"}
[debug] tool call {"turnIndex":9,"name":"read_file","args":{"path":"Plugins/LmStudioGraphExporter/LmStudioGraphExporter.uplugin"},"ms":152,"hardError":null,"preview":"[path-metadata: {\"resolvedRootType\":\"active_project\",\"projectRelativePath\":\"Plugins/LmStudioGraphExporter/LmStudioGraphExporter.uplugin\",\"workspaceRelativePath\":\"Plugins/LmStudioGraphExporter/LmStudioGraphExporter.uplugi"}
[debug] tool call {"turnIndex":9,"name":"read_file","args":{"path":"Plugins/TrueSyncEndfieldShading/TrueSyncEndfieldShading.uplugin"},"ms":150,"hardError":null,"preview":"[path-metadata: {\"resolvedRootType\":\"active_project\",\"projectRelativePath\":\"Plugins/TrueSyncEndfieldShading/TrueSyncEndfieldShading.uplugin\",\"workspaceRelativePath\":\"Plugins/TrueSyncEndfieldShading/TrueSyncEndfieldShadin"}
[debug] tool call {"turnIndex":9,"name":"read_file","args":{"path":"Plugins/TrueSyncRuntimeLoading/TrueSyncRuntimeLoading.uplugin"},"ms":151,"hardError":null,"preview":"[path-metadata: {\"resolvedRootType\":\"active_project\",\"projectRelativePath\":\"Plugins/TrueSyncRuntimeLoading/TrueSyncRuntimeLoading.uplugin\",\"workspaceRelativePath\":\"Plugins/TrueSyncRuntimeLoading/TrueSyncRuntimeLoading.up"}
[debug] prediction round {"turnIndex":9,"round":4,"historyLen":134,"generateTimeoutMs":300000,"pid":32524}
[debug] await generate() {"turnIndex":9,"round":4,"historyLen":134}
[unreal-context-compactor] Proxy active: target=qwen3.6-27b-heretic-uncensored-finetune-neo-code-di-imatrix-max input=177905 context=55040 action=hard_compact
[debug] generate returned {"turnIndex":9,"round":4,"waitedMs":18826,"fragmentChars":282,"toolRequests":5,"failures":0}
[debug] tool call {"turnIndex":9,"name":"list_directory","args":{"path":"Plugins/FMODStudio/Source"},"ms":152,"hardError":null,"preview":"{\n  \"path\": {\n    \"resolvedRootType\": \"active_project\",\n    \"projectRelativePath\": \"Plugins/FMODStudio/Source\",\n    \"workspaceRelativePath\": \"Plugins/FMODStudio/Source\",\n    \"absolutePath\": \"C:\\\\Users\\\\sster\\\\Documents\\\\"}
[debug] tool call {"turnIndex":9,"name":"list_directory","args":{"path":"Plugins/FMODStudioNiagara/Source"},"ms":151,"hardError":null,"preview":"{\n  \"path\": {\n    \"resolvedRootType\": \"active_project\",\n    \"projectRelativePath\": \"Plugins/FMODStudioNiagara/Source\",\n    \"workspaceRelativePath\": \"Plugins/FMODStudioNiagara/Source\",\n    \"absolutePath\": \"C:\\\\Users\\\\sste"}
[debug] tool call {"turnIndex":9,"name":"list_directory","args":{"path":"Plugins/LmStudioGraphExporter/Source"},"ms":153,"hardError":null,"preview":"{\n  \"path\": {\n    \"resolvedRootType\": \"active_project\",\n    \"projectRelativePath\": \"Plugins/LmStudioGraphExporter/Source\",\n    \"workspaceRelativePath\": \"Plugins/LmStudioGraphExporter/Source\",\n    \"absolutePath\": \"C:\\\\Use"}
[debug] tool call {"turnIndex":9,"name":"list_directory","args":{"path":"Plugins/TrueSyncEndfieldShading/Source"},"ms":225,"hardError":null,"preview":"{\n  \"path\": {\n    \"resolvedRootType\": \"active_project\",\n    \"projectRelativePath\": \"Plugins/TrueSyncEndfieldShading/Source\",\n    \"workspaceRelativePath\": \"Plugins/TrueSyncEndfieldShading/Source\",\n    \"absolutePath\": \"C:\\"}
[debug] tool call {"turnIndex":9,"name":"list_directory","args":{"path":"Plugins/TrueSyncRuntimeLoading/Source"},"ms":151,"hardError":null,"preview":"{\n  \"path\": {\n    \"resolvedRootType\": \"active_project\",\n    \"projectRelativePath\": \"Plugins/TrueSyncRuntimeLoading/Source\",\n    \"workspaceRelativePath\": \"Plugins/TrueSyncRuntimeLoading/Source\",\n    \"absolutePath\": \"C:\\\\U"}
[debug] prediction round {"turnIndex":9,"round":5,"historyLen":136,"generateTimeoutMs":300000,"pid":32524}
[debug] await generate() {"turnIndex":9,"round":5,"historyLen":136}
[unreal-context-compactor] Proxy active: target=qwen3.6-27b-heretic-uncensored-finetune-neo-code-di-imatrix-max input=179381 context=55040 action=hard_compact
[debug] generate returned {"turnIndex":9,"round":5,"waitedMs":21315,"fragmentChars":278,"toolRequests":5,"failures":0}
[debug] tool call {"turnIndex":9,"name":"list_directory","args":{"path":"Plugins/FMODStudio/Source/FMODStudio"},"ms":153,"hardError":null,"preview":"{\n  \"path\": {\n    \"resolvedRootType\": \"active_project\",\n    \"projectRelativePath\": \"Plugins/FMODStudio/Source/FMODStudio\",\n    \"workspaceRelativePath\": \"Plugins/FMODStudio/Source/FMODStudio\",\n    \"absolutePath\": \"C:\\\\Use"}
[debug] tool call {"turnIndex":9,"name":"list_directory","args":{"path":"Plugins/FMODStudioNiagara/Source/FMODStudioNiagara"},"ms":156,"hardError":null,"preview":"{\n  \"path\": {\n    \"resolvedRootType\": \"active_project\",\n    \"projectRelativePath\": \"Plugins/FMODStudioNiagara/Source/FMODStudioNiagara\",\n    \"workspaceRelativePath\": \"Plugins/FMODStudioNiagara/Source/FMODStudioNiagara\",\n"}
[debug] tool call {"turnIndex":9,"name":"list_directory","args":{"path":"Plugins/LmStudioGraphExporter/Source/LmStudioGraphExporter"},"ms":151,"hardError":null,"preview":"{\n  \"path\": {\n    \"resolvedRootType\": \"active_project\",\n    \"projectRelativePath\": \"Plugins/LmStudioGraphExporter/Source/LmStudioGraphExporter\",\n    \"workspaceRelativePath\": \"Plugins/LmStudioGraphExporter/Source/LmStudio"}
[debug] tool call {"turnIndex":9,"name":"list_directory","args":{"path":"Plugins/TrueSyncEndfieldShading/Source/TrueSyncEndfieldShading"},"ms":150,"hardError":null,"preview":"{\n  \"path\": {\n    \"resolvedRootType\": \"active_project\",\n    \"projectRelativePath\": \"Plugins/TrueSyncEndfieldShading/Source/TrueSyncEndfieldShading\",\n    \"workspaceRelativePath\": \"Plugins/TrueSyncEndfieldShading/Source/Tr"}
[debug] tool call {"turnIndex":9,"name":"list_directory","args":{"path":"Plugins/TrueSyncRuntimeLoading/Source/TrueSyncRuntimeLoading"},"ms":226,"hardError":null,"preview":"{\n  \"path\": {\n    \"resolvedRootType\": \"active_project\",\n    \"projectRelativePath\": \"Plugins/TrueSyncRuntimeLoading/Source/TrueSyncRuntimeLoading\",\n    \"workspaceRelativePath\": \"Plugins/TrueSyncRuntimeLoading/Source/TrueS"}
[debug] prediction round {"turnIndex":9,"round":6,"historyLen":138,"generateTimeoutMs":300000,"pid":32524}
[debug] await generate() {"turnIndex":9,"round":6,"historyLen":138}
[unreal-context-compactor] Proxy active: target=qwen3.6-27b-heretic-uncensored-finetune-neo-code-di-imatrix-max input=181621 context=55040 action=hard_compact
[debug] generate returned {"turnIndex":9,"round":6,"waitedMs":23780,"fragmentChars":403,"toolRequests":3,"failures":0}
[debug] tool call {"turnIndex":9,"name":"read_file","args":{"path":"Plugins/LmStudioGraphExporter/Source/LmStudioGraphExporter/LmStudioGraphExporter.Build.cs"},"ms":152,"hardError":null,"preview":"[path-metadata: {\"resolvedRootType\":\"active_project\",\"projectRelativePath\":\"Plugins/LmStudioGraphExporter/Source/LmStudioGraphExporter/LmStudioGraphExporter.Build.cs\",\"workspaceRelativePath\":\"Plugins/LmStudioGraphExporte"}
[debug] tool call {"turnIndex":9,"name":"read_file","args":{"path":"Plugins/TrueSyncEndfieldShading/Source/TrueSyncEndfieldShading/TrueSyncEndfieldShading.Build.cs"},"ms":223,"hardError":null,"preview":"[path-metadata: {\"resolvedRootType\":\"active_project\",\"projectRelativePath\":\"Plugins/TrueSyncEndfieldShading/Source/TrueSyncEndfieldShading/TrueSyncEndfieldShading.Build.cs\",\"workspaceRelativePath\":\"Plugins/TrueSyncEndfie"}
[debug] tool call {"turnIndex":9,"name":"read_file","args":{"path":"Plugins/TrueSyncRuntimeLoading/Source/TrueSyncRuntimeLoading/TrueSyncRuntimeLoading.Build.cs"},"ms":155,"hardError":null,"preview":"[path-metadata: {\"resolvedRootType\":\"active_project\",\"projectRelativePath\":\"Plugins/TrueSyncRuntimeLoading/Source/TrueSyncRuntimeLoading/TrueSyncRuntimeLoading.Build.cs\",\"workspaceRelativePath\":\"Plugins/TrueSyncRuntimeLo"}
[debug] prediction round {"turnIndex":9,"round":7,"historyLen":140,"generateTimeoutMs":300000,"pid":32524}
[debug] await generate() {"turnIndex":9,"round":7,"historyLen":140}
[unreal-context-compactor] Proxy active: target=qwen3.6-27b-heretic-uncensored-finetune-neo-code-di-imatrix-max input=182753 context=55040 action=hard_compact
[debug] generate returned {"turnIndex":9,"round":7,"waitedMs":26975,"fragmentChars":235,"toolRequests":6,"failures":0}
[debug] tool call {"turnIndex":9,"name":"list_directory","args":{"path":"Plugins/LmStudioGraphExporter/Source/LmStudioGraphExporter/Public"},"ms":227,"hardError":null,"preview":"{\n  \"path\": {\n    \"resolvedRootType\": \"active_project\",\n    \"projectRelativePath\": \"Plugins/LmStudioGraphExporter/Source/LmStudioGraphExporter/Public\",\n    \"workspaceRelativePath\": \"Plugins/LmStudioGraphExporter/Source/L"}
[debug] tool call {"turnIndex":9,"name":"list_directory","args":{"path":"Plugins/LmStudioGraphExporter/Source/LmStudioGraphExporter/Private"},"ms":151,"hardError":null,"preview":"{\n  \"path\": {\n    \"resolvedRootType\": \"active_project\",\n    \"projectRelativePath\": \"Plugins/LmStudioGraphExporter/Source/LmStudioGraphExporter/Private\",\n    \"workspaceRelativePath\": \"Plugins/LmStudioGraphExporter/Source/"}
[debug] tool call {"turnIndex":9,"name":"list_directory","args":{"path":"Plugins/TrueSyncEndfieldShading/Source/TrueSyncEndfieldShading/Public"},"ms":152,"hardError":null,"preview":"{\n  \"path\": {\n    \"resolvedRootType\": \"active_project\",\n    \"projectRelativePath\": \"Plugins/TrueSyncEndfieldShading/Source/TrueSyncEndfieldShading/Public\",\n    \"workspaceRelativePath\": \"Plugins/TrueSyncEndfieldShading/So"}
[debug] tool call {"turnIndex":9,"name":"list_directory","args":{"path":"Plugins/TrueSyncEndfieldShading/Source/TrueSyncEndfieldShading/Private"},"ms":152,"hardError":null,"preview":"{\n  \"path\": {\n    \"resolvedRootType\": \"active_project\",\n    \"projectRelativePath\": \"Plugins/TrueSyncEndfieldShading/Source/TrueSyncEndfieldShading/Private\",\n    \"workspaceRelativePath\": \"Plugins/TrueSyncEndfieldShading/S"}
[debug] tool call {"turnIndex":9,"name":"list_directory","args":{"path":"Plugins/TrueSyncRuntimeLoading/Source/TrueSyncRuntimeLoading/Public"},"ms":150,"hardError":null,"preview":"{\n  \"path\": {\n    \"resolvedRootType\": \"active_project\",\n    \"projectRelativePath\": \"Plugins/TrueSyncRuntimeLoading/Source/TrueSyncRuntimeLoading/Public\",\n    \"workspaceRelativePath\": \"Plugins/TrueSyncRuntimeLoading/Sourc"}
[debug] tool call {"turnIndex":9,"name":"list_directory","args":{"path":"Plugins/TrueSyncRuntimeLoading/Source/TrueSyncRuntimeLoading/Private"},"ms":151,"hardError":null,"preview":"{\n  \"path\": {\n    \"resolvedRootType\": \"active_project\",\n    \"projectRelativePath\": \"Plugins/TrueSyncRuntimeLoading/Source/TrueSyncRuntimeLoading/Private\",\n    \"workspaceRelativePath\": \"Plugins/TrueSyncRuntimeLoading/Sour"}
[debug] prediction round {"turnIndex":9,"round":8,"historyLen":142,"generateTimeoutMs":300000,"pid":32524}
[debug] await generate() {"turnIndex":9,"round":8,"historyLen":142}
[unreal-context-compactor] Proxy active: target=qwen3.6-27b-heretic-uncensored-finetune-neo-code-di-imatrix-max input=185505 context=55040 action=hard_compact
[debug] generate returned {"turnIndex":9,"round":8,"waitedMs":26701,"fragmentChars":311,"toolRequests":2,"failures":0}
[debug] tool call {"turnIndex":9,"name":"read_file","args":{"path":"Plugins/LmStudioGraphExporter/Source/LmStudioGraphExporter/Public/LmStudioGraphExporterLibrary.h"},"ms":151,"hardError":null,"preview":"[path-metadata: {\"resolvedRootType\":\"active_project\",\"projectRelativePath\":\"Plugins/LmStudioGraphExporter/Source/LmStudioGraphExporter/Public/LmStudioGraphExporterLibrary.h\",\"workspaceRelativePath\":\"Plugins/LmStudioGraph"}
[debug] tool call {"turnIndex":9,"name":"read_file","args":{"path":"Plugins/LmStudioGraphExporter/Source/LmStudioGraphExporter/Private/LmStudioGraphExporterModule.cpp"},"ms":152,"hardError":null,"preview":"[path-metadata: {\"resolvedRootType\":\"active_project\",\"projectRelativePath\":\"Plugins/LmStudioGraphExporter/Source/LmStudioGraphExporter/Private/LmStudioGraphExporterModule.cpp\",\"workspaceRelativePath\":\"Plugins/LmStudioGra"}
[debug] prediction round {"turnIndex":9,"round":9,"historyLen":144,"generateTimeoutMs":300000,"pid":32524}
[debug] await generate() {"turnIndex":9,"round":9,"historyLen":144}
[unreal-context-compactor] Proxy active: target=qwen3.6-27b-heretic-uncensored-finetune-neo-code-di-imatrix-max input=186131 context=55040 action=hard_compact
[debug] generate returned {"turnIndex":9,"round":9,"waitedMs":27019,"fragmentChars":181,"toolRequests":2,"failures":0}
[debug] tool call {"turnIndex":9,"name":"read_file","args":{"path":"Plugins/TrueSyncEndfieldShading/Source/TrueSyncEndfieldShading/Public/TrueSyncEndfieldShadingModule.h"},"ms":154,"hardError":null,"preview":"[path-metadata: {\"resolvedRootType\":\"active_project\",\"projectRelativePath\":\"Plugins/TrueSyncEndfieldShading/Source/TrueSyncEndfieldShading/Public/TrueSyncEndfieldShadingModule.h\",\"workspaceRelativePath\":\"Plugins/TrueSync"}
[debug] tool call {"turnIndex":9,"name":"read_file","args":{"path":"Plugins/TrueSyncEndfieldShading/Source/TrueSyncEndfieldShading/Private/TrueSyncEndfieldShadingModule.cpp"},"ms":154,"hardError":null,"preview":"[path-metadata: {\"resolvedRootType\":\"active_project\",\"projectRelativePath\":\"Plugins/TrueSyncEndfieldShading/Source/TrueSyncEndfieldShading/Private/TrueSyncEndfieldShadingModule.cpp\",\"workspaceRelativePath\":\"Plugins/TrueS"}
[debug] prediction round {"turnIndex":9,"round":10,"historyLen":146,"generateTimeoutMs":300000,"pid":32524}
[debug] await generate() {"turnIndex":9,"round":10,"historyLen":146}
[unreal-context-compactor] Proxy active: target=qwen3.6-27b-heretic-uncensored-finetune-neo-code-di-imatrix-max input=187303 context=55040 action=hard_compact
[debug] generate returned {"turnIndex":9,"round":10,"waitedMs":26705,"fragmentChars":173,"toolRequests":2,"failures":0}
[debug] tool call {"turnIndex":9,"name":"read_file","args":{"path":"Plugins/TrueSyncEndfieldShading/Source/TrueSyncEndfieldShading/Public/TrueSyncEndfieldShadingSceneViewExtension.h"},"ms":153,"hardError":null,"preview":"[path-metadata: {\"resolvedRootType\":\"active_project\",\"projectRelativePath\":\"Plugins/TrueSyncEndfieldShading/Source/TrueSyncEndfieldShading/Public/TrueSyncEndfieldShadingSceneViewExtension.h\",\"workspaceRelativePath\":\"Plug"}
[debug] tool call {"turnIndex":9,"name":"read_file","args":{"path":"Plugins/TrueSyncEndfieldShading/Source/TrueSyncEndfieldShading/Private/TrueSyncEndfieldShadingShaders.h"},"ms":154,"hardError":null,"preview":"[path-metadata: {\"resolvedRootType\":\"active_project\",\"projectRelativePath\":\"Plugins/TrueSyncEndfieldShading/Source/TrueSyncEndfieldShading/Private/TrueSyncEndfieldShadingShaders.h\",\"workspaceRelativePath\":\"Plugins/TrueSy"}
[debug] prediction round {"turnIndex":9,"round":11,"historyLen":148,"generateTimeoutMs":300000,"pid":32524}
[debug] await generate() {"turnIndex":9,"round":11,"historyLen":148}
[unreal-context-compactor] Proxy active: target=qwen3.6-27b-heretic-uncensored-finetune-neo-code-di-imatrix-max input=189609 context=55040 action=hard_compact
[debug] generate returned {"turnIndex":9,"round":11,"waitedMs":26594,"fragmentChars":194,"toolRequests":2,"failures":0}
[debug] tool call {"turnIndex":9,"name":"read_file","args":{"path":"Plugins/TrueSyncEndfieldShading/Source/TrueSyncEndfieldShading/Public/TrueSyncEndfieldShadingWorldSubsystem.h"},"ms":226,"hardError":null,"preview":"[path-metadata: {\"resolvedRootType\":\"active_project\",\"projectRelativePath\":\"Plugins/TrueSyncEndfieldShading/Source/TrueSyncEndfieldShading/Public/TrueSyncEndfieldShadingWorldSubsystem.h\",\"workspaceRelativePath\":\"Plugins/"}
[debug] tool call {"turnIndex":9,"name":"read_file","args":{"path":"Plugins/TrueSyncEndfieldShading/Source/TrueSyncEndfieldShading/Private/TrueSyncEndfieldShadingWorldSubsystem.cpp"},"ms":153,"hardError":null,"preview":"[path-metadata: {\"resolvedRootType\":\"active_project\",\"projectRelativePath\":\"Plugins/TrueSyncEndfieldShading/Source/TrueSyncEndfieldShading/Private/TrueSyncEndfieldShadingWorldSubsystem.cpp\",\"workspaceRelativePath\":\"Plugi"}
[debug] prediction round {"turnIndex":9,"round":12,"historyLen":150,"generateTimeoutMs":300000,"pid":32524}
[debug] await generate() {"turnIndex":9,"round":12,"historyLen":150}
[unreal-context-compactor] Proxy active: target=qwen3.6-27b-heretic-uncensored-finetune-neo-code-di-imatrix-max input=191084 context=55040 action=hard_compact
[debug] generate returned {"turnIndex":9,"round":12,"waitedMs":28153,"fragmentChars":140,"toolRequests":2,"failures":0}
[debug] tool call {"turnIndex":9,"name":"read_file","args":{"path":"Plugins/TrueSyncEndfieldShading/Source/TrueSyncEndfieldShading/Public/TrueSyncEndfieldInteriorVolume.h"},"ms":153,"hardError":null,"preview":"[path-metadata: {\"resolvedRootType\":\"active_project\",\"projectRelativePath\":\"Plugins/TrueSyncEndfieldShading/Source/TrueSyncEndfieldShading/Public/TrueSyncEndfieldInteriorVolume.h\",\"workspaceRelativePath\":\"Plugins/TrueSyn"}
[debug] tool call {"turnIndex":9,"name":"read_file","args":{"path":"Plugins/TrueSyncEndfieldShading/Source/TrueSyncEndfieldShading/Public/TrueSyncEndfieldShadingProfile.h"},"ms":150,"hardError":null,"preview":"[path-metadata: {\"resolvedRootType\":\"active_project\",\"projectRelativePath\":\"Plugins/TrueSyncEndfieldShading/Source/TrueSyncEndfieldShading/Public/TrueSyncEndfieldShadingProfile.h\",\"workspaceRelativePath\":\"Plugins/TrueSyn"}
[debug] turn completed {"turnIndex":9,"ms":269190,"chars":140,"tools":["unreal_get_active_project","list_directory","list_directory","list_directory","list_directory","list_directory","list_directory","read_file","read_file","read_file","read_file","read_file","list_directory","list_directory","list_directory","list_directory","list_directory","list_directory","list_directory","list_directory","list_directory","list_directory","read_file","read_file","read_file","list_directory","list_directory","list_directory","list_directory","list_directory","list_directory","read_file","read_file","read_file","read_file","read_file","read_file","read_file","read_file","read_file","read_file"],"listDirectory":22,"preview":"Now

===== TURN 10/17 =====
셰이더 플러그인 쪽 더 구체적으로 알려줘.
[debug] prediction round {"turnIndex":10,"round":1,"historyLen":153,"generateTimeoutMs":300000,"pid":32524}
[debug] await generate() {"turnIndex":10,"round":1,"historyLen":153}
[unreal-context-compactor] Proxy active: target=qwen3.6-27b-heretic-uncensored-finetune-neo-code-di-imatrix-max input=191693 context=55040 action=hard_compact
[debug] generate returned {"turnIndex":10,"round":1,"waitedMs":4902,"fragmentChars":278,"toolRequests":2,"failures":0}
[debug] tool call {"turnIndex":10,"name":"get_active_project","args":{},"ms":171,"hardError":null,"preview":"{\n  \"activeProject\": \"C:\\\\Users\\\\sster\\\\Documents\\\\Git\\\\Project_MJS\\\\Project_MJS.uproject\",\n  \"details\": {\n    \"projectPath\": \"C:\\\\Users\\\\sster\\\\Documents\\\\Git\\\\Project_MJS\\\\Project_MJS.uproject\",\n    \"projectDir\": \"C:\\\\"}
[debug] tool call {"turnIndex":10,"name":"list_directory","args":{"path":"Plugins","maxEntries":100},"ms":152,"hardError":null,"preview":"{\n  \"path\": {\n    \"resolvedRootType\": \"active_project\",\n    \"projectRelativePath\": \"Plugins\",\n    \"workspaceRelativePath\": \"Plugins\",\n    \"absolutePath\": \"C:\\\\Users\\\\sster\\\\Documents\\\\Git\\\\Project_MJS\\\\Plugins\",\n    \"act"}
[debug] prediction round {"turnIndex":10,"round":2,"historyLen":155,"generateTimeoutMs":300000,"pid":32524}
[debug] await generate() {"turnIndex":10,"round":2,"historyLen":155}
[unreal-context-compactor] Proxy active: target=qwen3.6-27b-heretic-uncensored-finetune-neo-code-di-imatrix-max input=197159 context=55040 action=hard_compact
[debug] generate returned {"turnIndex":10,"round":2,"waitedMs":19140,"fragmentChars":871,"toolRequests":3,"failures":0}
[debug] tool call {"turnIndex":10,"name":"list_directory","args":{"path":"Plugins/TrueSyncEndfieldShading","maxEntries":100},"ms":153,"hardError":null,"preview":"{\n  \"path\": {\n    \"resolvedRootType\": \"active_project\",\n    \"projectRelativePath\": \"Plugins/TrueSyncEndfieldShading\",\n    \"workspaceRelativePath\": \"Plugins/TrueSyncEndfieldShading\",\n    \"absolutePath\": \"C:\\\\Users\\\\sster\\"}
[debug] tool call {"turnIndex":10,"name":"read_file","args":{"path":"Plugins/TrueSyncEndfieldShading/Source/TrueSyncEndfieldShading/Public/TrueSyncEndfieldShadingWorldSubsystem.h"},"ms":151,"hardError":null,"preview":"{\n  \"ok\": true,\n  \"cached\": true,\n  \"evidenceStatus\": \"cached\",\n  \"repeatDetected\": true,\n  \"doNotRepeatRead\": true,\n  \"stopCurrentWorkflow\": false,\n  \"errorCode\": \"READ_REPEAT_DETECTED\",\n  \"retryable\": false,\n  \"phase\":"}
[debug] tool call {"turnIndex":10,"name":"read_file","args":{"path":"Plugins/TrueSyncEndfieldShading/Source/TrueSyncEndfieldShading/Private/TrueSyncEndfieldShadingWorldSubsystem.cpp"},"ms":222,"hardError":null,"preview":"{\n  \"ok\": true,\n  \"cached\": true,\n  \"evidenceStatus\": \"cached\",\n  \"repeatDetected\": true,\n  \"doNotRepeatRead\": true,\n  \"stopCurrentWorkflow\": false,\n  \"errorCode\": \"READ_REPEAT_DETECTED\",\n  \"retryable\": false,\n  \"phase\":"}
[debug] prediction round {"turnIndex":10,"round":3,"historyLen":157,"generateTimeoutMs":300000,"pid":32524}
[debug] await generate() {"turnIndex":10,"round":3,"historyLen":157}
[unreal-context-compactor] Proxy active: target=qwen3.6-27b-heretic-uncensored-finetune-neo-code-di-imatrix-max input=199917 context=55040 action=hard_compact
[debug] generate returned {"turnIndex":10,"round":3,"waitedMs":17848,"fragmentChars":343,"toolRequests":2,"failures":0}
[debug] tool call {"turnIndex":10,"name":"read_file","args":{"path":"Plugins/TrueSyncEndfieldShading/Source/TrueSyncEndfieldShading/Public/TrueSyncEndfieldShadingSceneViewExtension.h"},"ms":152,"hardError":null,"preview":"{\n  \"ok\": true,\n  \"cached\": true,\n  \"evidenceStatus\": \"cached\",\n  \"repeatDetected\": true,\n  \"doNotRepeatRead\": true,\n  \"stopCurrentWorkflow\": false,\n  \"errorCode\": \"READ_REPEAT_DETECTED\",\n  \"retryable\": false,\n  \"phase\":"}
[debug] tool call {"turnIndex":10,"name":"list_directory","args":{"path":"Plugins/TrueSyncEndfieldShading/Shaders","maxEntries":100},"ms":226,"hardError":null,"preview":"{\n  \"path\": {\n    \"resolvedRootType\": \"active_project\",\n    \"projectRelativePath\": \"Plugins/TrueSyncEndfieldShading/Shaders\",\n    \"workspaceRelativePath\": \"Plugins/TrueSyncEndfieldShading/Shaders\",\n    \"absolutePath\": \"C"}
[debug] prediction round {"turnIndex":10,"round":4,"historyLen":159,"generateTimeoutMs":300000,"pid":32524}
[debug] await generate() {"turnIndex":10,"round":4,"historyLen":159}
[unreal-context-compactor] Proxy active: target=qwen3.6-27b-heretic-uncensored-finetune-neo-code-di-imatrix-max input=201191 context=55040 action=hard_compact
[debug] generate returned {"turnIndex":10,"round":4,"waitedMs":20346,"fragmentChars":279,"toolRequests":3,"failures":0}
[debug] tool call {"turnIndex":10,"name":"list_directory","args":{"path":"Plugins/TrueSyncEndfieldShading/Shaders/Private","maxEntries":100},"ms":152,"hardError":null,"preview":"{\n  \"path\": {\n    \"resolvedRootType\": \"active_project\",\n    \"projectRelativePath\": \"Plugins/TrueSyncEndfieldShading/Shaders/Private\",\n    \"workspaceRelativePath\": \"Plugins/TrueSyncEndfieldShading/Shaders/Private\",\n    \"a"}
[debug] tool call {"turnIndex":10,"name":"list_directory","args":{"path":"Plugins/TrueSyncEndfieldShading/Shaders/Public","maxEntries":100},"ms":152,"hardError":null,"preview":"{\n  \"path\": {\n    \"resolvedRootType\": \"active_project\",\n    \"projectRelativePath\": \"Plugins/TrueSyncEndfieldShading/Shaders/Public\",\n    \"workspaceRelativePath\": \"Plugins/TrueSyncEndfieldShading/Shaders/Public\",\n    \"abs"}
[debug] tool call {"turnIndex":10,"name":"read_file","args":{"path":"Plugins/TrueSyncEndfieldShading/Source/TrueSyncEndfieldShading/Private/TrueSyncEndfieldShadingShaders.h"},"ms":151,"hardError":null,"preview":"{\n  \"ok\": true,\n  \"cached\": true,\n  \"evidenceStatus\": \"cached\",\n  \"repeatDetected\": true,\n  \"doNotRepeatRead\": true,\n  \"stopCurrentWorkflow\": false,\n  \"errorCode\": \"READ_REPEAT_DETECTED\",\n  \"retryable\": false,\n  \"phase\":"}
[debug] prediction round {"turnIndex":10,"round":5,"historyLen":161,"generateTimeoutMs":300000,"pid":32524}
[debug] await generate() {"turnIndex":10,"round":5,"historyLen":161}
[unreal-context-compactor] Proxy active: target=qwen3.6-27b-heretic-uncensored-finetune-neo-code-di-imatrix-max input=204069 context=55040 action=hard_compact
[debug] still awaiting generate() {"turnIndex":10,"round":5,"heartbeatN":1,"waitedMs":30001}
[debug] still awaiting generate() {"turnIndex":10,"round":5,"heartbeatN":2,"waitedMs":60005}
[debug] generate returned {"turnIndex":10,"round":5,"waitedMs":81641,"fragmentChars":5413,"toolRequests":0,"failures":0}
[debug] turn completed {"turnIndex":10,"ms":145587,"chars":5413,"tools":["get_active_project","list_directory","list_directory","read_file","read_file","read_file","list_directory","list_directory","list_directory","read_file"],"listDirectory":5,"preview":"Now I have a clear picture of the shader plugin. Let me summarize it concretely for the user in Korean, focusing on: - What this plugin is (TrueSyncEndfieldShading) - How it hooks into rendering (SceneViewExtension + post-process pass) - Shader structure (.ush / .usf files and ro"}

===== TURN 11/17 =====
로딩 플러그인쪽 더 구체적으로 알려줘.
[debug] prediction round {"turnIndex":11,"round":1,"historyLen":163,"generateTimeoutMs":300000,"pid":32524}
[debug] await generate() {"turnIndex":11,"round":1,"historyLen":163}
[unreal-context-compactor] Proxy active: target=qwen3.6-27b-heretic-uncensored-finetune-neo-code-di-imatrix-max input=205713 context=55040 action=hard_compact
[debug] generate returned {"turnIndex":11,"round":1,"waitedMs":5743,"fragmentChars":436,"toolRequests":2,"failures":0}
[debug] tool call {"turnIndex":11,"name":"get_active_project","args":{},"ms":154,"hardError":null,"preview":"{\n  \"activeProject\": \"C:\\\\Users\\\\sster\\\\Documents\\\\Git\\\\Project_MJS\\\\Project_MJS.uproject\",\n  \"details\": {\n    \"projectPath\": \"C:\\\\Users\\\\sster\\\\Documents\\\\Git\\\\Project_MJS\\\\Project_MJS.uproject\",\n    \"projectDir\": \"C:\\\\"}
[debug] tool call {"turnIndex":11,"name":"list_directory","args":{"path":"Plugins/TrueSyncRuntimeLoading"},"ms":153,"hardError":null,"preview":"{\n  \"path\": {\n    \"resolvedRootType\": \"active_project\",\n    \"projectRelativePath\": \"Plugins/TrueSyncRuntimeLoading\",\n    \"workspaceRelativePath\": \"Plugins/TrueSyncRuntimeLoading\",\n    \"absolutePath\": \"C:\\\\Users\\\\sster\\\\D"}
[debug] prediction round {"turnIndex":11,"round":2,"historyLen":165,"generateTimeoutMs":300000,"pid":32524}
[debug] await generate() {"turnIndex":11,"round":2,"historyLen":165}
[unreal-context-compactor] Proxy active: target=qwen3.6-27b-heretic-uncensored-finetune-neo-code-di-imatrix-max input=211156 context=55040 action=hard_compact
[debug] generate returned {"turnIndex":11,"round":2,"waitedMs":16839,"fragmentChars":237,"toolRequests":2,"failures":0}
[debug] tool call {"turnIndex":11,"name":"list_directory","args":{"path":"Plugins/TrueSyncRuntimeLoading/Source"},"ms":150,"hardError":null,"preview":"{\n  \"path\": {\n    \"resolvedRootType\": \"active_project\",\n    \"projectRelativePath\": \"Plugins/TrueSyncRuntimeLoading/Source\",\n    \"workspaceRelativePath\": \"Plugins/TrueSyncRuntimeLoading/Source\",\n    \"absolutePath\": \"C:\\\\U"}
[debug] tool call {"turnIndex":11,"name":"read_file","args":{"path":"Plugins/TrueSyncRuntimeLoading/TrueSyncRuntimeLoading.uplugin"},"ms":149,"hardError":null,"preview":"{\n  \"ok\": true,\n  \"cached\": true,\n  \"evidenceStatus\": \"cached\",\n  \"repeatDetected\": true,\n  \"doNotRepeatRead\": true,\n  \"stopCurrentWorkflow\": false,\n  \"errorCode\": \"READ_REPEAT_DETECTED\",\n  \"retryable\": false,\n  \"phase\":"}
[debug] prediction round {"turnIndex":11,"round":3,"historyLen":167,"generateTimeoutMs":300000,"pid":32524}
[debug] await generate() {"turnIndex":11,"round":3,"historyLen":167}
[unreal-context-compactor] Proxy active: target=qwen3.6-27b-heretic-uncensored-finetune-neo-code-di-imatrix-max input=211998 context=55040 action=hard_compact
[debug] generate returned {"turnIndex":11,"round":3,"waitedMs":17159,"fragmentChars":254,"toolRequests":1,"failures":0}
[debug] tool call {"turnIndex":11,"name":"list_directory","args":{"path":"Plugins/TrueSyncRuntimeLoading/Source/TrueSyncRuntimeLoading"},"ms":153,"hardError":null,"preview":"{\n  \"path\": {\n    \"resolvedRootType\": \"active_project\",\n    \"projectRelativePath\": \"Plugins/TrueSyncRuntimeLoading/Source/TrueSyncRuntimeLoading\",\n    \"workspaceRelativePath\": \"Plugins/TrueSyncRuntimeLoading/Source/TrueS"}
[debug] prediction round {"turnIndex":11,"round":4,"historyLen":169,"generateTimeoutMs":300000,"pid":32524}
[debug] await generate() {"turnIndex":11,"round":4,"historyLen":169}
[unreal-context-compactor] Proxy active: target=qwen3.6-27b-heretic-uncensored-finetune-neo-code-di-imatrix-max input=212439 context=55040 action=hard_compact
[debug] generate returned {"turnIndex":11,"round":4,"waitedMs":20324,"fragmentChars":258,"toolRequests":3,"failures":0}
[debug] tool call {"turnIndex":11,"name":"read_file","args":{"path":"Plugins/TrueSyncRuntimeLoading/Source/TrueSyncRuntimeLoading/TrueSyncRuntimeLoading.Build.cs"},"ms":256,"hardError":null,"preview":"{\n  \"ok\": true,\n  \"cached\": true,\n  \"evidenceStatus\": \"cached\",\n  \"repeatDetected\": true,\n  \"doNotRepeatRead\": true,\n  \"stopCurrentWorkflow\": false,\n  \"errorCode\": \"READ_REPEAT_DETECTED\",\n  \"retryable\": false,\n  \"phase\":"}
[debug] tool call {"turnIndex":11,"name":"list_directory","args":{"path":"Plugins/TrueSyncRuntimeLoading/Source/TrueSyncRuntimeLoading/Public"},"ms":169,"hardError":null,"preview":"{\n  \"path\": {\n    \"resolvedRootType\": \"active_project\",\n    \"projectRelativePath\": \"Plugins/TrueSyncRuntimeLoading/Source/TrueSyncRuntimeLoading/Public\",\n    \"workspaceRelativePath\": \"Plugins/TrueSyncRuntimeLoading/Sourc"}
[debug] tool call {"turnIndex":11,"name":"list_directory","args":{"path":"Plugins/TrueSyncRuntimeLoading/Source/TrueSyncRuntimeLoading/Private"},"ms":170,"hardError":null,"preview":"{\n  \"path\": {\n    \"resolvedRootType\": \"active_project\",\n    \"projectRelativePath\": \"Plugins/TrueSyncRuntimeLoading/Source/TrueSyncRuntimeLoading/Private\",\n    \"workspaceRelativePath\": \"Plugins/TrueSyncRuntimeLoading/Sour"}
[debug] prediction round {"turnIndex":11,"round":5,"historyLen":171,"generateTimeoutMs":300000,"pid":32524}
[debug] await generate() {"turnIndex":11,"round":5,"historyLen":171}
[unreal-context-compactor] Proxy active: target=qwen3.6-27b-heretic-uncensored-finetune-neo-code-di-imatrix-max input=213872 context=55040 action=hard_compact
[debug] generate returned {"turnIndex":11,"round":5,"waitedMs":22502,"fragmentChars":243,"toolRequests":3,"failures":0}
[debug] tool call {"turnIndex":11,"name":"read_file","args":{"path":"Plugins/TrueSyncRuntimeLoading/Source/TrueSyncRuntimeLoading/Public/TrueSyncLoadingTypes.h"},"ms":226,"hardError":null,"preview":"[path-metadata: {\"resolvedRootType\":\"active_project\",\"projectRelativePath\":\"Plugins/TrueSyncRuntimeLoading/Source/TrueSyncRuntimeLoading/Public/TrueSyncLoadingTypes.h\",\"workspaceRelativePath\":\"Plugins/TrueSyncRuntimeLoad"}
[debug] tool call {"turnIndex":11,"name":"read_file","args":{"path":"Plugins/TrueSyncRuntimeLoading/Source/TrueSyncRuntimeLoading/Public/TrueSyncLoadManifest.h"},"ms":151,"hardError":null,"preview":"[path-metadata: {\"resolvedRootType\":\"active_project\",\"projectRelativePath\":\"Plugins/TrueSyncRuntimeLoading/Source/TrueSyncRuntimeLoading/Public/TrueSyncLoadManifest.h\",\"workspaceRelativePath\":\"Plugins/TrueSyncRuntimeLoad"}
[debug] tool call {"turnIndex":11,"name":"read_file","args":{"path":"Plugins/TrueSyncRuntimeLoading/Source/TrueSyncRuntimeLoading/Public/TrueSyncLoadingSubsystem.h"},"ms":152,"hardError":null,"preview":"[path-metadata: {\"resolvedRootType\":\"active_project\",\"projectRelativePath\":\"Plugins/TrueSyncRuntimeLoading/Source/TrueSyncRuntimeLoading/Public/TrueSyncLoadingSubsystem.h\",\"workspaceRelativePath\":\"Plugins/TrueSyncRuntime"}
[debug] prediction round {"turnIndex":11,"round":6,"historyLen":173,"generateTimeoutMs":300000,"pid":32524}
[debug] await generate() {"turnIndex":11,"round":6,"historyLen":173}
[unreal-context-compactor] Proxy active: target=qwen3.6-27b-heretic-uncensored-finetune-neo-code-di-imatrix-max input=215399 context=55040 action=hard_compact
[debug] generate returned {"turnIndex":11,"round":6,"waitedMs":21695,"fragmentChars":247,"toolRequests":1,"failures":0}
[debug] tool call {"turnIndex":11,"name":"read_file","args":{"path":"Plugins/TrueSyncRuntimeLoading/Source/TrueSyncRuntimeLoading/Private/TrueSyncLoadingSubsystem.cpp"},"ms":231,"hardError":null,"preview":"[path-metadata: {\"resolvedRootType\":\"active_project\",\"projectRelativePath\":\"Plugins/TrueSyncRuntimeLoading/Source/TrueSyncRuntimeLoading/Private/TrueSyncLoadingSubsystem.cpp\",\"workspaceRelativePath\":\"Plugins/TrueSyncRunt"}
[debug] prediction round {"turnIndex":11,"round":7,"historyLen":175,"generateTimeoutMs":300000,"pid":32524}
[debug] await generate() {"turnIndex":11,"round":7,"historyLen":175}
[unreal-context-compactor] Proxy active: target=qwen3.6-27b-heretic-uncensored-finetune-neo-code-di-imatrix-max input=217222 context=55040 action=hard_compact
[debug] still awaiting generate() {"turnIndex":11,"round":7,"heartbeatN":1,"waitedMs":30002}
[debug] still awaiting generate() {"turnIndex":11,"round":7,"heartbeatN":2,"waitedMs":60010}
[debug] generate returned {"turnIndex":11,"round":7,"waitedMs":84252,"fragmentChars":5521,"toolRequests":0,"failures":0}
[debug] turn completed {"turnIndex":11,"ms":190669,"chars":5521,"tools":["get_active_project","list_directory","list_directory","read_file","list_directory","read_file","list_directory","list_directory","read_file","read_file","read_file","read_file"],"listDirectory":5,"preview":"Now I have all the concrete details of the TrueSyncRuntimeLoading plugin. Let me summarize it clearly and specifically for the user in Korean, focusing on how this loading system works in their project. __LM_STUDIO_INTERNAL_LSEP_SYNTHETIC_REASONING_END_f4e9a8d2c6b14d0c9e5f3a7b8c1"}

===== TURN 12/17 =====
로딩 플러그인 쪽의 개선 방향 더 구체적으로 알려줘.
[debug] prediction round {"turnIndex":12,"round":1,"historyLen":177,"generateTimeoutMs":300000,"pid":32524}
[debug] await generate() {"turnIndex":12,"round":1,"historyLen":177}
[unreal-context-compactor] Proxy active: target=qwen3.6-27b-heretic-uncensored-finetune-neo-code-di-imatrix-max input=218961 context=55040 action=hard_compact
[debug] generate returned {"turnIndex":12,"round":1,"waitedMs":6068,"fragmentChars":525,"toolRequests":2,"failures":0}
[debug] tool call {"turnIndex":12,"name":"get_active_project","args":{},"ms":170,"hardError":null,"preview":"{\n  \"activeProject\": \"C:\\\\Users\\\\sster\\\\Documents\\\\Git\\\\Project_MJS\\\\Project_MJS.uproject\",\n  \"details\": {\n    \"projectPath\": \"C:\\\\Users\\\\sster\\\\Documents\\\\Git\\\\Project_MJS\\\\Project_MJS.uproject\",\n    \"projectDir\": \"C:\\\\"}
[debug] tool call {"turnIndex":12,"name":"list_directory","args":{"path":"Source"},"ms":227,"hardError":null,"preview":"{\n  \"path\": {\n    \"resolvedRootType\": \"active_project\",\n    \"projectRelativePath\": \"Source\",\n    \"workspaceRelativePath\": \"Source\",\n    \"absolutePath\": \"C:\\\\Users\\\\sster\\\\Documents\\\\Git\\\\Project_MJS\\\\Source\",\n    \"active"}
[debug] prediction round {"turnIndex":12,"round":2,"historyLen":179,"generateTimeoutMs":300000,"pid":32524}
[debug] await generate() {"turnIndex":12,"round":2,"historyLen":179}
[unreal-context-compactor] Proxy active: target=qwen3.6-27b-heretic-uncensored-finetune-neo-code-di-imatrix-max input=224629 context=55040 action=hard_compact
[debug] generate returned {"turnIndex":12,"round":2,"waitedMs":18485,"fragmentChars":790,"toolRequests":1,"failures":0}
[debug] tool call {"turnIndex":12,"name":"read_file","args":{"path":"Plugins/TrueSyncRuntimeLoading/Source/TrueSyncRuntimeLoading/Public/TrueSyncLoadingSubsystem.h"},"ms":151,"hardError":null,"preview":"{\n  \"ok\": true,\n  \"cached\": true,\n  \"evidenceStatus\": \"cached\",\n  \"repeatDetected\": true,\n  \"doNotRepeatRead\": true,\n  \"stopCurrentWorkflow\": false,\n  \"errorCode\": \"READ_REPEAT_DETECTED\",\n  \"retryable\": false,\n  \"phase\":"}
[debug] prediction round {"turnIndex":12,"round":3,"historyLen":181,"generateTimeoutMs":300000,"pid":32524}
[debug] await generate() {"turnIndex":12,"round":3,"historyLen":181}
[unreal-context-compactor] Proxy active: target=qwen3.6-27b-heretic-uncensored-finetune-neo-code-di-imatrix-max input=225668 context=55040 action=hard_compact
[debug] still awaiting generate() {"turnIndex":12,"round":3,"heartbeatN":1,"waitedMs":30010}
[debug] still awaiting generate() {"turnIndex":12,"round":3,"heartbeatN":2,"waitedMs":60017}
[debug] generate returned {"turnIndex":12,"round":3,"waitedMs":86715,"fragmentChars":6676,"toolRequests":0,"failures":0}
[debug] turn completed {"turnIndex":12,"ms":111829,"chars":6676,"tools":["get_active_project","list_directory","read_file"],"listDirectory":1,"preview":"Now I have a clear picture of the current TrueSyncRuntimeLoading plugin. Let me analyze it and provide concrete improvement directions based on what's actually implemented vs what should be improved for robustness, performance, and usability in a real project like this. Key obser"}

===== TURN 13/17 =====
로딩 플러그인 쪽의 개선 계획안만 짜고서 수정은 하지말 것.
[debug] prediction round {"turnIndex":13,"round":1,"historyLen":183,"generateTimeoutMs":300000,"pid":32524}
[debug] await generate() {"turnIndex":13,"round":1,"historyLen":183}
[unreal-context-compactor] Proxy active: target=qwen3.6-27b-heretic-uncensored-finetune-neo-code-di-imatrix-max input=227641 context=55040 action=hard_compact
[debug] generate returned {"turnIndex":13,"round":1,"waitedMs":6038,"fragmentChars":481,"toolRequests":2,"failures":0}
[debug] tool call {"turnIndex":13,"name":"get_active_project","args":{},"ms":162,"hardError":null,"preview":"{\n  \"activeProject\": \"C:\\\\Users\\\\sster\\\\Documents\\\\Git\\\\Project_MJS\\\\Project_MJS.uproject\",\n  \"details\": {\n    \"projectPath\": \"C:\\\\Users\\\\sster\\\\Documents\\\\Git\\\\Project_MJS\\\\Project_MJS.uproject\",\n    \"projectDir\": \"C:\\\\"}
[debug] tool call {"turnIndex":13,"name":"list_directory","args":{"path":"Plugins/TrueSyncRuntimeLoading"},"ms":230,"hardError":null,"preview":"{\n  \"path\": {\n    \"resolvedRootType\": \"active_project\",\n    \"projectRelativePath\": \"Plugins/TrueSyncRuntimeLoading\",\n    \"workspaceRelativePath\": \"Plugins/TrueSyncRuntimeLoading\",\n    \"absolutePath\": \"C:\\\\Users\\\\sster\\\\D"}
[debug] prediction round {"turnIndex":13,"round":2,"historyLen":185,"generateTimeoutMs":300000,"pid":32524}
[debug] await generate() {"turnIndex":13,"round":2,"historyLen":185}
[unreal-context-compactor] Proxy active: target=qwen3.6-27b-heretic-uncensored-finetune-neo-code-di-imatrix-max input=233386 context=55040 action=hard_compact
[debug] generate returned {"turnIndex":13,"round":2,"waitedMs":18268,"fragmentChars":347,"toolRequests":4,"failures":0}
[debug] tool call {"turnIndex":13,"name":"read_file","args":{"path":"Plugins/TrueSyncRuntimeLoading/TrueSyncRuntimeLoading.uplugin"},"ms":150,"hardError":{"code":"EVIDENCE_STAGNATION","error":"Evidence read stagnating — no new line coverage or soft budget exhausted.","recovery":false},"preview":"{\n  \"summary\": \"ERROR — Evidence read stagnating — no new line coverage or soft budget exhausted.\",\n  \"ok\": false,\n  \"error\": \"Evidence read stagnating — no new line coverage or soft budget exhausted.\",\n  \"phase\": \"faile"}
[debug] turn failed — stop marathon {"turnIndex":13,"hardFail":"TURN_13_TOOL_HARD_ERROR read_file EVIDENCE_STAGNATION: Evidence read stagnating — no new line coverage or soft budget exhausted."}
[debug] final report {"ok":false,"completedTurns":12,"targetTurns":17,"startAt":1,"hardFail":"TURN_13_TOOL_HARD_ERROR read_file EVIDENCE_STAGNATION: Evidence read stagnating — no new line coverage or soft budget exhausted.","pluginRevision":17,"model":"qwen3.6-27b-heretic-uncensored-finetune-neo-code-di-imatrix-max","performance":{"p50Ms":188140,"p95Ms":273003,"toolCallTotal":188,"listDirectoryTotal":70,"avgListDirectoryPerTurn":5.83,"compaction":{"sessionDir":"C:\\Users\\sster\\AppData\\Local\\Temp\\compactor-marathon-cuu7bn\\2cdc4c0aa6499bfcc464d747ec337557","applied":76,"tinyPosts":12,"answeringMeta":0,"last":{"type":"compaction_decision","at":"2026-08-02T21:46:57.273Z","action":"hard_compact","effectiveActio
{
  "ok": false,
  "completedTurns": 12,
  "targetTurns": 17,
  "startAt": 1,
  "hardFail": "TURN_13_TOOL_HARD_ERROR read_file EVIDENCE_STAGNATION: Evidence read stagnating — no new line coverage or soft budget exhausted.",
  "pluginRevision": 17,
  "model": "qwen3.6-27b-heretic-uncensored-finetune-neo-code-di-imatrix-max",
  "performance": {
    "p50Ms": 188140,
    "p95Ms": 273003,
    "toolCallTotal": 188,
    "listDirectoryTotal": 70,
    "avgListDirectoryPerTurn": 5.83,
    "compaction": {
      "sessionDir": "C:\\Users\\sster\\AppData\\Local\\Temp\\compactor-marathon-cuu7bn\\2cdc4c0aa6499bfcc464d747ec337557",
      "applied": 76,
      "tinyPosts": 12,
      "answeringMeta": 0,
      "last": {
        "type": "compaction_decision",
        "at": "2026-08-02T21:46:57.273Z",
        "action": "hard_compact",
        "effectiveAction": "hard_compact",
        "goalChangeCompact": false,
        "zeroRetainedTurns": false,
        "answeringMeta": false,
        "applied": true,
        "checkpointGeneration": 91,
        "postInputTokens": 9692,
        "postRemainingTokens": 34495,
        "retainedTurns": 1,
        "currentTurnCap": null,
        "objectivePreview": "로딩 플러그인 쪽의 개선 계획안만 짜고서 수정은 하지말 것."
      },
      "objective": "로딩 플러그인 쪽의 개선 계획안만 짜고서 수정은 하지말 것."
    }
  },
  "turns": [
    {
      "turnIndex": 1,
      "prompt": "현재 프로젝트 찾고 코드 구조 전체 적으로 확인해줘",
      "ms": 102595,
      "chars": 4476,
      "preview": "좋습니다. 이제 프로젝트의 전체적인 구조를 파악했습니다. 사용자에게 명확하고 체계적으로 정리해서 알려드리겠습니다. 프로젝트 요약: - 이름: Project_MJS - 엔진 버전: UE 5.8 - 주요 모듈: Project_MJS (단일 게임 모듈) - 코드 구조: 도메인별 폴더링 (Character, Gameplay, Cinematic, Camera, UI, System 등) - 핵심 기능: 액션 RPG 스타일의 전투 시스템, 시네마틱 시스템, 타겟팅, FSM 기반 AI 적 이제 전체적인 구조를 ",
      "toolCalls": [
        {
          "name": "get_active_project",
          "args": {},
          "ms": 199,
          "preview": "{\n  \"activeProject\": \"C:\\\\Users\\\\sster\\\\Documents\\\\Git\\\\Project_MJS\\\\Project_MJS.uproject\",\n  \"details\": {\n    \"projectPath\": \"C:\\\\Users\\\\sster\\\\Documents\\\\Git\\\\Project_MJS\\\\Projec",
          "hardError": null
        },
        {
          "name": "list_directory",
          "args": {
            "path": "."
          },
          "ms": 189,
          "preview": "{\n  \"path\": {\n    \"resolvedRootType\": \"active_project\",\n    \"projectRelativePath\": \"\",\n    \"workspaceRelativePath\": \"\",\n    \"absolutePath\": \"C:\\\\Users\\\\sster\\\\Documents\\\\Git\\\\Proje",
          "hardError": null
        },
        {
          "name": "list_directory",
          "args": {
            "path": "Source"
          },
          "ms": 254,
          "preview": "{\n  \"path\": {\n    \"resolvedRootType\": \"active_project\",\n    \"projectRelativePath\": \"Source\",\n    \"workspaceRelativePath\": \"Source\",\n    \"absolutePath\": \"C:\\\\Users\\\\sster\\\\Documents",
          "hardError": null
        },
        {
          "name": "list_directory",
          "args": {
            "path": "Source/Project_MJS"
          },
          "ms": 164,
          "preview": "{\n  \"path\": {\n    \"resolvedRootType\": \"active_project\",\n    \"projectRelativePath\": \"Source/Project_MJS\",\n    \"workspaceRelativePath\": \"Source/Project_MJS\",\n    \"absolutePath\": \"C:\\",
          "hardError": null
        },
        {
          "name": "list_directory",
          "args": {
            "path": "Plugins"
          },
          "ms": 244,
          "preview": "{\n  \"path\": {\n    \"resolvedRootType\": \"active_project\",\n    \"projectRelativePath\": \"Plugins\",\n    \"workspaceRelativePath\": \"Plugins\",\n    \"absolutePath\": \"C:\\\\Users\\\\sster\\\\Documen",
          "hardError": null
        },
        {
          "name": "list_directory",
          "args": {
            "path": "Config"
          },
          "ms": 164,
          "preview": "{\n  \"path\": {\n    \"resolvedRootType\": \"active_project\",\n    \"projectRelativePath\": \"Config\",\n    \"workspaceRelativePath\": \"Config\",\n    \"absolutePath\": \"C:\\\\Users\\\\sster\\\\Documents",
          "hardError": null
        },
        {
          "name": "list_directory",
          "args": {
            "path": "Source/Project_MJS/Public"
          },
          "ms": 232,
          "preview": "{\n  \"path\": {\n    \"resolvedRootType\": \"active_project\",\n    \"projectRelativePath\": \"Source/Project_MJS/Public\",\n    \"workspaceRelativePath\": \"Source/Project_MJS/Public\",\n    \"absol",
          "hardError": null
        },
        {
          "name": "list_directory",
          "args": {
            "path": "Source/Project_MJS/Private"
          },
          "ms": 162,
          "preview": "{\n  \"path\": {\n    \"resolvedRootType\": \"active_project\",\n    \"projectRelativePath\": \"Source/Project_MJS/Private\",\n    \"workspaceRelativePath\": \"Source/Project_MJS/Private\",\n    \"abs",
          "hardError": null
        },
        {
          "name": "read_file",
          "args": {
            "path": "Source/Project_MJS/Project_MJS.Build.cs"
          },
          "ms": 163,
          "preview": "[path-metadata: {\"resolvedRootType\":\"active_project\",\"projectRelativePath\":\"Source/Project_MJS/Project_MJS.Build.cs\",\"workspaceRelativePath\":\"Source/Project_MJS/Project_MJS.Build.c",
          "hardError": null
        },
        {
          "name": "list_directory",
          "args": {
            "path": "Source/Project_MJS/Public/Character"
          },
          "ms": 162,
          "preview": "{\n  \"path\": {\n    \"resolvedRootType\": \"active_project\",\n    \"projectRelativePath\": \"Source/Project_MJS/Public/Character\",\n    \"workspaceRelativePath\": \"Source/Project_MJS/Public/Ch",
          "hardError": null
        },
        {
          "name": "list_directory",
          "args": {
            "path": "Source/Project_MJS/Public/Gameplay"
          },
          "ms": 241,
          "preview": "{\n  \"path\": {\n    \"resolvedRootType\": \"active_project\",\n    \"projectRelativePath\": \"Source/Project_MJS/Public/Gameplay\",\n    \"workspaceRelativePath\": \"Source/Project_MJS/Public/Gam",
          "hardError": null
        },
        {
          "name": "list_directory",
          "args": {
            "path": "Source/Project_MJS/Public/UI"
          },
          "ms": 159,
          "preview": "{\n  \"path\": {\n    \"resolvedRootType\": \"active_project\",\n    \"projectRelativePath\": \"Source/Project_MJS/Public/UI\",\n    \"workspaceRelativePath\": \"Source/Project_MJS/Public/UI\",\n    ",
          "hardError": null
        },
        {
          "name": "list_directory",
          "args": {
            "path": "Source/Project_MJS/Public/Camera"
          },
          "ms": 159,
          "preview": "{\n  \"path\": {\n    \"resolvedRootType\": \"active_project\",\n    \"projectRelativePath\": \"Source/Project_MJS/Public/Camera\",\n    \"workspaceRelativePath\": \"Source/Project_MJS/Public/Camer",
          "hardError": null
        },
        {
          "name": "list_directory",
          "args": {
            "path": "Source/Project_MJS/Public/Character/Player"
          },
          "ms": 177,
          "preview": "{\n  \"path\": {\n    \"resolvedRootType\": \"active_project\",\n    \"projectRelativePath\": \"Source/Project_MJS/Public/Character/Player\",\n    \"workspaceRelativePath\": \"Source/Project_MJS/Pu",
          "hardError": null
        },
        {
          "name": "list_directory",
          "args": {
            "path": "Source/Project_MJS/Public/Character/Enemy"
          },
          "ms": 160,
          "preview": "{\n  \"path\": {\n    \"resolvedRootType\": \"active_project\",\n    \"projectRelativePath\": \"Source/Project_MJS/Public/Character/Enemy\",\n    \"workspaceRelativePath\": \"Source/Project_MJS/Pub",
          "hardError": null
        },
        {
          "name": "list_directory",
          "args": {
            "path": "Source/Project_MJS/Public/Cinematic"
          },
          "ms": 164,
          "preview": "{\n  \"path\": {\n    \"resolvedRootType\": \"active_project\",\n    \"projectRelativePath\": \"Source/Project_MJS/Public/Cinematic\",\n    \"workspaceRelativePath\": \"Source/Project_MJS/Public/Ci",
          "hardError": null
        },
        {
          "name": "list_directory",
          "args": {
            "path": "Source/Project_MJS/Public/System"
          },
          "ms": 158,
          "preview": "{\n  \"path\": {\n    \"resolvedRootType\": \"active_project\",\n    \"projectRelativePath\": \"Source/Project_MJS/Public/System\",\n    \"workspaceRelativePath\": \"Source/Project_MJS/Public/Syste",
          "hardError": null
        },
        {
          "name": "list_directory",
          "args": {
            "path": "Source/Project_MJS/Public/Character/Player/Component"
          },
          "ms": 163,
          "preview": "{\n  \"path\": {\n    \"resolvedRootType\": \"active_project\",\n    \"projectRelativePath\": \"Source/Project_MJS/Public/Character/Player/Component\",\n    \"workspaceRelativePath\": \"Source/Proj",
          "hardError": null
        },
        {
          "name": "list_directory",
          "args": {
            "path": "Source/Project_MJS/Public/System/Combat"
          },
          "ms": 160,
          "preview": "{\n  \"path\": {\n    \"resolvedRootType\": \"active_project\",\n    \"projectRelativePath\": \"Source/Project_MJS/Public/System/Combat\",\n    \"workspaceRelativePath\": \"Source/Project_MJS/Publi",
          "hardError": null
        },
        {
          "name": "list_directory",
          "args": {
            "path": "Source/Project_MJS/Public/Gameplay/Controller"
          },
          "ms": 232,
          "preview": "{\n  \"path\": {\n    \"resolvedRootType\": \"active_project\",\n    \"projectRelativePath\": \"Source/Project_MJS/Public/Gameplay/Controller\",\n    \"workspaceRelativePath\": \"Source/Project_MJS",
          "hardError": null
        },
        {
          "name": "read_file",
          "args": {
            "path": "Source/Project_MJS/Public/Character/Player/CPlayerCharacter.h"
          },
          "ms": 236,
          "preview": "[path-metadata: {\"resolvedRootType\":\"active_project\",\"projectRelativePath\":\"Source/Project_MJS/Public/Character/Player/CPlayerCharacter.h\",\"workspaceRelativePath\":\"Source/Project_M",
          "hardError": null
        },
        {
          "name": "read_file",
          "args": {
            "path": "Source/Project_MJS/Public/Character/Enemy/EnemyCharacter.h"
          },
          "ms": 159,
          "preview": "[path-metadata: {\"resolvedRootType\":\"active_project\",\"projectRelativePath\":\"Source/Project_MJS/Public/Character/Enemy/EnemyCharacter.h\",\"workspaceRelativePath\":\"Source/Project_MJS/",
          "hardError": null
        },
        {
          "name": "list_directory",
          "args": {
            "path": "Content"
          },
          "ms": 162,
          "preview": "{\n  \"path\": {\n    \"resolvedRootType\": \"active_project\",\n    \"projectRelativePath\": \"Content\",\n    \"workspaceRelativePath\": \"Content\",\n    \"absolutePath\": \"C:\\\\Users\\\\sster\\\\Documen",
          "hardError": null
        }
      ],
      "listDirectory": 19
    },
    {
      "turnIndex": 2,
      "prompt": "지금 버그있는거 찾기만하고 수정은 하지마.",
      "ms": 225210,
      "chars": 215,
      "preview": "Let me read the CinematicDirectorSubsystem implementation to check for bugs in cinematic playback, state transitions, and cleanup. __LM_STUDIO_INTERNAL_LSEP_SYNTHETIC_REASONING_END_f4e9a8d2c6b14d0c9e5f3a7b8c1d2e6a__",
      "toolCalls": [
        {
          "name": "get_active_project",
          "args": {},
          "ms": 212,
          "preview": "{\n  \"activeProject\": \"C:\\\\Users\\\\sster\\\\Documents\\\\Git\\\\Project_MJS\\\\Project_MJS.uproject\",\n  \"details\": {\n    \"projectPath\": \"C:\\\\Users\\\\sster\\\\Documents\\\\Git\\\\Project_MJS\\\\Projec",
          "hardError": null
        },
        {
          "name": "list_directory",
          "args": {
            "path": "Source/Project_MJS/Public"
          },
          "ms": 161,
          "preview": "{\n  \"path\": {\n    \"resolvedRootType\": \"active_project\",\n    \"projectRelativePath\": \"Source/Project_MJS/Public\",\n    \"workspaceRelativePath\": \"Source/Project_MJS/Public\",\n    \"absol",
          "hardError": null
        },
        {
          "name": "list_directory",
          "args": {
            "path": "Source/Project_MJS/Private"
          },
          "ms": 162,
          "preview": "{\n  \"path\": {\n    \"resolvedRootType\": \"active_project\",\n    \"projectRelativePath\": \"Source/Project_MJS/Private\",\n    \"workspaceRelativePath\": \"Source/Project_MJS/Private\",\n    \"abs",
          "hardError": null
        },
        {
          "name": "list_directory",
          "args": {
            "path": "Source/Project_MJS/Public/Character"
          },
          "ms": 158,
          "preview": "{\n  \"path\": {\n    \"resolvedRootType\": \"active_project\",\n    \"projectRelativePath\": \"Source/Project_MJS/Public/Character\",\n    \"workspaceRelativePath\": \"Source/Project_MJS/Public/Ch",
          "hardError": null
        },
        {
          "name": "list_directory",
          "args": {
            "path": "Source/Project_MJS/Public/Gameplay"
          },
          "ms": 158,
          "preview": "{\n  \"path\": {\n    \"resolvedRootType\": \"active_project\",\n    \"projectRelativePath\": \"Source/Project_MJS/Public/Gameplay\",\n    \"workspaceRelativePath\": \"Source/Project_MJS/Public/Gam",
          "hardError": null
        },
        {
          "name": "list_directory",
          "args": {
            "path": "Source/Project_MJS/Public/Cinematic"
          },
          "ms": 161,
          "preview": "{\n  \"path\": {\n    \"resolvedRootType\": \"active_project\",\n    \"projectRelativePath\": \"Source/Project_MJS/Public/Cinematic\",\n    \"workspaceRelativePath\": \"Source/Project_MJS/Public/Ci",
          "hardError": null
        },
        {
          "name": "list_directory",
          "args": {
            "path": "Source/Project_MJS/Public/System"
          },
          "ms": 158,
          "preview": "{\n  \"path\": {\n    \"resolvedRootType\": \"active_project\",\n    \"projectRelativePath\": \"Source/Project_MJS/Public/System\",\n    \"workspaceRelativePath\": \"Source/Project_MJS/Public/Syste",
          "hardError": null
        },
        {
          "name": "read_file",
          "args": {
            "path": "Source/Project_MJS/Public/Character/Player/CPlayerCharacter.h"
          },
          "ms": 168,
          "preview": "{\n  \"ok\": true,\n  \"cached\": true,\n  \"evidenceStatus\": \"cached\",\n  \"repeatDetected\": true,\n  \"doNotRepeatRead\": true,\n  \"stopCurrentWorkflow\": false,\n  \"errorCode\": \"READ_REPEAT_DET",
          "hardError": null
        },
        {
          "name": "read_file",
          "args": {
            "path": "Source/Project_MJS/Private/Character/Player/CPlayerCharacter.cpp"
          },
          "ms": 236,
          "preview": "[path-metadata: {\"resolvedRootType\":\"active_project\",\"projectRelativePath\":\"Source/Project_MJS/Private/Character/Player/CPlayerCharacter.cpp\",\"workspaceRelativePath\":\"Source/Projec",
          "hardError": null
        },
        {
          "name": "read_file",
          "args": {
            "path": "Source/Project_MJS/Public/Character/Enemy/EnemyCharacter.h"
          },
          "ms": 158,
          "preview": "{\n  \"ok\": true,\n  \"cached\": true,\n  \"evidenceStatus\": \"cached\",\n  \"repeatDetected\": true,\n  \"doNotRepeatRead\": true,\n  \"stopCurrentWorkflow\": false,\n  \"errorCode\": \"READ_REPEAT_DET",
          "hardError": null
        },
        {
          "name": "read_file",
          "args": {
            "path": "Source/Project_MJS/Private/Character/Enemy/EnemyCharacter.cpp"
          },
          "ms": 162,
          "preview": "[path-metadata: {\"resolvedRootType\":\"active_project\",\"projectRelativePath\":\"Source/Project_MJS/Private/Character/Enemy/EnemyCharacter.cpp\",\"workspaceRelativePath\":\"Source/Project_M",
          "hardError": null
        },
        {
          "name": "read_file",
          "args": {
            "path": "Source/Project_MJS/Public/Character/Player/Component/AttackComponent.h"
          },
          "ms": 250,
          "preview": "[path-metadata: {\"resolvedRootType\":\"active_project\",\"projectRelativePath\":\"Source/Project_MJS/Public/Character/Player/Component/AttackComponent.h\",\"workspaceRelativePath\":\"Source/",
          "hardError": null
        },
        {
          "name": "read_file",
          "args": {
            "path": "Source/Project_MJS/Private/Character/Player/Component/AttackComponent.cpp"
          },
          "ms": 162,
          "preview": "[path-metadata: {\"resolvedRootType\":\"active_project\",\"projectRelativePath\":\"Source/Project_MJS/Private/Character/Player/Component/AttackComponent.cpp\",\"workspaceRelativePath\":\"Sour",
          "hardError": null
        },
        {
          "name": "read_file",
          "args": {
            "path": "Source/Project_MJS/Public/Character/Player/Component/DodgeComponent.h"
          },
          "ms": 160,
          "preview": "[path-metadata: {\"resolvedRootType\":\"active_project\",\"projectRelativePath\":\"Source/Project_MJS/Public/Character/Player/Component/DodgeComponent.h\",\"workspaceRelativePath\":\"Source/P",
          "hardError": null
        },
        {
          "name": "read_file",
          "args": {
            "path": "Source/Project_MJS/Private/Character/Player/Component/DodgeComponent.cpp"
          },
          "ms": 250,
          "preview": "[path-metadata: {\"resolvedRootType\":\"active_project\",\"projectRelativePath\":\"Source/Project_MJS/Private/Character/Player/Component/DodgeComponent.cpp\",\"workspaceRelativePath\":\"Sourc",
          "hardError": null
        },
        {
          "name": "read_file",
          "args": {
            "path": "Source/Project_MJS/Public/Character/Player/Component/TargetingComponent.h"
          },
          "ms": 160,
          "preview": "[path-metadata: {\"resolvedRootType\":\"active_project\",\"projectRelativePath\":\"Source/Project_MJS/Public/Character/Player/Component/TargetingComponent.h\",\"workspaceRelativePath\":\"Sour",
          "hardError": null
        },
        {
          "name": "read_file",
          "args": {
            "path": "Source/Project_MJS/Private/Character/Player/Component/TargetingComponent.cpp"
          },
          "ms": 158,
          "preview": "[path-metadata: {\"resolvedRootType\":\"active_project\",\"projectRelativePath\":\"Source/Project_MJS/Private/Character/Player/Component/TargetingComponent.cpp\",\"workspaceRelativePath\":\"S",
          "hardError": null
        },
        {
          "name": "read_file_range",
          "args": {
            "path": "Source/Project_MJS/Private/Character/Player/Component/TargetingComponent.cpp",
            "startLine": 538,
            "endLine": 700
          },
          "ms": 160,
          "preview": "File: project://Source/Project_MJS/Private/Character/Player/Component/TargetingComponent.cpp\nPath-Metadata: {\"resolvedRootType\":\"active_project\",\"projectRelativePath\":\"Source/Proje",
          "hardError": null
        },
        {
          "name": "read_file",
          "args": {
            "path": "Source/Project_MJS/Public/Cinematic/CinematicTriggerActor.h"
          },
          "ms": 161,
          "preview": "[path-metadata: {\"resolvedRootType\":\"active_project\",\"projectRelativePath\":\"Source/Project_MJS/Public/Cinematic/CinematicTriggerActor.h\",\"workspaceRelativePath\":\"Source/Project_MJS",
          "hardError": null
        },
        {
          "name": "read_file",
          "args": {
            "path": "Source/Project_MJS/Private/Cinematic/CinematicTriggerActor.cpp"
          },
          "ms": 160,
          "preview": "[path-metadata: {\"resolvedRootType\":\"active_project\",\"projectRelativePath\":\"Source/Project_MJS/Private/Cinematic/CinematicTriggerActor.cpp\",\"workspaceRelativePath\":\"Source/Project_",
          "hardError": null
        },
        {
          "name": "read_file",
          "args": {
            "path": "Source/Project_MJS/Public/Cinematic/CinematicDirectorSubsystem.h"
          },
          "ms": 161,
          "preview": "[path-metadata: {\"resolvedRootType\":\"active_project\",\"projectRelativePath\":\"Source/Project_MJS/Public/Cinematic/CinematicDirectorSubsystem.h\",\"workspaceRelativePath\":\"Source/Projec",
          "hardError": null
        },
        {
          "name": "read_file",
          "args": {
            "path": "Source/Project_MJS/Private/Cinematic/CinematicDirectorSubsystem.cpp"
          },
          "ms": 162,
          "preview": "[path-metadata: {\"resolvedRootType\":\"active_project\",\"projectRelativePath\":\"Source/Project_MJS/Private/Cinematic/CinematicDirectorSubsystem.cpp\",\"workspaceRelativePath\":\"Source/Pro",
          "hardError": null
        }
      ],
      "listDirectory": 6
    },
    {
      "turnIndex": 3,
      "prompt": "시네마틱 관련해서 구현된것들 더 구체적으로 알려줘.",
      "ms": 233718,
      "chars": 8098,
      "preview": "Now I have a solid understanding of the cinematic system implemented in this project. Let me summarize concretely and specifically based on actual code: - Core subsystem: UCinematicDirectorSubsystem (WorldSubsystem) - Trigger actor: ACinematicTriggerActor - Participant behavior: ",
      "toolCalls": [
        {
          "name": "unreal_get_active_project",
          "args": {},
          "ms": 74,
          "preview": "{\n  \"activeProject\": \"C:\\\\Users\\\\sster\\\\Documents\\\\Git\\\\Project_MJS\\\\Project_MJS.uproject\",\n  \"activeProjectNames\": [\n    \"Project_MJS\"\n  ],\n  \"sharedConfigPath\": \"C:\\\\Users\\\\sster",
          "hardError": null
        },
        {
          "name": "list_directory",
          "args": {
            "path": "Source/Project_MJS",
            "maxEntries": 60
          },
          "ms": 160,
          "preview": "{\n  \"path\": {\n    \"resolvedRootType\": \"active_project\",\n    \"projectRelativePath\": \"Source/Project_MJS\",\n    \"workspaceRelativePath\": \"Source/Project_MJS\",\n    \"absolutePath\": \"C:\\",
          "hardError": null
        },
        {
          "name": "list_directory",
          "args": {
            "path": "Source/Project_MJS/Public",
            "maxEntries": 100
          },
          "ms": 159,
          "preview": "{\n  \"path\": {\n    \"resolvedRootType\": \"active_project\",\n    \"projectRelativePath\": \"Source/Project_MJS/Public\",\n    \"workspaceRelativePath\": \"Source/Project_MJS/Public\",\n    \"absol",
          "hardError": null
        },
        {
          "name": "list_directory",
          "args": {
            "path": "Source/Project_MJS/Public/Cinematic",
            "maxEntries": 100
          },
          "ms": 162,
          "preview": "{\n  \"path\": {\n    \"resolvedRootType\": \"active_project\",\n    \"projectRelativePath\": \"Source/Project_MJS/Public/Cinematic\",\n    \"workspaceRelativePath\": \"Source/Project_MJS/Public/Ci",
          "hardError": null
        },
        {
          "name": "list_directory",
          "args": {
            "path": "Source/Project_MJS/Public/Cinematic/Director",
            "maxEntries": 60
          },
          "ms": 159,
          "preview": "{\n  \"path\": {\n    \"resolvedRootType\": \"active_project\",\n    \"projectRelativePath\": \"Source/Project_MJS/Public/Cinematic/Director\",\n    \"workspaceRelativePath\": \"Source/Project_MJS/",
          "hardError": null
        },
        {
          "name": "read_file",
          "args": {
            "path": "Source/Project_MJS/Public/Cinematic/CinematicTypes.h",
            "detailLevel": "large"
          },
          "ms": 162,
          "preview": "[path-metadata: {\"resolvedRootType\":\"active_project\",\"projectRelativePath\":\"Source/Project_MJS/Public/Cinematic/CinematicTypes.h\",\"workspaceRelativePath\":\"Source/Project_MJS/Public",
          "hardError": null
        },
        {
          "name": "read_file",
          "args": {
            "path": "Source/Project_MJS/Public/Cinematic/CinematicDirectorSubsystem.h",
            "detailLevel": "large"
          },
          "ms": 157,
          "preview": "[path-metadata: {\"resolvedRootType\":\"active_project\",\"projectRelativePath\":\"Source/Project_MJS/Public/Cinematic/CinematicDirectorSubsystem.h\",\"workspaceRelativePath\":\"Source/Projec",
          "hardError": null
        },
        {
          "name": "read_file",
          "args": {
            "path": "Source/Project_MJS/Public/Cinematic/CinematicTriggerActor.h",
            "detailLevel": "large"
          },
          "ms": 156,
          "preview": "[path-metadata: {\"resolvedRootType\":\"active_project\",\"projectRelativePath\":\"Source/Project_MJS/Public/Cinematic/CinematicTriggerActor.h\",\"workspaceRelativePath\":\"Source/Project_MJS",
          "hardError": null
        },
        {
          "name": "read_file",
          "args": {
            "path": "Source/Project_MJS/Public/Cinematic/CinematicParticipantComponent.h",
            "detailLevel": "large"
          },
          "ms": 158,
          "preview": "[path-metadata: {\"resolvedRootType\":\"active_project\",\"projectRelativePath\":\"Source/Project_MJS/Public/Cinematic/CinematicParticipantComponent.h\",\"workspaceRelativePath\":\"Source/Pro",
          "hardError": null
        },
        {
          "name": "read_file",
          "args": {
            "path": "Source/Project_MJS/Public/Cinematic/CinematicInputLockSubsystem.h",
            "detailLevel": "large"
          },
          "ms": 161,
          "preview": "[path-metadata: {\"resolvedRootType\":\"active_project\",\"projectRelativePath\":\"Source/Project_MJS/Public/Cinematic/CinematicInputLockSubsystem.h\",\"workspaceRelativePath\":\"Source/Proje",
          "hardError": null
        }
      ],
      "listDirectory": 4
    },
    {
      "turnIndex": 4,
      "prompt": "플레이어 관련해서 구현된것들  더 구체적으로 알려줘.",
      "ms": 273003,
      "chars": 413,
      "preview": "The PlayerMovementComponent files were not found at the guessed paths. I should search for them using search_files to locate their actual paths, then read them if they exist. After that, I’ll summarize all player-related implementations concretely in Korean with file paths and de",
      "toolCalls": [
        {
          "name": "get_active_project",
          "args": {},
          "ms": 178,
          "preview": "{\n  \"activeProject\": \"C:\\\\Users\\\\sster\\\\Documents\\\\Git\\\\Project_MJS\\\\Project_MJS.uproject\",\n  \"details\": {\n    \"projectPath\": \"C:\\\\Users\\\\sster\\\\Documents\\\\Git\\\\Project_MJS\\\\Projec",
          "hardError": null
        },
        {
          "name": "list_directory",
          "args": {
            "path": "Source/Project_MJS/Public",
            "maxEntries": 200
          },
          "ms": 235,
          "preview": "{\n  \"path\": {\n    \"resolvedRootType\": \"active_project\",\n    \"projectRelativePath\": \"Source/Project_MJS/Public\",\n    \"workspaceRelativePath\": \"Source/Project_MJS/Public\",\n    \"absol",
          "hardError": null
        },
        {
          "name": "list_directory",
          "args": {
            "path": "Source/Project_MJS/Public/Character",
            "maxEntries": 200
          },
          "ms": 160,
          "preview": "{\n  \"path\": {\n    \"resolvedRootType\": \"active_project\",\n    \"projectRelativePath\": \"Source/Project_MJS/Public/Character\",\n    \"workspaceRelativePath\": \"Source/Project_MJS/Public/Ch",
          "hardError": null
        },
        {
          "name": "list_directory",
          "args": {
            "path": "Source/Project_MJS/Public/Character/Player",
            "maxEntries": 200
          },
          "ms": 158,
          "preview": "{\n  \"path\": {\n    \"resolvedRootType\": \"active_project\",\n    \"projectRelativePath\": \"Source/Project_MJS/Public/Character/Player\",\n    \"workspaceRelativePath\": \"Source/Project_MJS/Pu",
          "hardError": null
        },
        {
          "name": "read_file",
          "args": {
            "path": "Source/Project_MJS/Public/Character/Player/CPlayerCharacter.h",
            "detailLevel": "large"
          },
          "ms": 249,
          "preview": "[path-metadata: {\"resolvedRootType\":\"active_project\",\"projectRelativePath\":\"Source/Project_MJS/Public/Character/Player/CPlayerCharacter.h\",\"workspaceRelativePath\":\"Source/Project_M",
          "hardError": null
        },
        {
          "name": "read_file",
          "args": {
            "path": "Source/Project_MJS/Private/Character/Player/CPlayerCharacter.cpp",
            "detailLevel": "large"
          },
          "ms": 169,
          "preview": "[path-metadata: {\"resolvedRootType\":\"active_project\",\"projectRelativePath\":\"Source/Project_MJS/Private/Character/Player/CPlayerCharacter.cpp\",\"workspaceRelativePath\":\"Source/Projec",
          "hardError": null
        },
        {
          "name": "read_file",
          "args": {
            "path": "Source/Project_MJS/Public/Character/Player/CPlayerController.h",
            "detailLevel": "large"
          },
          "ms": 160,
          "preview": "[path-metadata: {\"resolvedRootType\":\"active_project\",\"projectRelativePath\":\"Source/Project_MJS/Public/Character/Player/CPlayerController.h\",\"workspaceRelativePath\":\"Source/Project_",
          "hardError": null
        },
        {
          "name": "read_file",
          "args": {
            "path": "Source/Project_MJS/Private/Character/Player/CPlayerController.cpp",
            "detailLevel": "large"
          },
          "ms": 237,
          "preview": "[path-metadata: {\"resolvedRootType\":\"active_project\",\"projectRelativePath\":\"Source/Project_MJS/Private/Character/Player/CPlayerController.cpp\",\"workspaceRelativePath\":\"Source/Proje",
          "hardError": null
        },
        {
          "name": "list_directory",
          "args": {
            "path": "Source/Project_MJS/Public/Character/Player/Component",
            "maxEntries": 200
          },
          "ms": 238,
          "preview": "{\n  \"path\": {\n    \"resolvedRootType\": \"active_project\",\n    \"projectRelativePath\": \"Source/Project_MJS/Public/Character/Player/Component\",\n    \"workspaceRelativePath\": \"Source/Proj",
          "hardError": null
        },
        {
          "name": "read_file",
          "args": {
            "path": "Source/Project_MJS/Public/Character/Player/Component/AttackComponent.h",
            "detailLevel": "large"
          },
          "ms": 240,
          "preview": "[path-metadata: {\"resolvedRootType\":\"active_project\",\"projectRelativePath\":\"Source/Project_MJS/Public/Character/Player/Component/AttackComponent.h\",\"workspaceRelativePath\":\"Source/",
          "hardError": null
        },
        {
          "name": "read_file",
          "args": {
            "path": "Source/Project_MJS/Private/Character/Player/Component/AttackComponent.cpp",
            "detailLevel": "large"
          },
          "ms": 160,
          "preview": "[path-metadata: {\"resolvedRootType\":\"active_project\",\"projectRelativePath\":\"Source/Project_MJS/Private/Character/Player/Component/AttackComponent.cpp\",\"workspaceRelativePath\":\"Sour",
          "hardError": null
        },
        {
          "name": "read_file",
          "args": {
            "path": "Source/Project_MJS/Public/Character/Player/Component/DodgeComponent.h",
            "detailLevel": "large"
          },
          "ms": 243,
          "preview": "[path-metadata: {\"resolvedRootType\":\"active_project\",\"projectRelativePath\":\"Source/Project_MJS/Public/Character/Player/Component/DodgeComponent.h\",\"workspaceRelativePath\":\"Source/P",
          "hardError": null
        },
        {
          "name": "read_file",
          "args": {
            "path": "Source/Project_MJS/Private/Character/Player/Component/DodgeComponent.cpp",
            "detailLevel": "large"
          },
          "ms": 180,
          "preview": "[path-metadata: {\"resolvedRootType\":\"active_project\",\"projectRelativePath\":\"Source/Project_MJS/Private/Character/Player/Component/DodgeComponent.cpp\",\"workspaceRelativePath\":\"Sourc",
          "hardError": null
        },
        {
          "name": "read_file",
          "args": {
            "path": "Source/Project_MJS/Public/Character/Player/Component/TargetingComponent.h",
            "detailLevel": "large"
          },
          "ms": 232,
          "preview": "[path-metadata: {\"resolvedRootType\":\"active_project\",\"projectRelativePath\":\"Source/Project_MJS/Public/Character/Player/Component/TargetingComponent.h\",\"workspaceRelativePath\":\"Sour",
          "hardError": null
        },
        {
          "name": "read_file",
          "args": {
            "path": "Source/Project_MJS/Private/Character/Player/Component/TargetingComponent.cpp",
            "detailLevel": "large"
          },
          "ms": 154,
          "preview": "[path-metadata: {\"resolvedRootType\":\"active_project\",\"projectRelativePath\":\"Source/Project_MJS/Private/Character/Player/Component/TargetingComponent.cpp\",\"workspaceRelativePath\":\"S",
          "hardError": null
        },
        {
          "name": "read_file",
          "args": {
            "path": "Source/Project_MJS/Public/Character/Player/Component/SkillComponent.h",
            "detailLevel": "large"
          },
          "ms": 229,
          "preview": "[path-metadata: {\"resolvedRootType\":\"active_project\",\"projectRelativePath\":\"Source/Project_MJS/Public/Character/Player/Component/SkillComponent.h\",\"workspaceRelativePath\":\"Source/P",
          "hardError": null
        },
        {
          "name": "read_file",
          "args": {
            "path": "Source/Project_MJS/Private/Character/Player/Component/SkillComponent.cpp",
            "detailLevel": "large"
          },
          "ms": 153,
          "preview": "[path-metadata: {\"resolvedRootType\":\"active_project\",\"projectRelativePath\":\"Source/Project_MJS/Private/Character/Player/Component/SkillComponent.cpp\",\"workspaceRelativePath\":\"Sourc",
          "hardError": null
        },
        {
          "name": "read_file",
          "args": {
            "path": "Source/Project_MJS/Public/Movement/CPlayerMovementComponent.h",
            "detailLevel": "large"
          },
          "ms": 156,
          "preview": "{\n  \"summary\": \"ERROR — not found: Source/Project_MJS/Public/Movement/CPlayerMovementComponent.h\",\n  \"ok\": false,\n  \"error\": \"not found: Source/Project_MJS/Public/Movement/CPlayerM",
          "hardError": null
        },
        {
          "name": "read_file",
          "args": {
            "path": "Source/Project_MJS/Private/Movement/CPlayerMovementComponent.cpp",
            "detailLevel": "large"
          },
          "ms": 152,
          "preview": "{\n  \"summary\": \"ERROR — not found: Source/Project_MJS/Private/Movement/CPlayerMovementComponent.cpp\",\n  \"ok\": false,\n  \"error\": \"not found: Source/Project_MJS/Private/Movement/CPla",
          "hardError": null
        },
        {
          "name": "search_files",
          "args": {
            "query": "CPlayerMovementComponent.h",
            "path": "project://Source",
            "matchFileNames": true
          },
          "ms": 263,
          "preview": "{\n  \"path\": {\n    \"resolvedRootType\": \"active_project\",\n    \"projectRelativePath\": \"Source\",\n    \"workspaceRelativePath\": \"Source\",\n    \"absolutePath\": \"C:\\\\Users\\\\sster\\\\Documents",
          "hardError": null
        }
      ],
      "listDirectory": 4
    },
    {
      "turnIndex": 5,
      "prompt": "적 캐릭터 관련해서 구현된것들 더 구체적으로 알려줘.",
      "ms": 133517,
      "chars": 6693,
      "preview": "Now I have a clear picture of the enemy-related implementation. Let me summarize concretely what is implemented for enemies in this project, based on actual code: - AEnemyCharacter: base enemy class with health, poise/super armor, hit reactions, knockback, weapon trace. - UEnemyF",
      "toolCalls": [
        {
          "name": "read_file",
          "args": {
            "path": "Source/Project_MJS/Public/Character/Enemy/EnemyCharacter.h",
            "detailLevel": "large"
          },
          "ms": 153,
          "preview": "[path-metadata: {\"resolvedRootType\":\"active_project\",\"projectRelativePath\":\"Source/Project_MJS/Public/Character/Enemy/EnemyCharacter.h\",\"workspaceRelativePath\":\"Source/Project_MJS/",
          "hardError": null
        },
        {
          "name": "read_file",
          "args": {
            "path": "Source/Project_MJS/Private/Character/Enemy/EnemyCharacter.cpp",
            "detailLevel": "large"
          },
          "ms": 226,
          "preview": "[path-metadata: {\"resolvedRootType\":\"active_project\",\"projectRelativePath\":\"Source/Project_MJS/Private/Character/Enemy/EnemyCharacter.cpp\",\"workspaceRelativePath\":\"Source/Project_M",
          "hardError": null
        },
        {
          "name": "list_directory",
          "args": {
            "path": "Source/Project_MJS/Public/Character/Enemy"
          },
          "ms": 151,
          "preview": "{\n  \"path\": {\n    \"resolvedRootType\": \"active_project\",\n    \"projectRelativePath\": \"Source/Project_MJS/Public/Character/Enemy\",\n    \"workspaceRelativePath\": \"Source/Project_MJS/Pub",
          "hardError": null
        },
        {
          "name": "list_directory",
          "args": {
            "path": "Source/Project_MJS/Private/Character/Enemy"
          },
          "ms": 152,
          "preview": "{\n  \"path\": {\n    \"resolvedRootType\": \"active_project\",\n    \"projectRelativePath\": \"Source/Project_MJS/Private/Character/Enemy\",\n    \"workspaceRelativePath\": \"Source/Project_MJS/Pr",
          "hardError": null
        },
        {
          "name": "read_file",
          "args": {
            "path": "Source/Project_MJS/Public/Character/Enemy/EnemyFSMComponent.h",
            "detailLevel": "large"
          },
          "ms": 152,
          "preview": "[path-metadata: {\"resolvedRootType\":\"active_project\",\"projectRelativePath\":\"Source/Project_MJS/Public/Character/Enemy/EnemyFSMComponent.h\",\"workspaceRelativePath\":\"Source/Project_M",
          "hardError": null
        },
        {
          "name": "read_file",
          "args": {
            "path": "Source/Project_MJS/Private/Character/Enemy/EnemyFSMComponent.cpp",
            "detailLevel": "large"
          },
          "ms": 151,
          "preview": "[path-metadata: {\"resolvedRootType\":\"active_project\",\"projectRelativePath\":\"Source/Project_MJS/Private/Character/Enemy/EnemyFSMComponent.cpp\",\"workspaceRelativePath\":\"Source/Projec",
          "hardError": null
        },
        {
          "name": "read_file",
          "args": {
            "path": "Source/Project_MJS/Public/Character/Enemy/EnemyActionDataAsset.h",
            "detailLevel": "large"
          },
          "ms": 151,
          "preview": "[path-metadata: {\"resolvedRootType\":\"active_project\",\"projectRelativePath\":\"Source/Project_MJS/Public/Character/Enemy/EnemyActionDataAsset.h\",\"workspaceRelativePath\":\"Source/Projec",
          "hardError": null
        },
        {
          "name": "read_file",
          "args": {
            "path": "Source/Project_MJS/Public/Character/Enemy/AnimNotifyState_WeaponHit.h",
            "detailLevel": "large"
          },
          "ms": 152,
          "preview": "[path-metadata: {\"resolvedRootType\":\"active_project\",\"projectRelativePath\":\"Source/Project_MJS/Public/Character/Enemy/AnimNotifyState_WeaponHit.h\",\"workspaceRelativePath\":\"Source/P",
          "hardError": null
        },
        {
          "name": "read_file",
          "args": {
            "path": "Source/Project_MJS/Private/Character/Enemy/AnimNotifyState_WeaponHit.cpp",
            "detailLevel": "large"
          },
          "ms": 154,
          "preview": "[path-metadata: {\"resolvedRootType\":\"active_project\",\"projectRelativePath\":\"Source/Project_MJS/Private/Character/Enemy/AnimNotifyState_WeaponHit.cpp\",\"workspaceRelativePath\":\"Sourc",
          "hardError": null
        },
        {
          "name": "read_file",
          "args": {
            "path": "Source/Project_MJS/Public/Character/Enemy/GroupCombatSubsystem.h",
            "detailLevel": "large"
          },
          "ms": 232,
          "preview": "[path-metadata: {\"resolvedRootType\":\"active_project\",\"projectRelativePath\":\"Source/Project_MJS/Public/Character/Enemy/GroupCombatSubsystem.h\",\"workspaceRelativePath\":\"Source/Projec",
          "hardError": null
        },
        {
          "name": "read_file",
          "args": {
            "path": "Source/Project_MJS/Private/Character/Enemy/GroupCombatSubsystem.cpp",
            "detailLevel": "large"
          },
          "ms": 151,
          "preview": "[path-metadata: {\"resolvedRootType\":\"active_project\",\"projectRelativePath\":\"Source/Project_MJS/Private/Character/Enemy/GroupCombatSubsystem.cpp\",\"workspaceRelativePath\":\"Source/Pro",
          "hardError": null
        }
      ],
      "listDirectory": 2
    },
    {
      "turnIndex": 6,
      "prompt": "서브시스템들의 대해서 구현된것들 더 구체적으로 알려줘.",
      "ms": 167209,
      "chars": 8573,
      "preview": "Now I have the actual implementation details for each subsystem. Let me summarize concretely what’s implemented in each, based strictly on these files (no guessing). I’ll cover: - UCinematicDirectorSubsystem - UCinematicInputLockSubsystem - UCombatTimeDilationSubsystem - USoundMa",
      "toolCalls": [
        {
          "name": "search_files",
          "args": {
            "query": "Subsystem",
            "path": "Source/Project_MJS/Public",
            "matchFileNames": true
          },
          "ms": 182,
          "preview": "{\n  \"path\": {\n    \"resolvedRootType\": \"active_project\",\n    \"projectRelativePath\": \"Source/Project_MJS/Public\",\n    \"workspaceRelativePath\": \"Source/Project_MJS/Public\",\n    \"absol",
          "hardError": null
        },
        {
          "name": "list_directory",
          "args": {
            "path": "Source/Project_MJS/Public/Cinematic"
          },
          "ms": 229,
          "preview": "{\n  \"path\": {\n    \"resolvedRootType\": \"active_project\",\n    \"projectRelativePath\": \"Source/Project_MJS/Public/Cinematic\",\n    \"workspaceRelativePath\": \"Source/Project_MJS/Public/Ci",
          "hardError": null
        },
        {
          "name": "read_file",
          "args": {
            "path": "Source/Project_MJS/Public/Cinematic/CinematicDirectorSubsystem.h",
            "detailLevel": "large"
          },
          "ms": 153,
          "preview": "{\n  \"ok\": true,\n  \"cached\": true,\n  \"evidenceStatus\": \"cached\",\n  \"repeatDetected\": true,\n  \"doNotRepeatRead\": true,\n  \"stopCurrentWorkflow\": false,\n  \"errorCode\": \"READ_REPEAT_DET",
          "hardError": null
        },
        {
          "name": "read_file",
          "args": {
            "path": "Source/Project_MJS/Public/Cinematic/CinematicInputLockSubsystem.h",
            "detailLevel": "large"
          },
          "ms": 150,
          "preview": "{\n  \"ok\": true,\n  \"cached\": true,\n  \"evidenceStatus\": \"cached\",\n  \"repeatDetected\": true,\n  \"doNotRepeatRead\": true,\n  \"stopCurrentWorkflow\": false,\n  \"errorCode\": \"READ_REPEAT_DET",
          "hardError": null
        },
        {
          "name": "read_file",
          "args": {
            "path": "Source/Project_MJS/Public/System/Combat/CombatTimeDilationSubsystem.h",
            "detailLevel": "large"
          },
          "ms": 153,
          "preview": "[path-metadata: {\"resolvedRootType\":\"active_project\",\"projectRelativePath\":\"Source/Project_MJS/Public/System/Combat/CombatTimeDilationSubsystem.h\",\"workspaceRelativePath\":\"Source/P",
          "hardError": null
        },
        {
          "name": "read_file",
          "args": {
            "path": "Source/Project_MJS/Public/System/Audio/SoundManagerSubsystem.h",
            "detailLevel": "large"
          },
          "ms": 151,
          "preview": "[path-metadata: {\"resolvedRootType\":\"active_project\",\"projectRelativePath\":\"Source/Project_MJS/Public/System/Audio/SoundManagerSubsystem.h\",\"workspaceRelativePath\":\"Source/Project_",
          "hardError": null
        },
        {
          "name": "read_file",
          "args": {
            "path": "Source/Project_MJS/Public/System/Debug/DevConsoleSubsystem.h",
            "detailLevel": "large"
          },
          "ms": 223,
          "preview": "[path-metadata: {\"resolvedRootType\":\"active_project\",\"projectRelativePath\":\"Source/Project_MJS/Public/System/Debug/DevConsoleSubsystem.h\",\"workspaceRelativePath\":\"Source/Project_MJ",
          "hardError": null
        },
        {
          "name": "read_file",
          "args": {
            "path": "Source/Project_MJS/Private/Cinematic/CinematicDirectorSubsystem.cpp",
            "detailLevel": "large"
          },
          "ms": 153,
          "preview": "[path-metadata: {\"resolvedRootType\":\"active_project\",\"projectRelativePath\":\"Source/Project_MJS/Private/Cinematic/CinematicDirectorSubsystem.cpp\",\"workspaceRelativePath\":\"Source/Pro",
          "hardError": null
        },
        {
          "name": "read_file",
          "args": {
            "path": "Source/Project_MJS/Private/Cinematic/CinematicInputLockSubsystem.cpp",
            "detailLevel": "large"
          },
          "ms": 150,
          "preview": "[path-metadata: {\"resolvedRootType\":\"active_project\",\"projectRelativePath\":\"Source/Project_MJS/Private/Cinematic/CinematicInputLockSubsystem.cpp\",\"workspaceRelativePath\":\"Source/Pr",
          "hardError": null
        },
        {
          "name": "read_file",
          "args": {
            "path": "Source/Project_MJS/Private/System/Combat/CombatTimeDilationSubsystem.cpp",
            "detailLevel": "large"
          },
          "ms": 151,
          "preview": "[path-metadata: {\"resolvedRootType\":\"active_project\",\"projectRelativePath\":\"Source/Project_MJS/Private/System/Combat/CombatTimeDilationSubsystem.cpp\",\"workspaceRelativePath\":\"Sourc",
          "hardError": null
        },
        {
          "name": "read_file",
          "args": {
            "path": "Source/Project_MJS/Private/System/Audio/SoundManagerSubsystem.cpp",
            "detailLevel": "large"
          },
          "ms": 223,
          "preview": "[path-metadata: {\"resolvedRootType\":\"active_project\",\"projectRelativePath\":\"Source/Project_MJS/Private/System/Audio/SoundManagerSubsystem.cpp\",\"workspaceRelativePath\":\"Source/Proje",
          "hardError": null
        },
        {
          "name": "read_file",
          "args": {
            "path": "Source/Project_MJS/Private/System/Debug/DevConsoleSubsystem.cpp",
            "detailLevel": "large"
          },
          "ms": 150,
          "preview": "[path-metadata: {\"resolvedRootType\":\"active_project\",\"projectRelativePath\":\"Source/Project_MJS/Private/System/Debug/DevConsoleSubsystem.cpp\",\"workspaceRelativePath\":\"Source/Project",
          "hardError": null
        }
      ],
      "listDirectory": 1
    },
    {
      "turnIndex": 7,
      "prompt": "카메라 시스템 관련해서 구현된것들 더 구체적으로 알려줘.",
      "ms": 144991,
      "chars": 6933,
      "preview": "Now I have a clear picture of the camera system in this project. Let me summarize concretely, based on actual code: Core pieces: - ACameraRigActor: central actor that owns SpringArm + Camera + UCameraMoveComponent + UCameraDirectingComponent. - UCameraMoveComponent: handles follo",
      "toolCalls": [
        {
          "name": "unreal_get_active_project",
          "args": {},
          "ms": 69,
          "preview": "{\n  \"activeProject\": \"C:\\\\Users\\\\sster\\\\Documents\\\\Git\\\\Project_MJS\\\\Project_MJS.uproject\",\n  \"activeProjectNames\": [\n    \"Project_MJS\"\n  ],\n  \"sharedConfigPath\": \"C:\\\\Users\\\\sster",
          "hardError": null
        },
        {
          "name": "search_files",
          "args": {
            "query": "Camera",
            "path": "Source/Project_MJS",
            "maxResults": 150
          },
          "ms": 165,
          "preview": "{\n  \"path\": {\n    \"resolvedRootType\": \"active_project\",\n    \"projectRelativePath\": \"Source/Project_MJS\",\n    \"workspaceRelativePath\": \"Source/Project_MJS\",\n    \"absolutePath\": \"C:\\",
          "hardError": null
        },
        {
          "name": "read_file",
          "args": {
            "path": "Source/Project_MJS/Public/Camera/CameraDirectingComponent.h",
            "detailLevel": "full"
          },
          "ms": 154,
          "preview": "[path-metadata: {\"resolvedRootType\":\"active_project\",\"projectRelativePath\":\"Source/Project_MJS/Public/Camera/CameraDirectingComponent.h\",\"workspaceRelativePath\":\"Source/Project_MJS",
          "hardError": null
        },
        {
          "name": "read_file",
          "args": {
            "path": "Source/Project_MJS/Public/Camera/CameraMoveComponent.h",
            "detailLevel": "full"
          },
          "ms": 155,
          "preview": "[path-metadata: {\"resolvedRootType\":\"active_project\",\"projectRelativePath\":\"Source/Project_MJS/Public/Camera/CameraMoveComponent.h\",\"workspaceRelativePath\":\"Source/Project_MJS/Publ",
          "hardError": null
        },
        {
          "name": "read_file",
          "args": {
            "path": "Source/Project_MJS/Public/Camera/CameraRigActor.h",
            "detailLevel": "full"
          },
          "ms": 226,
          "preview": "[path-metadata: {\"resolvedRootType\":\"active_project\",\"projectRelativePath\":\"Source/Project_MJS/Public/Camera/CameraRigActor.h\",\"workspaceRelativePath\":\"Source/Project_MJS/Public/Ca",
          "hardError": null
        },
        {
          "name": "read_file",
          "args": {
            "path": "Source/Project_MJS/Public/Cinematic/CinematicDirectorSubsystem.h",
            "detailLevel": "full"
          },
          "ms": 152,
          "preview": "[path-metadata: {\"resolvedRootType\":\"active_project\",\"projectRelativePath\":\"Source/Project_MJS/Public/Cinematic/CinematicDirectorSubsystem.h\",\"workspaceRelativePath\":\"Source/Projec",
          "hardError": null
        },
        {
          "name": "read_file",
          "args": {
            "path": "Source/Project_MJS/Public/Camera/CameraDirectingComponentFinder.h",
            "detailLevel": "full"
          },
          "ms": 152,
          "preview": "[path-metadata: {\"resolvedRootType\":\"active_project\",\"projectRelativePath\":\"Source/Project_MJS/Public/Camera/CameraDirectingComponentFinder.h\",\"workspaceRelativePath\":\"Source/Proje",
          "hardError": null
        }
      ],
      "listDirectory": 0
    },
    {
      "turnIndex": 8,
      "prompt": "UI 관련해서 구현된것들 더 구체적으로 알려줘.",
      "ms": 188140,
      "chars": 7022,
      "preview": "Now I have enough information to give a concrete, structured answer about the UI-related implementations in this project. I'll summarize: - MainMenuHUD / MainMenuWidget (main menu) - CPlayerHUD + GamePlayWidget + TargetingLayerWidget (in-game HUD and targeting markers) - PauseMen",
      "toolCalls": [
        {
          "name": "unreal_get_active_project",
          "args": {},
          "ms": 68,
          "preview": "{\n  \"activeProject\": \"C:\\\\Users\\\\sster\\\\Documents\\\\Git\\\\Project_MJS\\\\Project_MJS.uproject\",\n  \"activeProjectNames\": [\n    \"Project_MJS\"\n  ],\n  \"sharedConfigPath\": \"C:\\\\Users\\\\sster",
          "hardError": null
        },
        {
          "name": "search_files",
          "args": {
            "query": "UUserWidget|Slate|HUD|UI|WidgetBlueprint|UMG",
            "path": "Source/Project_MJS/Public",
            "regex": true,
            "maxResults": 120
          },
          "ms": 183,
          "preview": "{\n  \"path\": {\n    \"resolvedRootType\": \"active_project\",\n    \"projectRelativePath\": \"Source/Project_MJS/Public\",\n    \"workspaceRelativePath\": \"Source/Project_MJS/Public\",\n    \"absol",
          "hardError": null
        },
        {
          "name": "search_files",
          "args": {
            "query": "CreateWidget|SetHUD|OpenLevel|BindEvent|OnClicked|OnInputStarted",
            "path": "Source/Project_MJS/Private",
            "regex": true,
            "maxResults": 150
          },
          "ms": 182,
          "preview": "{\n  \"path\": {\n    \"resolvedRootType\": \"active_project\",\n    \"projectRelativePath\": \"Source/Project_MJS/Private\",\n    \"workspaceRelativePath\": \"Source/Project_MJS/Private\",\n    \"abs",
          "hardError": null
        },
        {
          "name": "read_file",
          "args": {
            "path": "Source/Project_MJS/Public/UI/GamePlayWidget.h",
            "detailLevel": "full"
          },
          "ms": 150,
          "preview": "[path-metadata: {\"resolvedRootType\":\"active_project\",\"projectRelativePath\":\"Source/Project_MJS/Public/UI/GamePlayWidget.h\",\"workspaceRelativePath\":\"Source/Project_MJS/Public/UI/Gam",
          "hardError": null
        },
        {
          "name": "read_file",
          "args": {
            "path": "Source/Project_MJS/Public/UI/MainMenuHUD.h",
            "detailLevel": "full"
          },
          "ms": 150,
          "preview": "[path-metadata: {\"resolvedRootType\":\"active_project\",\"projectRelativePath\":\"Source/Project_MJS/Public/UI/MainMenuHUD.h\",\"workspaceRelativePath\":\"Source/Project_MJS/Public/UI/MainMe",
          "hardError": null
        },
        {
          "name": "read_file",
          "args": {
            "path": "Source/Project_MJS/Public/UI/MainMenuWidget.h",
            "detailLevel": "full"
          },
          "ms": 236,
          "preview": "[path-metadata: {\"resolvedRootType\":\"active_project\",\"projectRelativePath\":\"Source/Project_MJS/Public/UI/MainMenuWidget.h\",\"workspaceRelativePath\":\"Source/Project_MJS/Public/UI/Mai",
          "hardError": null
        },
        {
          "name": "read_file",
          "args": {
            "path": "Source/Project_MJS/Public/UI/PauseMenuWidget.h",
            "detailLevel": "full"
          },
          "ms": 155,
          "preview": "[path-metadata: {\"resolvedRootType\":\"active_project\",\"projectRelativePath\":\"Source/Project_MJS/Public/UI/PauseMenuWidget.h\",\"workspaceRelativePath\":\"Source/Project_MJS/Public/UI/Pa",
          "hardError": null
        },
        {
          "name": "read_file",
          "args": {
            "path": "Source/Project_MJS/Public/UI/TargetingLayerWidget.h",
            "detailLevel": "full"
          },
          "ms": 149,
          "preview": "[path-metadata: {\"resolvedRootType\":\"active_project\",\"projectRelativePath\":\"Source/Project_MJS/Public/UI/TargetingLayerWidget.h\",\"workspaceRelativePath\":\"Source/Project_MJS/Public/",
          "hardError": null
        },
        {
          "name": "read_file",
          "args": {
            "path": "Source/Project_MJS/Private/UI/MainMenuHUD.cpp",
            "detailLevel": "full"
          },
          "ms": 154,
          "preview": "[path-metadata: {\"resolvedRootType\":\"active_project\",\"projectRelativePath\":\"Source/Project_MJS/Private/UI/MainMenuHUD.cpp\",\"workspaceRelativePath\":\"Source/Project_MJS/Private/UI/Ma",
          "hardError": null
        },
        {
          "name": "read_file",
          "args": {
            "path": "Source/Project_MJS/Private/UI/MainMenuWidget.cpp",
            "detailLevel": "full"
          },
          "ms": 148,
          "preview": "[path-metadata: {\"resolvedRootType\":\"active_project\",\"projectRelativePath\":\"Source/Project_MJS/Private/UI/MainMenuWidget.cpp\",\"workspaceRelativePath\":\"Source/Project_MJS/Private/UI",
          "hardError": null
        },
        {
          "name": "read_file",
          "args": {
            "path": "Source/Project_MJS/Private/UI/PauseMenuWidget.cpp",
            "detailLevel": "full"
          },
          "ms": 151,
          "preview": "[path-metadata: {\"resolvedRootType\":\"active_project\",\"projectRelativePath\":\"Source/Project_MJS/Private/UI/PauseMenuWidget.cpp\",\"workspaceRelativePath\":\"Source/Project_MJS/Private/U",
          "hardError": null
        },
        {
          "name": "read_file",
          "args": {
            "path": "Source/Project_MJS/Private/UI/TargetingLayerWidget.cpp",
            "detailLevel": "large"
          },
          "ms": 152,
          "preview": "[path-metadata: {\"resolvedRootType\":\"active_project\",\"projectRelativePath\":\"Source/Project_MJS/Private/UI/TargetingLayerWidget.cpp\",\"workspaceRelativePath\":\"Source/Project_MJS/Priv",
          "hardError": null
        },
        {
          "name": "read_file",
          "args": {
            "path": "Source/Project_MJS/Public/Character/Player/CPlayerHUD.h",
            "detailLevel": "full"
          },
          "ms": 151,
          "preview": "[path-metadata: {\"resolvedRootType\":\"active_project\",\"projectRelativePath\":\"Source/Project_MJS/Public/Character/Player/CPlayerHUD.h\",\"workspaceRelativePath\":\"Source/Project_MJS/Pub",
          "hardError": null
        },
        {
          "name": "read_file",
          "args": {
            "path": "Source/Project_MJS/Private/Character/Player/CPlayerHUD.cpp",
            "detailLevel": "large"
          },
          "ms": 150,
          "preview": "[path-metadata: {\"resolvedRootType\":\"active_project\",\"projectRelativePath\":\"Source/Project_MJS/Private/Character/Player/CPlayerHUD.cpp\",\"workspaceRelativePath\":\"Source/Project_MJS/",
          "hardError": null
        }
      ],
      "listDirectory": 0
    },
    {
      "turnIndex": 9,
      "prompt": "플러그인 쪽을 모두 분석해봐.",
      "ms": 269190,
      "chars": 140,
      "preview": "Now read the InteriorVolume and ShadingProfile headers. __LM_STUDIO_INTERNAL_LSEP_SYNTHETIC_REASONING_END_f4e9a8d2c6b14d0c9e5f3a7b8c1d2e6a__",
      "toolCalls": [
        {
          "name": "unreal_get_active_project",
          "args": {},
          "ms": 70,
          "preview": "{\n  \"activeProject\": \"C:\\\\Users\\\\sster\\\\Documents\\\\Git\\\\Project_MJS\\\\Project_MJS.uproject\",\n  \"activeProjectNames\": [\n    \"Project_MJS\"\n  ],\n  \"sharedConfigPath\": \"C:\\\\Users\\\\sster",
          "hardError": null
        },
        {
          "name": "list_directory",
          "args": {
            "path": "Plugins"
          },
          "ms": 152,
          "preview": "{\n  \"path\": {\n    \"resolvedRootType\": \"active_project\",\n    \"projectRelativePath\": \"Plugins\",\n    \"workspaceRelativePath\": \"Plugins\",\n    \"absolutePath\": \"C:\\\\Users\\\\sster\\\\Documen",
          "hardError": null
        },
        {
          "name": "list_directory",
          "args": {
            "path": "Plugins/FMODStudio"
          },
          "ms": 227,
          "preview": "{\n  \"path\": {\n    \"resolvedRootType\": \"active_project\",\n    \"projectRelativePath\": \"Plugins/FMODStudio\",\n    \"workspaceRelativePath\": \"Plugins/FMODStudio\",\n    \"absolutePath\": \"C:\\",
          "hardError": null
        },
        {
          "name": "list_directory",
          "args": {
            "path": "Plugins/FMODStudioNiagara"
          },
          "ms": 151,
          "preview": "{\n  \"path\": {\n    \"resolvedRootType\": \"active_project\",\n    \"projectRelativePath\": \"Plugins/FMODStudioNiagara\",\n    \"workspaceRelativePath\": \"Plugins/FMODStudioNiagara\",\n    \"absol",
          "hardError": null
        },
        {
          "name": "list_directory",
          "args": {
            "path": "Plugins/LmStudioGraphExporter"
          },
          "ms": 153,
          "preview": "{\n  \"path\": {\n    \"resolvedRootType\": \"active_project\",\n    \"projectRelativePath\": \"Plugins/LmStudioGraphExporter\",\n    \"workspaceRelativePath\": \"Plugins/LmStudioGraphExporter\",\n  ",
          "hardError": null
        },
        {
          "name": "list_directory",
          "args": {
            "path": "Plugins/TrueSyncEndfieldShading"
          },
          "ms": 149,
          "preview": "{\n  \"path\": {\n    \"resolvedRootType\": \"active_project\",\n    \"projectRelativePath\": \"Plugins/TrueSyncEndfieldShading\",\n    \"workspaceRelativePath\": \"Plugins/TrueSyncEndfieldShading\"",
          "hardError": null
        },
        {
          "name": "list_directory",
          "args": {
            "path": "Plugins/TrueSyncRuntimeLoading"
          },
          "ms": 151,
          "preview": "{\n  \"path\": {\n    \"resolvedRootType\": \"active_project\",\n    \"projectRelativePath\": \"Plugins/TrueSyncRuntimeLoading\",\n    \"workspaceRelativePath\": \"Plugins/TrueSyncRuntimeLoading\",\n",
          "hardError": null
        },
        {
          "name": "read_file",
          "args": {
            "path": "Plugins/FMODStudio/FMODStudio.uplugin"
          },
          "ms": 152,
          "preview": "[path-metadata: {\"resolvedRootType\":\"active_project\",\"projectRelativePath\":\"Plugins/FMODStudio/FMODStudio.uplugin\",\"workspaceRelativePath\":\"Plugins/FMODStudio/FMODStudio.uplugin\",\"",
          "hardError": null
        },
        {
          "name": "read_file",
          "args": {
            "path": "Plugins/FMODStudioNiagara/FMODStudioNiagara.uplugin"
          },
          "ms": 152,
          "preview": "[path-metadata: {\"resolvedRootType\":\"active_project\",\"projectRelativePath\":\"Plugins/FMODStudioNiagara/FMODStudioNiagara.uplugin\",\"workspaceRelativePath\":\"Plugins/FMODStudioNiagara/",
          "hardError": null
        },
        {
          "name": "read_file",
          "args": {
            "path": "Plugins/LmStudioGraphExporter/LmStudioGraphExporter.uplugin"
          },
          "ms": 152,
          "preview": "[path-metadata: {\"resolvedRootType\":\"active_project\",\"projectRelativePath\":\"Plugins/LmStudioGraphExporter/LmStudioGraphExporter.uplugin\",\"workspaceRelativePath\":\"Plugins/LmStudioGr",
          "hardError": null
        },
        {
          "name": "read_file",
          "args": {
            "path": "Plugins/TrueSyncEndfieldShading/TrueSyncEndfieldShading.uplugin"
          },
          "ms": 150,
          "preview": "[path-metadata: {\"resolvedRootType\":\"active_project\",\"projectRelativePath\":\"Plugins/TrueSyncEndfieldShading/TrueSyncEndfieldShading.uplugin\",\"workspaceRelativePath\":\"Plugins/TrueSy",
          "hardError": null
        },
        {
          "name": "read_file",
          "args": {
            "path": "Plugins/TrueSyncRuntimeLoading/TrueSyncRuntimeLoading.uplugin"
          },
          "ms": 151,
          "preview": "[path-metadata: {\"resolvedRootType\":\"active_project\",\"projectRelativePath\":\"Plugins/TrueSyncRuntimeLoading/TrueSyncRuntimeLoading.uplugin\",\"workspaceRelativePath\":\"Plugins/TrueSync",
          "hardError": null
        },
        {
          "name": "list_directory",
          "args": {
            "path": "Plugins/FMODStudio/Source"
          },
          "ms": 152,
          "preview": "{\n  \"path\": {\n    \"resolvedRootType\": \"active_project\",\n    \"projectRelativePath\": \"Plugins/FMODStudio/Source\",\n    \"workspaceRelativePath\": \"Plugins/FMODStudio/Source\",\n    \"absol",
          "hardError": null
        },
        {
          "name": "list_directory",
          "args": {
            "path": "Plugins/FMODStudioNiagara/Source"
          },
          "ms": 151,
          "preview": "{\n  \"path\": {\n    \"resolvedRootType\": \"active_project\",\n    \"projectRelativePath\": \"Plugins/FMODStudioNiagara/Source\",\n    \"workspaceRelativePath\": \"Plugins/FMODStudioNiagara/Sourc",
          "hardError": null
        },
        {
          "name": "list_directory",
          "args": {
            "path": "Plugins/LmStudioGraphExporter/Source"
          },
          "ms": 153,
          "preview": "{\n  \"path\": {\n    \"resolvedRootType\": \"active_project\",\n    \"projectRelativePath\": \"Plugins/LmStudioGraphExporter/Source\",\n    \"workspaceRelativePath\": \"Plugins/LmStudioGraphExport",
          "hardError": null
        },
        {
          "name": "list_directory",
          "args": {
            "path": "Plugins/TrueSyncEndfieldShading/Source"
          },
          "ms": 225,
          "preview": "{\n  \"path\": {\n    \"resolvedRootType\": \"active_project\",\n    \"projectRelativePath\": \"Plugins/TrueSyncEndfieldShading/Source\",\n    \"workspaceRelativePath\": \"Plugins/TrueSyncEndfieldS",
          "hardError": null
        },
        {
          "name": "list_directory",
          "args": {
            "path": "Plugins/TrueSyncRuntimeLoading/Source"
          },
          "ms": 151,
          "preview": "{\n  \"path\": {\n    \"resolvedRootType\": \"active_project\",\n    \"projectRelativePath\": \"Plugins/TrueSyncRuntimeLoading/Source\",\n    \"workspaceRelativePath\": \"Plugins/TrueSyncRuntimeLoa",
          "hardError": null
        },
        {
          "name": "list_directory",
          "args": {
            "path": "Plugins/FMODStudio/Source/FMODStudio"
          },
          "ms": 153,
          "preview": "{\n  \"path\": {\n    \"resolvedRootType\": \"active_project\",\n    \"projectRelativePath\": \"Plugins/FMODStudio/Source/FMODStudio\",\n    \"workspaceRelativePath\": \"Plugins/FMODStudio/Source/F",
          "hardError": null
        },
        {
          "name": "list_directory",
          "args": {
            "path": "Plugins/FMODStudioNiagara/Source/FMODStudioNiagara"
          },
          "ms": 156,
          "preview": "{\n  \"path\": {\n    \"resolvedRootType\": \"active_project\",\n    \"projectRelativePath\": \"Plugins/FMODStudioNiagara/Source/FMODStudioNiagara\",\n    \"workspaceRelativePath\": \"Plugins/FMODS",
          "hardError": null
        },
        {
          "name": "list_directory",
          "args": {
            "path": "Plugins/LmStudioGraphExporter/Source/LmStudioGraphExporter"
          },
          "ms": 151,
          "preview": "{\n  \"path\": {\n    \"resolvedRootType\": \"active_project\",\n    \"projectRelativePath\": \"Plugins/LmStudioGraphExporter/Source/LmStudioGraphExporter\",\n    \"workspaceRelativePath\": \"Plugi",
          "hardError": null
        },
        {
          "name": "list_directory",
          "args": {
            "path": "Plugins/TrueSyncEndfieldShading/Source/TrueSyncEndfieldShading"
          },
          "ms": 150,
          "preview": "{\n  \"path\": {\n    \"resolvedRootType\": \"active_project\",\n    \"projectRelativePath\": \"Plugins/TrueSyncEndfieldShading/Source/TrueSyncEndfieldShading\",\n    \"workspaceRelativePath\": \"P",
          "hardError": null
        },
        {
          "name": "list_directory",
          "args": {
            "path": "Plugins/TrueSyncRuntimeLoading/Source/TrueSyncRuntimeLoading"
          },
          "ms": 226,
          "preview": "{\n  \"path\": {\n    \"resolvedRootType\": \"active_project\",\n    \"projectRelativePath\": \"Plugins/TrueSyncRuntimeLoading/Source/TrueSyncRuntimeLoading\",\n    \"workspaceRelativePath\": \"Plu",
          "hardError": null
        },
        {
          "name": "read_file",
          "args": {
            "path": "Plugins/LmStudioGraphExporter/Source/LmStudioGraphExporter/LmStudioGraphExporter.Build.cs"
          },
          "ms": 152,
          "preview": "[path-metadata: {\"resolvedRootType\":\"active_project\",\"projectRelativePath\":\"Plugins/LmStudioGraphExporter/Source/LmStudioGraphExporter/LmStudioGraphExporter.Build.cs\",\"workspaceRel",
          "hardError": null
        },
        {
          "name": "read_file",
          "args": {
            "path": "Plugins/TrueSyncEndfieldShading/Source/TrueSyncEndfieldShading/TrueSyncEndfieldShading.Build.cs"
          },
          "ms": 223,
          "preview": "[path-metadata: {\"resolvedRootType\":\"active_project\",\"projectRelativePath\":\"Plugins/TrueSyncEndfieldShading/Source/TrueSyncEndfieldShading/TrueSyncEndfieldShading.Build.cs\",\"worksp",
          "hardError": null
        },
        {
          "name": "read_file",
          "args": {
            "path": "Plugins/TrueSyncRuntimeLoading/Source/TrueSyncRuntimeLoading/TrueSyncRuntimeLoading.Build.cs"
          },
          "ms": 155,
          "preview": "[path-metadata: {\"resolvedRootType\":\"active_project\",\"projectRelativePath\":\"Plugins/TrueSyncRuntimeLoading/Source/TrueSyncRuntimeLoading/TrueSyncRuntimeLoading.Build.cs\",\"workspace",
          "hardError": null
        },
        {
          "name": "list_directory",
          "args": {
            "path": "Plugins/LmStudioGraphExporter/Source/LmStudioGraphExporter/Public"
          },
          "ms": 227,
          "preview": "{\n  \"path\": {\n    \"resolvedRootType\": \"active_project\",\n    \"projectRelativePath\": \"Plugins/LmStudioGraphExporter/Source/LmStudioGraphExporter/Public\",\n    \"workspaceRelativePath\":",
          "hardError": null
        },
        {
          "name": "list_directory",
          "args": {
            "path": "Plugins/LmStudioGraphExporter/Source/LmStudioGraphExporter/Private"
          },
          "ms": 151,
          "preview": "{\n  \"path\": {\n    \"resolvedRootType\": \"active_project\",\n    \"projectRelativePath\": \"Plugins/LmStudioGraphExporter/Source/LmStudioGraphExporter/Private\",\n    \"workspaceRelativePath\"",
          "hardError": null
        },
        {
          "name": "list_directory",
          "args": {
            "path": "Plugins/TrueSyncEndfieldShading/Source/TrueSyncEndfieldShading/Public"
          },
          "ms": 152,
          "preview": "{\n  \"path\": {\n    \"resolvedRootType\": \"active_project\",\n    \"projectRelativePath\": \"Plugins/TrueSyncEndfieldShading/Source/TrueSyncEndfieldShading/Public\",\n    \"workspaceRelativePa",
          "hardError": null
        },
        {
          "name": "list_directory",
          "args": {
            "path": "Plugins/TrueSyncEndfieldShading/Source/TrueSyncEndfieldShading/Private"
          },
          "ms": 152,
          "preview": "{\n  \"path\": {\n    \"resolvedRootType\": \"active_project\",\n    \"projectRelativePath\": \"Plugins/TrueSyncEndfieldShading/Source/TrueSyncEndfieldShading/Private\",\n    \"workspaceRelativeP",
          "hardError": null
        },
        {
          "name": "list_directory",
          "args": {
            "path": "Plugins/TrueSyncRuntimeLoading/Source/TrueSyncRuntimeLoading/Public"
          },
          "ms": 150,
          "preview": "{\n  \"path\": {\n    \"resolvedRootType\": \"active_project\",\n    \"projectRelativePath\": \"Plugins/TrueSyncRuntimeLoading/Source/TrueSyncRuntimeLoading/Public\",\n    \"workspaceRelativePath",
          "hardError": null
        },
        {
          "name": "list_directory",
          "args": {
            "path": "Plugins/TrueSyncRuntimeLoading/Source/TrueSyncRuntimeLoading/Private"
          },
          "ms": 151,
          "preview": "{\n  \"path\": {\n    \"resolvedRootType\": \"active_project\",\n    \"projectRelativePath\": \"Plugins/TrueSyncRuntimeLoading/Source/TrueSyncRuntimeLoading/Private\",\n    \"workspaceRelativePat",
          "hardError": null
        },
        {
          "name": "read_file",
          "args": {
            "path": "Plugins/LmStudioGraphExporter/Source/LmStudioGraphExporter/Public/LmStudioGraphExporterLibrary.h"
          },
          "ms": 151,
          "preview": "[path-metadata: {\"resolvedRootType\":\"active_project\",\"projectRelativePath\":\"Plugins/LmStudioGraphExporter/Source/LmStudioGraphExporter/Public/LmStudioGraphExporterLibrary.h\",\"works",
          "hardError": null
        },
        {
          "name": "read_file",
          "args": {
            "path": "Plugins/LmStudioGraphExporter/Source/LmStudioGraphExporter/Private/LmStudioGraphExporterModule.cpp"
          },
          "ms": 152,
          "preview": "[path-metadata: {\"resolvedRootType\":\"active_project\",\"projectRelativePath\":\"Plugins/LmStudioGraphExporter/Source/LmStudioGraphExporter/Private/LmStudioGraphExporterModule.cpp\",\"wor",
          "hardError": null
        },
        {
          "name": "read_file",
          "args": {
            "path": "Plugins/TrueSyncEndfieldShading/Source/TrueSyncEndfieldShading/Public/TrueSyncEndfieldShadingModule.h"
          },
          "ms": 154,
          "preview": "[path-metadata: {\"resolvedRootType\":\"active_project\",\"projectRelativePath\":\"Plugins/TrueSyncEndfieldShading/Source/TrueSyncEndfieldShading/Public/TrueSyncEndfieldShadingModule.h\",\"",
          "hardError": null
        },
        {
          "name": "read_file",
          "args": {
            "path": "Plugins/TrueSyncEndfieldShading/Source/TrueSyncEndfieldShading/Private/TrueSyncEndfieldShadingModule.cpp"
          },
          "ms": 154,
          "preview": "[path-metadata: {\"resolvedRootType\":\"active_project\",\"projectRelativePath\":\"Plugins/TrueSyncEndfieldShading/Source/TrueSyncEndfieldShading/Private/TrueSyncEndfieldShadingModule.cpp",
          "hardError": null
        },
        {
          "name": "read_file",
          "args": {
            "path": "Plugins/TrueSyncEndfieldShading/Source/TrueSyncEndfieldShading/Public/TrueSyncEndfieldShadingSceneViewExtension.h"
          },
          "ms": 153,
          "preview": "[path-metadata: {\"resolvedRootType\":\"active_project\",\"projectRelativePath\":\"Plugins/TrueSyncEndfieldShading/Source/TrueSyncEndfieldShading/Public/TrueSyncEndfieldShadingSceneViewEx",
          "hardError": null
        },
        {
          "name": "read_file",
          "args": {
            "path": "Plugins/TrueSyncEndfieldShading/Source/TrueSyncEndfieldShading/Private/TrueSyncEndfieldShadingShaders.h"
          },
          "ms": 154,
          "preview": "[path-metadata: {\"resolvedRootType\":\"active_project\",\"projectRelativePath\":\"Plugins/TrueSyncEndfieldShading/Source/TrueSyncEndfieldShading/Private/TrueSyncEndfieldShadingShaders.h\"",
          "hardError": null
        },
        {
          "name": "read_file",
          "args": {
            "path": "Plugins/TrueSyncEndfieldShading/Source/TrueSyncEndfieldShading/Public/TrueSyncEndfieldShadingWorldSubsystem.h"
          },
          "ms": 226,
          "preview": "[path-metadata: {\"resolvedRootType\":\"active_project\",\"projectRelativePath\":\"Plugins/TrueSyncEndfieldShading/Source/TrueSyncEndfieldShading/Public/TrueSyncEndfieldShadingWorldSubsys",
          "hardError": null
        },
        {
          "name": "read_file",
          "args": {
            "path": "Plugins/TrueSyncEndfieldShading/Source/TrueSyncEndfieldShading/Private/TrueSyncEndfieldShadingWorldSubsystem.cpp"
          },
          "ms": 153,
          "preview": "[path-metadata: {\"resolvedRootType\":\"active_project\",\"projectRelativePath\":\"Plugins/TrueSyncEndfieldShading/Source/TrueSyncEndfieldShading/Private/TrueSyncEndfieldShadingWorldSubsy",
          "hardError": null
        },
        {
          "name": "read_file",
          "args": {
            "path": "Plugins/TrueSyncEndfieldShading/Source/TrueSyncEndfieldShading/Public/TrueSyncEndfieldInteriorVolume.h"
          },
          "ms": 153,
          "preview": "[path-metadata: {\"resolvedRootType\":\"active_project\",\"projectRelativePath\":\"Plugins/TrueSyncEndfieldShading/Source/TrueSyncEndfieldShading/Public/TrueSyncEndfieldInteriorVolume.h\",",
          "hardError": null
        },
        {
          "name": "read_file",
          "args": {
            "path": "Plugins/TrueSyncEndfieldShading/Source/TrueSyncEndfieldShading/Public/TrueSyncEndfieldShadingProfile.h"
          },
          "ms": 150,
          "preview": "[path-metadata: {\"resolvedRootType\":\"active_project\",\"projectRelativePath\":\"Plugins/TrueSyncEndfieldShading/Source/TrueSyncEndfieldShading/Public/TrueSyncEndfieldShadingProfile.h\",",
          "hardError": null
        }
      ],
      "listDirectory": 22
    },
    {
      "turnIndex": 10,
      "prompt": "셰이더 플러그인 쪽 더 구체적으로 알려줘.",
      "ms": 145587,
      "chars": 5413,
      "preview": "Now I have a clear picture of the shader plugin. Let me summarize it concretely for the user in Korean, focusing on: - What this plugin is (TrueSyncEndfieldShading) - How it hooks into rendering (SceneViewExtension + post-process pass) - Shader structure (.ush / .usf files and ro",
      "toolCalls": [
        {
          "name": "get_active_project",
          "args": {},
          "ms": 171,
          "preview": "{\n  \"activeProject\": \"C:\\\\Users\\\\sster\\\\Documents\\\\Git\\\\Project_MJS\\\\Project_MJS.uproject\",\n  \"details\": {\n    \"projectPath\": \"C:\\\\Users\\\\sster\\\\Documents\\\\Git\\\\Project_MJS\\\\Projec",
          "hardError": null
        },
        {
          "name": "list_directory",
          "args": {
            "path": "Plugins",
            "maxEntries": 100
          },
          "ms": 152,
          "preview": "{\n  \"path\": {\n    \"resolvedRootType\": \"active_project\",\n    \"projectRelativePath\": \"Plugins\",\n    \"workspaceRelativePath\": \"Plugins\",\n    \"absolutePath\": \"C:\\\\Users\\\\sster\\\\Documen",
          "hardError": null
        },
        {
          "name": "list_directory",
          "args": {
            "path": "Plugins/TrueSyncEndfieldShading",
            "maxEntries": 100
          },
          "ms": 153,
          "preview": "{\n  \"path\": {\n    \"resolvedRootType\": \"active_project\",\n    \"projectRelativePath\": \"Plugins/TrueSyncEndfieldShading\",\n    \"workspaceRelativePath\": \"Plugins/TrueSyncEndfieldShading\"",
          "hardError": null
        },
        {
          "name": "read_file",
          "args": {
            "path": "Plugins/TrueSyncEndfieldShading/Source/TrueSyncEndfieldShading/Public/TrueSyncEndfieldShadingWorldSubsystem.h"
          },
          "ms": 151,
          "preview": "{\n  \"ok\": true,\n  \"cached\": true,\n  \"evidenceStatus\": \"cached\",\n  \"repeatDetected\": true,\n  \"doNotRepeatRead\": true,\n  \"stopCurrentWorkflow\": false,\n  \"errorCode\": \"READ_REPEAT_DET",
          "hardError": null
        },
        {
          "name": "read_file",
          "args": {
            "path": "Plugins/TrueSyncEndfieldShading/Source/TrueSyncEndfieldShading/Private/TrueSyncEndfieldShadingWorldSubsystem.cpp"
          },
          "ms": 222,
          "preview": "{\n  \"ok\": true,\n  \"cached\": true,\n  \"evidenceStatus\": \"cached\",\n  \"repeatDetected\": true,\n  \"doNotRepeatRead\": true,\n  \"stopCurrentWorkflow\": false,\n  \"errorCode\": \"READ_REPEAT_DET",
          "hardError": null
        },
        {
          "name": "read_file",
          "args": {
            "path": "Plugins/TrueSyncEndfieldShading/Source/TrueSyncEndfieldShading/Public/TrueSyncEndfieldShadingSceneViewExtension.h"
          },
          "ms": 152,
          "preview": "{\n  \"ok\": true,\n  \"cached\": true,\n  \"evidenceStatus\": \"cached\",\n  \"repeatDetected\": true,\n  \"doNotRepeatRead\": true,\n  \"stopCurrentWorkflow\": false,\n  \"errorCode\": \"READ_REPEAT_DET",
          "hardError": null
        },
        {
          "name": "list_directory",
          "args": {
            "path": "Plugins/TrueSyncEndfieldShading/Shaders",
            "maxEntries": 100
          },
          "ms": 226,
          "preview": "{\n  \"path\": {\n    \"resolvedRootType\": \"active_project\",\n    \"projectRelativePath\": \"Plugins/TrueSyncEndfieldShading/Shaders\",\n    \"workspaceRelativePath\": \"Plugins/TrueSyncEndfield",
          "hardError": null
        },
        {
          "name": "list_directory",
          "args": {
            "path": "Plugins/TrueSyncEndfieldShading/Shaders/Private",
            "maxEntries": 100
          },
          "ms": 152,
          "preview": "{\n  \"path\": {\n    \"resolvedRootType\": \"active_project\",\n    \"projectRelativePath\": \"Plugins/TrueSyncEndfieldShading/Shaders/Private\",\n    \"workspaceRelativePath\": \"Plugins/TrueSync",
          "hardError": null
        },
        {
          "name": "list_directory",
          "args": {
            "path": "Plugins/TrueSyncEndfieldShading/Shaders/Public",
            "maxEntries": 100
          },
          "ms": 152,
          "preview": "{\n  \"path\": {\n    \"resolvedRootType\": \"active_project\",\n    \"projectRelativePath\": \"Plugins/TrueSyncEndfieldShading/Shaders/Public\",\n    \"workspaceRelativePath\": \"Plugins/TrueSyncE",
          "hardError": null
        },
        {
          "name": "read_file",
          "args": {
            "path": "Plugins/TrueSyncEndfieldShading/Source/TrueSyncEndfieldShading/Private/TrueSyncEndfieldShadingShaders.h"
          },
          "ms": 151,
          "preview": "{\n  \"ok\": true,\n  \"cached\": true,\n  \"evidenceStatus\": \"cached\",\n  \"repeatDetected\": true,\n  \"doNotRepeatRead\": true,\n  \"stopCurrentWorkflow\": false,\n  \"errorCode\": \"READ_REPEAT_DET",
          "hardError": null
        }
      ],
      "listDirectory": 5
    },
    {
      "turnIndex": 11,
      "prompt": "로딩 플러그인쪽 더 구체적으로 알려줘.",
      "ms": 190669,
      "chars": 5521,
      "preview": "Now I have all the concrete details of the TrueSyncRuntimeLoading plugin. Let me summarize it clearly and specifically for the user in Korean, focusing on how this loading system works in their project. __LM_STUDIO_INTERNAL_LSEP_SYNTHETIC_REASONING_END_f4e9a8d2c6b14d0c9e5f3a7b8c1",
      "toolCalls": [
        {
          "name": "get_active_project",
          "args": {},
          "ms": 154,
          "preview": "{\n  \"activeProject\": \"C:\\\\Users\\\\sster\\\\Documents\\\\Git\\\\Project_MJS\\\\Project_MJS.uproject\",\n  \"details\": {\n    \"projectPath\": \"C:\\\\Users\\\\sster\\\\Documents\\\\Git\\\\Project_MJS\\\\Projec",
          "hardError": null
        },
        {
          "name": "list_directory",
          "args": {
            "path": "Plugins/TrueSyncRuntimeLoading"
          },
          "ms": 153,
          "preview": "{\n  \"path\": {\n    \"resolvedRootType\": \"active_project\",\n    \"projectRelativePath\": \"Plugins/TrueSyncRuntimeLoading\",\n    \"workspaceRelativePath\": \"Plugins/TrueSyncRuntimeLoading\",\n",
          "hardError": null
        },
        {
          "name": "list_directory",
          "args": {
            "path": "Plugins/TrueSyncRuntimeLoading/Source"
          },
          "ms": 150,
          "preview": "{\n  \"path\": {\n    \"resolvedRootType\": \"active_project\",\n    \"projectRelativePath\": \"Plugins/TrueSyncRuntimeLoading/Source\",\n    \"workspaceRelativePath\": \"Plugins/TrueSyncRuntimeLoa",
          "hardError": null
        },
        {
          "name": "read_file",
          "args": {
            "path": "Plugins/TrueSyncRuntimeLoading/TrueSyncRuntimeLoading.uplugin"
          },
          "ms": 149,
          "preview": "{\n  \"ok\": true,\n  \"cached\": true,\n  \"evidenceStatus\": \"cached\",\n  \"repeatDetected\": true,\n  \"doNotRepeatRead\": true,\n  \"stopCurrentWorkflow\": false,\n  \"errorCode\": \"READ_REPEAT_DET",
          "hardError": null
        },
        {
          "name": "list_directory",
          "args": {
            "path": "Plugins/TrueSyncRuntimeLoading/Source/TrueSyncRuntimeLoading"
          },
          "ms": 153,
          "preview": "{\n  \"path\": {\n    \"resolvedRootType\": \"active_project\",\n    \"projectRelativePath\": \"Plugins/TrueSyncRuntimeLoading/Source/TrueSyncRuntimeLoading\",\n    \"workspaceRelativePath\": \"Plu",
          "hardError": null
        },
        {
          "name": "read_file",
          "args": {
            "path": "Plugins/TrueSyncRuntimeLoading/Source/TrueSyncRuntimeLoading/TrueSyncRuntimeLoading.Build.cs"
          },
          "ms": 256,
          "preview": "{\n  \"ok\": true,\n  \"cached\": true,\n  \"evidenceStatus\": \"cached\",\n  \"repeatDetected\": true,\n  \"doNotRepeatRead\": true,\n  \"stopCurrentWorkflow\": false,\n  \"errorCode\": \"READ_REPEAT_DET",
          "hardError": null
        },
        {
          "name": "list_directory",
          "args": {
            "path": "Plugins/TrueSyncRuntimeLoading/Source/TrueSyncRuntimeLoading/Public"
          },
          "ms": 169,
          "preview": "{\n  \"path\": {\n    \"resolvedRootType\": \"active_project\",\n    \"projectRelativePath\": \"Plugins/TrueSyncRuntimeLoading/Source/TrueSyncRuntimeLoading/Public\",\n    \"workspaceRelativePath",
          "hardError": null
        },
        {
          "name": "list_directory",
          "args": {
            "path": "Plugins/TrueSyncRuntimeLoading/Source/TrueSyncRuntimeLoading/Private"
          },
          "ms": 170,
          "preview": "{\n  \"path\": {\n    \"resolvedRootType\": \"active_project\",\n    \"projectRelativePath\": \"Plugins/TrueSyncRuntimeLoading/Source/TrueSyncRuntimeLoading/Private\",\n    \"workspaceRelativePat",
          "hardError": null
        },
        {
          "name": "read_file",
          "args": {
            "path": "Plugins/TrueSyncRuntimeLoading/Source/TrueSyncRuntimeLoading/Public/TrueSyncLoadingTypes.h"
          },
          "ms": 226,
          "preview": "[path-metadata: {\"resolvedRootType\":\"active_project\",\"projectRelativePath\":\"Plugins/TrueSyncRuntimeLoading/Source/TrueSyncRuntimeLoading/Public/TrueSyncLoadingTypes.h\",\"workspaceRe",
          "hardError": null
        },
        {
          "name": "read_file",
          "args": {
            "path": "Plugins/TrueSyncRuntimeLoading/Source/TrueSyncRuntimeLoading/Public/TrueSyncLoadManifest.h"
          },
          "ms": 151,
          "preview": "[path-metadata: {\"resolvedRootType\":\"active_project\",\"projectRelativePath\":\"Plugins/TrueSyncRuntimeLoading/Source/TrueSyncRuntimeLoading/Public/TrueSyncLoadManifest.h\",\"workspaceRe",
          "hardError": null
        },
        {
          "name": "read_file",
          "args": {
            "path": "Plugins/TrueSyncRuntimeLoading/Source/TrueSyncRuntimeLoading/Public/TrueSyncLoadingSubsystem.h"
          },
          "ms": 152,
          "preview": "[path-metadata: {\"resolvedRootType\":\"active_project\",\"projectRelativePath\":\"Plugins/TrueSyncRuntimeLoading/Source/TrueSyncRuntimeLoading/Public/TrueSyncLoadingSubsystem.h\",\"workspa",
          "hardError": null
        },
        {
          "name": "read_file",
          "args": {
            "path": "Plugins/TrueSyncRuntimeLoading/Source/TrueSyncRuntimeLoading/Private/TrueSyncLoadingSubsystem.cpp"
          },
          "ms": 231,
          "preview": "[path-metadata: {\"resolvedRootType\":\"active_project\",\"projectRelativePath\":\"Plugins/TrueSyncRuntimeLoading/Source/TrueSyncRuntimeLoading/Private/TrueSyncLoadingSubsystem.cpp\",\"work",
          "hardError": null
        }
      ],
      "listDirectory": 5
    },
    {
      "turnIndex": 12,
      "prompt": "로딩 플러그인 쪽의 개선 방향 더 구체적으로 알려줘.",
      "ms": 111829,
      "chars": 6676,
      "preview": "Now I have a clear picture of the current TrueSyncRuntimeLoading plugin. Let me analyze it and provide concrete improvement directions based on what's actually implemented vs what should be improved for robustness, performance, and usability in a real project like this. Key obser",
      "toolCalls": [
        {
          "name": "get_active_project",
          "args": {},
          "ms": 170,
          "preview": "{\n  \"activeProject\": \"C:\\\\Users\\\\sster\\\\Documents\\\\Git\\\\Project_MJS\\\\Project_MJS.uproject\",\n  \"details\": {\n    \"projectPath\": \"C:\\\\Users\\\\sster\\\\Documents\\\\Git\\\\Project_MJS\\\\Projec",
          "hardError": null
        },
        {
          "name": "list_directory",
          "args": {
            "path": "Source"
          },
          "ms": 227,
          "preview": "{\n  \"path\": {\n    \"resolvedRootType\": \"active_project\",\n    \"projectRelativePath\": \"Source\",\n    \"workspaceRelativePath\": \"Source\",\n    \"absolutePath\": \"C:\\\\Users\\\\sster\\\\Documents",
          "hardError": null
        },
        {
          "name": "read_file",
          "args": {
            "path": "Plugins/TrueSyncRuntimeLoading/Source/TrueSyncRuntimeLoading/Public/TrueSyncLoadingSubsystem.h"
          },
          "ms": 151,
          "preview": "{\n  \"ok\": true,\n  \"cached\": true,\n  \"evidenceStatus\": \"cached\",\n  \"repeatDetected\": true,\n  \"doNotRepeatRead\": true,\n  \"stopCurrentWorkflow\": false,\n  \"errorCode\": \"READ_REPEAT_DET",
          "hardError": null
        }
      ],
      "listDirectory": 1
    }
  ]
}
EXIT=0 
