[debug] driver boot {"pid":19916,"platform":"win32","node":"v24.17.0","cwd":"c:\\Users\\sster\\Documents\\Git\\UE5_Local_LLM_MCP_lmstudio","generateTimeoutMs":300000,"maxRounds":12,"startAt":1,"maxListPerTurn":6,"maxListDepth":4,"maxParallelTools":3,"maxAvgList":5}
isolatedState C:\Users\sster\AppData\Local\Temp\compactor-marathon-lH2yAC
pid 19916
plugin codex/unreal-context-compactor rev 17
connecting MCP...
{"event":"mcp_catalog_initialized","server":"unreal-agent","profile":"essential","registeredToolCount":27,"advertisedToolCount":18,"routeContextStatus":"none","routeErrorCode":"","stateRoot":"C:\\Users\\sster\\.lmstudio\\state\\unreal-agent","activeProject":"C:\\Users\\sster\\Documents\\Git\\Project_MJS\\Project_MJS.uproject"}
[mcp:unreal-rag] {"event":"mcp_catalog_initialized","server":"unreal-rag","profile":"essential","registeredToolCount":60,"advertisedToolCount":25,"routeContextStatus":"none","routeErrorCode":"","stateRoot":"C:\\Users\\sster\\.lmstudio\\state\\unreal-agent","activeProject":"C:\\Users\\sster\\Documents\\Git\\Project_MJS\\Project_MJS.uproject"}
[debug] tools ready {"count":8,"names":["get_workspace_info","get_active_project","list_directory","read_file","read_file_range","search_files","unreal_rag_search","unreal_get_active_project"]}
loaded model qwen3.6-27b-heretic-uncensored-finetune-neo-code-di-imatrix-max

===== TURN 1/17 =====
현재 프로젝트 찾고 코드 구조 전체 적으로 확인해줘
[debug] prediction round {"turnIndex":1,"round":1,"historyLen":2,"generateTimeoutMs":300000,"pid":19916,"listCount":0,"listBlocked":0}
[debug] await generate() {"turnIndex":1,"round":1,"historyLen":2}
[debug] generate attempt tool surface {"turnIndex":1,"round":1,"attempt":1,"toolCount":8,"toolNames":["get_workspace_info","get_active_project","list_directory","read_file","read_file_range","search_files","unreal_rag_search","unreal_get_active_project"],"temperature":0.2}
[unreal-context-compactor] Proxy active: target=qwen3.6-27b-heretic-uncensored-finetune-neo-code-di-imatrix-max input=121 context=55040 action=normal
[debug] generate returned {"turnIndex":1,"round":1,"waitedMs":3792,"fragmentChars":288,"toolRequests":1,"droppedRequests":0,"failures":0}
[debug] tool call {"turnIndex":1,"name":"get_active_project","args":{},"ms":217,"hardError":null,"preview":"{\n  \"activeProject\": \"C:\\\\Users\\\\sster\\\\Documents\\\\Git\\\\Project_MJS\\\\Project_MJS.uproject\",\n  \"details\": {\n    \"projectPath\": \"C:\\\\Users\\\\sster\\\\Documents\\\\Git\\\\Project_MJS\\\\Project_MJS.uproject\",\n    \"projectDir\": \"C:\\\\"}
[debug] prediction round {"turnIndex":1,"round":2,"historyLen":4,"generateTimeoutMs":300000,"pid":19916,"listCount":0,"listBlocked":0}
[debug] await generate() {"turnIndex":1,"round":2,"historyLen":4}
[debug] generate attempt tool surface {"turnIndex":1,"round":2,"attempt":1,"toolCount":8,"toolNames":["get_workspace_info","get_active_project","list_directory","read_file","read_file_range","search_files","unreal_rag_search","unreal_get_active_project"],"temperature":0.2}
[unreal-context-compactor] Proxy active: target=qwen3.6-27b-heretic-uncensored-finetune-neo-code-di-imatrix-max input=765 context=55040 action=normal
[debug] generate returned {"turnIndex":1,"round":2,"waitedMs":5358,"fragmentChars":357,"toolRequests":1,"droppedRequests":0,"failures":0}
[debug] list_directory guard check {"path":".","depth":0,"used":0,"maxPerTurn":6,"maxDepth":4,"seen":[]}
[debug] tool call {"turnIndex":1,"name":"list_directory","args":{"path":".","maxEntries":100},"ms":252,"hardError":null,"preview":"{\n  \"path\": {\n    \"resolvedRootType\": \"active_project\",\n    \"projectRelativePath\": \"\",\n    \"workspaceRelativePath\": \"\",\n    \"absolutePath\": \"C:\\\\Users\\\\sster\\\\Documents\\\\Git\\\\Project_MJS\",\n    \"activeProject\": \"C:\\\\Users"}
[debug] prediction round {"turnIndex":1,"round":3,"historyLen":6,"generateTimeoutMs":300000,"pid":19916,"listCount":1,"listBlocked":0}
[debug] await generate() {"turnIndex":1,"round":3,"historyLen":6}
[debug] generate attempt tool surface {"turnIndex":1,"round":3,"attempt":1,"toolCount":8,"toolNames":["get_workspace_info","get_active_project","list_directory","read_file","read_file_range","search_files","unreal_rag_search","unreal_get_active_project"],"temperature":0.2}
[unreal-context-compactor] Proxy active: target=qwen3.6-27b-heretic-uncensored-finetune-neo-code-di-imatrix-max input=1856 context=55040 action=normal
[debug] generate returned {"turnIndex":1,"round":3,"waitedMs":3009,"fragmentChars":130,"toolRequests":1,"droppedRequests":0,"failures":0}
[debug] list_directory guard check {"path":"Source","depth":1,"used":1,"maxPerTurn":6,"maxDepth":4,"seen":["."]}
[debug] tool call {"turnIndex":1,"name":"list_directory","args":{"path":"Source","maxEntries":100},"ms":232,"hardError":null,"preview":"{\n  \"path\": {\n    \"resolvedRootType\": \"active_project\",\n    \"projectRelativePath\": \"Source\",\n    \"workspaceRelativePath\": \"Source\",\n    \"absolutePath\": \"C:\\\\Users\\\\sster\\\\Documents\\\\Git\\\\Project_MJS\\\\Source\",\n    \"active"}
[debug] prediction round {"turnIndex":1,"round":4,"historyLen":8,"generateTimeoutMs":300000,"pid":19916,"listCount":2,"listBlocked":0}
[debug] await generate() {"turnIndex":1,"round":4,"historyLen":8}
[debug] generate attempt tool surface {"turnIndex":1,"round":4,"attempt":1,"toolCount":8,"toolNames":["get_workspace_info","get_active_project","list_directory","read_file","read_file_range","search_files","unreal_rag_search","unreal_get_active_project"],"temperature":0.2}
[unreal-context-compactor] Proxy active: target=qwen3.6-27b-heretic-uncensored-finetune-neo-code-di-imatrix-max input=2247 context=55040 action=normal
[debug] generate returned {"turnIndex":1,"round":4,"waitedMs":2294,"fragmentChars":121,"toolRequests":1,"droppedRequests":0,"failures":0}
[debug] list_directory guard check {"path":"Source/Project_MJS","depth":2,"used":2,"maxPerTurn":6,"maxDepth":4,"seen":[".","Source"]}
[debug] tool call {"turnIndex":1,"name":"list_directory","args":{"path":"Source/Project_MJS","maxEntries":150},"ms":169,"hardError":null,"preview":"{\n  \"path\": {\n    \"resolvedRootType\": \"active_project\",\n    \"projectRelativePath\": \"Source/Project_MJS\",\n    \"workspaceRelativePath\": \"Source/Project_MJS\",\n    \"absolutePath\": \"C:\\\\Users\\\\sster\\\\Documents\\\\Git\\\\Project_M"}
[debug] prediction round {"turnIndex":1,"round":5,"historyLen":10,"generateTimeoutMs":300000,"pid":19916,"listCount":3,"listBlocked":0}
[debug] await generate() {"turnIndex":1,"round":5,"historyLen":10}
[debug] generate attempt tool surface {"turnIndex":1,"round":5,"attempt":1,"toolCount":8,"toolNames":["get_workspace_info","get_active_project","list_directory","read_file","read_file_range","search_files","unreal_rag_search","unreal_get_active_project"],"temperature":0.2}
[unreal-context-compactor] Proxy active: target=qwen3.6-27b-heretic-uncensored-finetune-neo-code-di-imatrix-max input=2774 context=55040 action=normal
[debug] generate returned {"turnIndex":1,"round":5,"waitedMs":2484,"fragmentChars":146,"toolRequests":1,"droppedRequests":0,"failures":0}
[debug] tool call {"turnIndex":1,"name":"read_file","args":{"path":"Source/Project_MJS/Project_MJS.Build.cs"},"ms":226,"hardError":null,"preview":"[path-metadata: {\"resolvedRootType\":\"active_project\",\"projectRelativePath\":\"Source/Project_MJS/Project_MJS.Build.cs\",\"workspaceRelativePath\":\"Source/Project_MJS/Project_MJS.Build.cs\",\"absolutePath\":\"C:\\\\Users\\\\sster\\\\Doc"}
[debug] prediction round {"turnIndex":1,"round":6,"historyLen":12,"generateTimeoutMs":300000,"pid":19916,"listCount":3,"listBlocked":0}
[debug] await generate() {"turnIndex":1,"round":6,"historyLen":12}
[debug] generate attempt tool surface {"turnIndex":1,"round":6,"attempt":1,"toolCount":8,"toolNames":["get_workspace_info","get_active_project","list_directory","read_file","read_file_range","search_files","unreal_rag_search","unreal_get_active_project"],"temperature":0.2}
[unreal-context-compactor] Proxy active: target=qwen3.6-27b-heretic-uncensored-finetune-neo-code-di-imatrix-max input=3290 context=55040 action=normal
[debug] generate returned {"turnIndex":1,"round":6,"waitedMs":2765,"fragmentChars":151,"toolRequests":1,"droppedRequests":0,"failures":0}
[debug] list_directory guard check {"path":"Source/Project_MJS/Public","depth":3,"used":3,"maxPerTurn":6,"maxDepth":4,"seen":[".","Source","Source/Project_MJS"]}
[debug] tool call {"turnIndex":1,"name":"list_directory","args":{"path":"Source/Project_MJS/Public","maxEntries":150},"ms":308,"hardError":null,"preview":"{\n  \"path\": {\n    \"resolvedRootType\": \"active_project\",\n    \"projectRelativePath\": \"Source/Project_MJS/Public\",\n    \"workspaceRelativePath\": \"Source/Project_MJS/Public\",\n    \"absolutePath\": \"C:\\\\Users\\\\sster\\\\Documents\\\\"}
[debug] prediction round {"turnIndex":1,"round":7,"historyLen":14,"generateTimeoutMs":300000,"pid":19916,"listCount":4,"listBlocked":0}
[debug] await generate() {"turnIndex":1,"round":7,"historyLen":14}
[debug] generate attempt tool surface {"turnIndex":1,"round":7,"attempt":1,"toolCount":8,"toolNames":["get_workspace_info","get_active_project","list_directory","read_file","read_file_range","search_files","unreal_rag_search","unreal_get_active_project"],"temperature":0.2}
[unreal-context-compactor] Proxy active: target=qwen3.6-27b-heretic-uncensored-finetune-neo-code-di-imatrix-max input=4063 context=55040 action=normal
[debug] generate returned {"turnIndex":1,"round":7,"waitedMs":2979,"fragmentChars":137,"toolRequests":1,"droppedRequests":0,"failures":0}
[debug] list_directory guard check {"path":"Source/Project_MJS/Private","depth":3,"used":4,"maxPerTurn":6,"maxDepth":4,"seen":[".","Source","Source/Project_MJS","Source/Project_MJS/Public"]}
[debug] tool call {"turnIndex":1,"name":"list_directory","args":{"path":"Source/Project_MJS/Private","maxEntries":150},"ms":159,"hardError":null,"preview":"{\n  \"path\": {\n    \"resolvedRootType\": \"active_project\",\n    \"projectRelativePath\": \"Source/Project_MJS/Private\",\n    \"workspaceRelativePath\": \"Source/Project_MJS/Private\",\n    \"absolutePath\": \"C:\\\\Users\\\\sster\\\\Documents"}
[debug] prediction round {"turnIndex":1,"round":8,"historyLen":16,"generateTimeoutMs":300000,"pid":19916,"listCount":5,"listBlocked":0}
[debug] await generate() {"turnIndex":1,"round":8,"historyLen":16}
[debug] generate attempt tool surface {"turnIndex":1,"round":8,"attempt":1,"toolCount":8,"toolNames":["get_workspace_info","get_active_project","list_directory","read_file","read_file_range","search_files","unreal_rag_search","unreal_get_active_project"],"temperature":0.2}
[unreal-context-compactor] Proxy active: target=qwen3.6-27b-heretic-uncensored-finetune-neo-code-di-imatrix-max input=4834 context=55040 action=normal
[debug] generate returned {"turnIndex":1,"round":8,"waitedMs":3390,"fragmentChars":178,"toolRequests":1,"droppedRequests":0,"failures":0}
[debug] list_directory guard check {"path":"Source/Project_MJS/Public/Character","depth":4,"used":5,"maxPerTurn":6,"maxDepth":4,"seen":[".","Source","Source/Project_MJS","Source/Project_MJS/Public","Source/Project_MJS/Private"]}
[debug] tool call {"turnIndex":1,"name":"list_directory","args":{"path":"Source/Project_MJS/Public/Character","maxEntries":100},"ms":157,"hardError":null,"preview":"{\n  \"path\": {\n    \"resolvedRootType\": \"active_project\",\n    \"projectRelativePath\": \"Source/Project_MJS/Public/Character\",\n    \"workspaceRelativePath\": \"Source/Project_MJS/Public/Character\",\n    \"absolutePath\": \"C:\\\\Users"}
[debug] prediction round {"turnIndex":1,"round":9,"historyLen":18,"generateTimeoutMs":300000,"pid":19916,"listCount":6,"listBlocked":0}
[debug] await generate() {"turnIndex":1,"round":9,"historyLen":18}
[debug] generate attempt tool surface {"turnIndex":1,"round":9,"attempt":1,"toolCount":8,"toolNames":["get_workspace_info","get_active_project","list_directory","read_file","read_file_range","search_files","unreal_rag_search","unreal_get_active_project"],"temperature":0.2}
[unreal-context-compactor] Proxy active: target=qwen3.6-27b-heretic-uncensored-finetune-neo-code-di-imatrix-max input=5382 context=55040 action=normal
[debug] generate returned {"turnIndex":1,"round":9,"waitedMs":2869,"fragmentChars":151,"toolRequests":1,"droppedRequests":0,"failures":0}
[debug] list_directory guard check {"path":"Source/Project_MJS/Public/Character/Player","depth":5,"used":6,"maxPerTurn":6,"maxDepth":4,"seen":[".","Source","Source/Project_MJS","Source/Project_MJS/Public","Source/Project_MJS/Private","Source/Project_MJS/Public/Character"]}
[debug] tool call {"turnIndex":1,"name":"list_directory","args":{"path":"Source/Project_MJS/Public/Character/Player","maxEntries":100},"ms":1,"hardError":null,"preview":"{\n  \"ok\": false,\n  \"errorCode\": \"LIST_DIRECTORY_BUDGET_EXCEEDED\",\n  \"error\": \"list_directory budget exceeded (6/turn).\",\n  \"stopCurrentWorkflow\": false,\n  \"retryable\": false,\n  \"agentInstruction\": \"Do not call list_direc"}
[debug] prediction round {"turnIndex":1,"round":10,"historyLen":20,"generateTimeoutMs":300000,"pid":19916,"listCount":6,"listBlocked":1}
[debug] await generate() {"turnIndex":1,"round":10,"historyLen":20}
[debug] generate attempt tool surface {"turnIndex":1,"round":10,"attempt":1,"toolCount":8,"toolNames":["get_workspace_info","get_active_project","list_directory","read_file","read_file_range","search_files","unreal_rag_search","unreal_get_active_project"],"temperature":0.2}
[unreal-context-compactor] Proxy active: target=qwen3.6-27b-heretic-uncensored-finetune-neo-code-di-imatrix-max input=5568 context=55040 action=normal
[debug] generate returned {"turnIndex":1,"round":10,"waitedMs":3215,"fragmentChars":149,"toolRequests":1,"droppedRequests":0,"failures":0}
[debug] tool call {"turnIndex":1,"name":"search_files","args":{"query":"\\.h$|\\.cpp$","path":"Source/Project_MJS/Public","matchFileNames":true,"maxResults":200},"ms":229,"hardError":null,"preview":"{\n  \"path\": {\n    \"resolvedRootType\": \"active_project\",\n    \"projectRelativePath\": \"Source/Project_MJS/Public\",\n    \"workspaceRelativePath\": \"Source/Project_MJS/Public\",\n    \"absolutePath\": \"C:\\\\Users\\\\sster\\\\Documents\\\\"}
[debug] prediction round {"turnIndex":1,"round":11,"historyLen":22,"generateTimeoutMs":300000,"pid":19916,"listCount":6,"listBlocked":1}
[debug] await generate() {"turnIndex":1,"round":11,"historyLen":22}
[debug] generate attempt tool surface {"turnIndex":1,"round":11,"attempt":1,"toolCount":8,"toolNames":["get_workspace_info","get_active_project","list_directory","read_file","read_file_range","search_files","unreal_rag_search","unreal_get_active_project"],"temperature":0.2}
[unreal-context-compactor] Proxy active: target=qwen3.6-27b-heretic-uncensored-finetune-neo-code-di-imatrix-max input=5859 context=55040 action=normal
[debug] generate returned {"turnIndex":1,"round":11,"waitedMs":3140,"fragmentChars":141,"toolRequests":1,"droppedRequests":0,"failures":0}
[debug] tool call {"turnIndex":1,"name":"search_files","args":{"query":"class.*: public","path":"Source/Project_MJS/Public","regex":true,"maxResults":150},"ms":204,"hardError":null,"preview":"{\n  \"path\": {\n    \"resolvedRootType\": \"active_project\",\n    \"projectRelativePath\": \"Source/Project_MJS/Public\",\n    \"workspaceRelativePath\": \"Source/Project_MJS/Public\",\n    \"absolutePath\": \"C:\\\\Users\\\\sster\\\\Documents\\\\"}
[debug] prediction round {"turnIndex":1,"round":12,"historyLen":24,"generateTimeoutMs":300000,"pid":19916,"listCount":6,"listBlocked":1}
[debug] await generate() {"turnIndex":1,"round":12,"historyLen":24}
[debug] generate attempt tool surface {"turnIndex":1,"round":12,"attempt":1,"toolCount":8,"toolNames":["get_workspace_info","get_active_project","list_directory","read_file","read_file_range","search_files","unreal_rag_search","unreal_get_active_project"],"temperature":0.2}
[unreal-context-compactor] Proxy active: target=qwen3.6-27b-heretic-uncensored-finetune-neo-code-di-imatrix-max input=9333 context=55040 action=normal
[debug] generate returned {"turnIndex":1,"round":12,"waitedMs":6916,"fragmentChars":139,"toolRequests":1,"droppedRequests":0,"failures":0}
[debug] tool call {"turnIndex":1,"name":"search_files","args":{"query":"class.*: public","path":"Source/Project_MJS/Private","regex":true,"maxResults":100},"ms":185,"hardError":null,"preview":"{\n  \"path\": {\n    \"resolvedRootType\": \"active_project\",\n    \"projectRelativePath\": \"Source/Project_MJS/Private\",\n    \"workspaceRelativePath\": \"Source/Project_MJS/Private\",\n    \"absolutePath\": \"C:\\\\Users\\\\sster\\\\Documents"}
[debug] per-turn list_directory stats {"turnIndex":1,"listCount":6,"listBlocked":1,"listedPaths":[".","Source","Source/Project_MJS","Source/Project_MJS/Public","Source/Project_MJS/Private","Source/Project_MJS/Public/Character"]}
[debug] turn completed {"turnIndex":1,"ms":44588,"chars":139,"tools":["get_active_project","list_directory","list_directory","list_directory","read_file","list_directory","list_directory","list_directory","list_directory","search_files","search_files","search_files"],"listDirectory":6,"listBlocked":1,"preview":"좋습니다. 이제 프로젝트의 전체 코드 구조를 파악했습니다. Private 폴더도 확인해보겠습니다. __LM_STUDIO_INTERNAL_LSEP_SYNTHETIC_REASONING_END_f4e9a8d2c6b14d0c9e5f3a7b8c1d2e6a__"}

===== TURN 2/17 =====
지금 버그있는거 찾기만하고 수정은 하지마.
[debug] prediction round {"turnIndex":2,"round":1,"historyLen":27,"generateTimeoutMs":300000,"pid":19916,"listCount":0,"listBlocked":0}
[debug] await generate() {"turnIndex":2,"round":1,"historyLen":27}
[debug] generate attempt tool surface {"turnIndex":2,"round":1,"attempt":1,"toolCount":8,"toolNames":["get_workspace_info","get_active_project","list_directory","read_file","read_file_range","search_files","unreal_rag_search","unreal_get_active_project"],"temperature":0.2}
[unreal-context-compactor] Proxy active: target=qwen3.6-27b-heretic-uncensored-finetune-neo-code-di-imatrix-max input=9180 context=55040 action=normal
[debug] generate returned {"turnIndex":2,"round":1,"waitedMs":4979,"fragmentChars":475,"toolRequests":1,"droppedRequests":0,"failures":0}
[debug] tool call {"turnIndex":2,"name":"get_active_project","args":{},"ms":167,"hardError":null,"preview":"{\n  \"activeProject\": \"C:\\\\Users\\\\sster\\\\Documents\\\\Git\\\\Project_MJS\\\\Project_MJS.uproject\",\n  \"details\": {\n    \"projectPath\": \"C:\\\\Users\\\\sster\\\\Documents\\\\Git\\\\Project_MJS\\\\Project_MJS.uproject\",\n    \"projectDir\": \"C:\\\\"}
[debug] prediction round {"turnIndex":2,"round":2,"historyLen":29,"generateTimeoutMs":300000,"pid":19916,"listCount":0,"listBlocked":0}
[debug] await generate() {"turnIndex":2,"round":2,"historyLen":29}
[debug] generate attempt tool surface {"turnIndex":2,"round":2,"attempt":1,"toolCount":8,"toolNames":["get_workspace_info","get_active_project","list_directory","read_file","read_file_range","search_files","unreal_rag_search","unreal_get_active_project"],"temperature":0.2}
[unreal-context-compactor] Proxy active: target=qwen3.6-27b-heretic-uncensored-finetune-neo-code-di-imatrix-max input=9908 context=55040 action=normal
[debug] generate returned {"turnIndex":2,"round":2,"waitedMs":17915,"fragmentChars":641,"toolRequests":1,"droppedRequests":0,"failures":0}
[debug] tool call {"turnIndex":2,"name":"read_file","args":{"path":"Source/Project_MJS/Public/Character/Player/CPlayerCharacter.h"},"ms":151,"hardError":null,"preview":"[path-metadata: {\"resolvedRootType\":\"active_project\",\"projectRelativePath\":\"Source/Project_MJS/Public/Character/Player/CPlayerCharacter.h\",\"workspaceRelativePath\":\"Source/Project_MJS/Public/Character/Player/CPlayerCharac"}
[debug] prediction round {"turnIndex":2,"round":3,"historyLen":31,"generateTimeoutMs":300000,"pid":19916,"listCount":0,"listBlocked":0}
[debug] await generate() {"turnIndex":2,"round":3,"historyLen":31}
[debug] generate attempt tool surface {"turnIndex":2,"round":3,"attempt":1,"toolCount":8,"toolNames":["get_workspace_info","get_active_project","list_directory","read_file","read_file_range","search_files","unreal_rag_search","unreal_get_active_project"],"temperature":0.2}
[unreal-context-compactor] Proxy active: target=qwen3.6-27b-heretic-uncensored-finetune-neo-code-di-imatrix-max input=11152 context=55040 action=normal
[debug] generate returned {"turnIndex":2,"round":3,"waitedMs":3368,"fragmentChars":193,"toolRequests":1,"droppedRequests":0,"failures":0}
[debug] tool call {"turnIndex":2,"name":"read_file","args":{"path":"Source/Project_MJS/Private/Character/Player/CPlayerCharacter.cpp"},"ms":155,"hardError":null,"preview":"[path-metadata: {\"resolvedRootType\":\"active_project\",\"projectRelativePath\":\"Source/Project_MJS/Private/Character/Player/CPlayerCharacter.cpp\",\"workspaceRelativePath\":\"Source/Project_MJS/Private/Character/Player/CPlayerCh"}
[debug] prediction round {"turnIndex":2,"round":4,"historyLen":33,"generateTimeoutMs":300000,"pid":19916,"listCount":0,"listBlocked":0}
[debug] await generate() {"turnIndex":2,"round":4,"historyLen":33}
[debug] generate attempt tool surface {"turnIndex":2,"round":4,"attempt":1,"toolCount":8,"toolNames":["get_workspace_info","get_active_project","list_directory","read_file","read_file_range","search_files","unreal_rag_search","unreal_get_active_project"],"temperature":0.2}
[unreal-context-compactor] Proxy active: target=qwen3.6-27b-heretic-uncensored-finetune-neo-code-di-imatrix-max input=13227 context=55040 action=normal
[debug] generate returned {"turnIndex":2,"round":4,"waitedMs":5037,"fragmentChars":253,"toolRequests":1,"droppedRequests":0,"failures":0}
[debug] tool call {"turnIndex":2,"name":"read_file","args":{"path":"Source/Project_MJS/Public/Character/Player/Component/AttackComponent.h"},"ms":152,"hardError":null,"preview":"[path-metadata: {\"resolvedRootType\":\"active_project\",\"projectRelativePath\":\"Source/Project_MJS/Public/Character/Player/Component/AttackComponent.h\",\"workspaceRelativePath\":\"Source/Project_MJS/Public/Character/Player/Comp"}
[debug] prediction round {"turnIndex":2,"round":5,"historyLen":35,"generateTimeoutMs":300000,"pid":19916,"listCount":0,"listBlocked":0}
[debug] await generate() {"turnIndex":2,"round":5,"historyLen":35}
[debug] generate attempt tool surface {"turnIndex":2,"round":5,"attempt":1,"toolCount":8,"toolNames":["get_workspace_info","get_active_project","list_directory","read_file","read_file_range","search_files","unreal_rag_search","unreal_get_active_project"],"temperature":0.2}
[unreal-context-compactor] Proxy active: target=qwen3.6-27b-heretic-uncensored-finetune-neo-code-di-imatrix-max input=14166 context=55040 action=normal
[debug] generate returned {"turnIndex":2,"round":5,"waitedMs":3166,"fragmentChars":177,"toolRequests":1,"droppedRequests":0,"failures":0}
[debug] tool call {"turnIndex":2,"name":"read_file","args":{"path":"Source/Project_MJS/Private/Character/Player/Component/AttackComponent.cpp"},"ms":155,"hardError":null,"preview":"[path-metadata: {\"resolvedRootType\":\"active_project\",\"projectRelativePath\":\"Source/Project_MJS/Private/Character/Player/Component/AttackComponent.cpp\",\"workspaceRelativePath\":\"Source/Project_MJS/Private/Character/Player/"}
[debug] prediction round {"turnIndex":2,"round":6,"historyLen":37,"generateTimeoutMs":300000,"pid":19916,"listCount":0,"listBlocked":0}
[debug] await generate() {"turnIndex":2,"round":6,"historyLen":37}
[debug] generate attempt tool surface {"turnIndex":2,"round":6,"attempt":1,"toolCount":8,"toolNames":["get_workspace_info","get_active_project","list_directory","read_file","read_file_range","search_files","unreal_rag_search","unreal_get_active_project"],"temperature":0.2}
[unreal-context-compactor] Proxy active: target=qwen3.6-27b-heretic-uncensored-finetune-neo-code-di-imatrix-max input=17658 context=55040 action=normal
[debug] generate returned {"turnIndex":2,"round":6,"waitedMs":6814,"fragmentChars":236,"toolRequests":1,"droppedRequests":0,"failures":0}
[debug] tool call {"turnIndex":2,"name":"read_file","args":{"path":"Source/Project_MJS/Public/Character/Player/Component/DodgeComponent.h"},"ms":155,"hardError":null,"preview":"[path-metadata: {\"resolvedRootType\":\"active_project\",\"projectRelativePath\":\"Source/Project_MJS/Public/Character/Player/Component/DodgeComponent.h\",\"workspaceRelativePath\":\"Source/Project_MJS/Public/Character/Player/Compo"}
[debug] prediction round {"turnIndex":2,"round":7,"historyLen":39,"generateTimeoutMs":300000,"pid":19916,"listCount":0,"listBlocked":0}
[debug] await generate() {"turnIndex":2,"round":7,"historyLen":39}
[debug] generate attempt tool surface {"turnIndex":2,"round":7,"attempt":1,"toolCount":8,"toolNames":["get_workspace_info","get_active_project","list_directory","read_file","read_file_range","search_files","unreal_rag_search","unreal_get_active_project"],"temperature":0.2}
[unreal-context-compactor] Proxy active: target=qwen3.6-27b-heretic-uncensored-finetune-neo-code-di-imatrix-max input=19451 context=55040 action=normal
[debug] generate returned {"turnIndex":2,"round":7,"waitedMs":4332,"fragmentChars":176,"toolRequests":1,"droppedRequests":0,"failures":0}
[debug] tool call {"turnIndex":2,"name":"read_file","args":{"path":"Source/Project_MJS/Private/Character/Player/Component/DodgeComponent.cpp"},"ms":232,"hardError":null,"preview":"[path-metadata: {\"resolvedRootType\":\"active_project\",\"projectRelativePath\":\"Source/Project_MJS/Private/Character/Player/Component/DodgeComponent.cpp\",\"workspaceRelativePath\":\"Source/Project_MJS/Private/Character/Player/C"}
[debug] prediction round {"turnIndex":2,"round":8,"historyLen":41,"generateTimeoutMs":300000,"pid":19916,"listCount":0,"listBlocked":0}
[debug] await generate() {"turnIndex":2,"round":8,"historyLen":41}
[debug] generate attempt tool surface {"turnIndex":2,"round":8,"attempt":1,"toolCount":8,"toolNames":["get_workspace_info","get_active_project","list_directory","read_file","read_file_range","search_files","unreal_rag_search","unreal_get_active_project"],"temperature":0.2}
[unreal-context-compactor] Proxy active: target=qwen3.6-27b-heretic-uncensored-finetune-neo-code-di-imatrix-max input=21585 context=55040 action=normal
[debug] generate returned {"turnIndex":2,"round":8,"waitedMs":5212,"fragmentChars":220,"toolRequests":1,"droppedRequests":0,"failures":0}
[debug] tool call {"turnIndex":2,"name":"read_file","args":{"path":"Source/Project_MJS/Public/Character/Player/Component/SkillComponent.h"},"ms":153,"hardError":null,"preview":"[path-metadata: {\"resolvedRootType\":\"active_project\",\"projectRelativePath\":\"Source/Project_MJS/Public/Character/Player/Component/SkillComponent.h\",\"workspaceRelativePath\":\"Source/Project_MJS/Public/Character/Player/Compo"}
[debug] prediction round {"turnIndex":2,"round":9,"historyLen":43,"generateTimeoutMs":300000,"pid":19916,"listCount":0,"listBlocked":0}
[debug] await generate() {"turnIndex":2,"round":9,"historyLen":43}
[debug] generate attempt tool surface {"turnIndex":2,"round":9,"attempt":1,"toolCount":8,"toolNames":["get_workspace_info","get_active_project","list_directory","read_file","read_file_range","search_files","unreal_rag_search","unreal_get_active_project"],"temperature":0.2}
[unreal-context-compactor] Proxy active: target=qwen3.6-27b-heretic-uncensored-finetune-neo-code-di-imatrix-max input=22577 context=55040 action=normal
[debug] generate returned {"turnIndex":2,"round":9,"waitedMs":3433,"fragmentChars":176,"toolRequests":1,"droppedRequests":0,"failures":0}
[debug] tool call {"turnIndex":2,"name":"read_file","args":{"path":"Source/Project_MJS/Private/Character/Player/Component/SkillComponent.cpp"},"ms":171,"hardError":null,"preview":"[path-metadata: {\"resolvedRootType\":\"active_project\",\"projectRelativePath\":\"Source/Project_MJS/Private/Character/Player/Component/SkillComponent.cpp\",\"workspaceRelativePath\":\"Source/Project_MJS/Private/Character/Player/C"}
[debug] prediction round {"turnIndex":2,"round":10,"historyLen":45,"generateTimeoutMs":300000,"pid":19916,"listCount":0,"listBlocked":0}
[debug] await generate() {"turnIndex":2,"round":10,"historyLen":45}
[debug] generate attempt tool surface {"turnIndex":2,"round":10,"attempt":1,"toolCount":8,"toolNames":["get_workspace_info","get_active_project","list_directory","read_file","read_file_range","search_files","unreal_rag_search","unreal_get_active_project"],"temperature":0.2}
[unreal-context-compactor] Proxy active: target=qwen3.6-27b-heretic-uncensored-finetune-neo-code-di-imatrix-max input=25119 context=55040 action=normal
[debug] generate returned {"turnIndex":2,"round":10,"waitedMs":5711,"fragmentChars":204,"toolRequests":1,"droppedRequests":0,"failures":0}
[debug] tool call {"turnIndex":2,"name":"read_file","args":{"path":"Source/Project_MJS/Public/Character/Enemy/EnemyCharacter.h"},"ms":157,"hardError":null,"preview":"[path-metadata: {\"resolvedRootType\":\"active_project\",\"projectRelativePath\":\"Source/Project_MJS/Public/Character/Enemy/EnemyCharacter.h\",\"workspaceRelativePath\":\"Source/Project_MJS/Public/Character/Enemy/EnemyCharacter.h\""}
[debug] prediction round {"turnIndex":2,"round":11,"historyLen":47,"generateTimeoutMs":300000,"pid":19916,"listCount":0,"listBlocked":0}
[debug] await generate() {"turnIndex":2,"round":11,"historyLen":47}
[debug] generate attempt tool surface {"turnIndex":2,"round":11,"attempt":1,"toolCount":8,"toolNames":["get_workspace_info","get_active_project","list_directory","read_file","read_file_range","search_files","unreal_rag_search","unreal_get_active_project"],"temperature":0.2}
[unreal-context-compactor] Proxy active: target=qwen3.6-27b-heretic-uncensored-finetune-neo-code-di-imatrix-max input=25995 context=55040 action=normal
[debug] generate returned {"turnIndex":2,"round":11,"waitedMs":3295,"fragmentChars":176,"toolRequests":1,"droppedRequests":0,"failures":0}
[debug] tool call {"turnIndex":2,"name":"read_file","args":{"path":"Source/Project_MJS/Private/Character/Enemy/EnemyCharacter.cpp"},"ms":155,"hardError":null,"preview":"[path-metadata: {\"resolvedRootType\":\"active_project\",\"projectRelativePath\":\"Source/Project_MJS/Private/Character/Enemy/EnemyCharacter.cpp\",\"workspaceRelativePath\":\"Source/Project_MJS/Private/Character/Enemy/EnemyCharacte"}
[debug] prediction round {"turnIndex":2,"round":12,"historyLen":49,"generateTimeoutMs":300000,"pid":19916,"listCount":0,"listBlocked":0}
[debug] await generate() {"turnIndex":2,"round":12,"historyLen":49}
[debug] generate attempt tool surface {"turnIndex":2,"round":12,"attempt":1,"toolCount":8,"toolNames":["get_workspace_info","get_active_project","list_directory","read_file","read_file_range","search_files","unreal_rag_search","unreal_get_active_project"],"temperature":0.2}
[unreal-context-compactor] Proxy active: target=qwen3.6-27b-heretic-uncensored-finetune-neo-code-di-imatrix-max input=28727 context=55040 action=normal
[debug] generate returned {"turnIndex":2,"round":12,"waitedMs":6037,"fragmentChars":187,"toolRequests":1,"droppedRequests":0,"failures":0}
[debug] tool call {"turnIndex":2,"name":"read_file","args":{"path":"Source/Project_MJS/Public/Character/SharedComponent/HealthComponent.h"},"ms":167,"hardError":null,"preview":"[path-metadata: {\"resolvedRootType\":\"active_project\",\"projectRelativePath\":\"Source/Project_MJS/Public/Character/SharedComponent/HealthComponent.h\",\"workspaceRelativePath\":\"Source/Project_MJS/Public/Character/SharedCompon"}
[debug] per-turn list_directory stats {"turnIndex":2,"listCount":0,"listBlocked":0,"listedPaths":[]}
[debug] turn completed {"turnIndex":2,"ms":71312,"chars":187,"tools":["get_active_project","read_file","read_file","read_file","read_file","read_file","read_file","read_file","read_file","read_file","read_file","read_file"],"listDirectory":0,"listBlocked":0,"preview":"Let me continue reading key files to find bugs. I'll check HealthComponent and other critical systems. __LM_STUDIO_INTERNAL_LSEP_SYNTHETIC_REASONING_END_f4e9a8d2c6b14d0c9e5f3a7b8c1d2e6a__"}

===== TURN 3/17 =====
시네마틱 관련해서 구현된것들 더 구체적으로 알려줘.
[debug] prediction round {"turnIndex":3,"round":1,"historyLen":52,"generateTimeoutMs":300000,"pid":19916,"listCount":0,"listBlocked":0}
[debug] await generate() {"turnIndex":3,"round":1,"historyLen":52}
[debug] generate attempt tool surface {"turnIndex":3,"round":1,"attempt":1,"toolCount":8,"toolNames":["get_workspace_info","get_active_project","list_directory","read_file","read_file_range","search_files","unreal_rag_search","unreal_get_active_project"],"temperature":0.2}
[unreal-context-compactor] Proxy active: target=qwen3.6-27b-heretic-uncensored-finetune-neo-code-di-imatrix-max input=29098 context=55040 action=normal
[debug] generate returned {"turnIndex":3,"round":1,"waitedMs":13420,"fragmentChars":789,"toolRequests":7,"droppedRequests":0,"failures":0}
[debug] tool call {"turnIndex":3,"name":"get_active_project","args":{},"ms":169,"hardError":null,"preview":"{\n  \"activeProject\": \"C:\\\\Users\\\\sster\\\\Documents\\\\Git\\\\Project_MJS\\\\Project_MJS.uproject\",\n  \"details\": {\n    \"projectPath\": \"C:\\\\Users\\\\sster\\\\Documents\\\\Git\\\\Project_MJS\\\\Project_MJS.uproject\",\n    \"projectDir\": \"C:\\\\"}
[debug] tool call {"turnIndex":3,"name":"read_file","args":{"path":"Source/Project_MJS/Public/Cinematic/CinematicDirectorSubsystem.h"},"ms":225,"hardError":null,"preview":"[path-metadata: {\"resolvedRootType\":\"active_project\",\"projectRelativePath\":\"Source/Project_MJS/Public/Cinematic/CinematicDirectorSubsystem.h\",\"workspaceRelativePath\":\"Source/Project_MJS/Public/Cinematic/CinematicDirector"}
[debug] tool call {"turnIndex":3,"name":"read_file","args":{"path":"Source/Project_MJS/Public/Cinematic/CinematicActionComponent.h"},"ms":151,"hardError":null,"preview":"[path-metadata: {\"resolvedRootType\":\"active_project\",\"projectRelativePath\":\"Source/Project_MJS/Public/Cinematic/CinematicActionComponent.h\",\"workspaceRelativePath\":\"Source/Project_MJS/Public/Cinematic/CinematicActionComp"}
[debug] skipped excess parallel tool {"turnIndex":3,"round":1,"name":"read_file","parallelIndex":3,"maxParallel":3}
[debug] tool call {"turnIndex":3,"name":"read_file","args":{"path":"Source/Project_MJS/Public/Cinematic/CinematicParticipant.h"},"ms":1,"hardError":null,"preview":"{\n  \"ok\": false,\n  \"errorCode\": \"PARALLEL_TOOL_BUDGET_EXCEEDED\",\n  \"error\": \"Only 3 tool calls are executed per model round.\",\n  \"stopCurrentWorkflow\": false,\n  \"retryable\": false,\n  \"agentInstruction\": \"This tool was sk"}
[debug] skipped excess parallel tool {"turnIndex":3,"round":1,"name":"read_file","parallelIndex":4,"maxParallel":3}
[debug] tool call {"turnIndex":3,"name":"read_file","args":{"path":"Source/Project_MJS/Public/Cinematic/CinematicParticipantComponent.h"},"ms":0,"hardError":null,"preview":"{\n  \"ok\": false,\n  \"errorCode\": \"PARALLEL_TOOL_BUDGET_EXCEEDED\",\n  \"error\": \"Only 3 tool calls are executed per model round.\",\n  \"stopCurrentWorkflow\": false,\n  \"retryable\": false,\n  \"agentInstruction\": \"This tool was sk"}
[debug] skipped excess parallel tool {"turnIndex":3,"round":1,"name":"read_file","parallelIndex":5,"maxParallel":3}
[debug] tool call {"turnIndex":3,"name":"read_file","args":{"path":"Source/Project_MJS/Public/Cinematic/CinematicTriggerActor.h"},"ms":1,"hardError":null,"preview":"{\n  \"ok\": false,\n  \"errorCode\": \"PARALLEL_TOOL_BUDGET_EXCEEDED\",\n  \"error\": \"Only 3 tool calls are executed per model round.\",\n  \"stopCurrentWorkflow\": false,\n  \"retryable\": false,\n  \"agentInstruction\": \"This tool was sk"}
[debug] skipped excess parallel tool {"turnIndex":3,"round":1,"name":"read_file","parallelIndex":6,"maxParallel":3}
[debug] tool call {"turnIndex":3,"name":"read_file","args":{"path":"Source/Project_MJS/Public/Cinematic/CinematicInputLockSubsystem.h"},"ms":1,"hardError":null,"preview":"{\n  \"ok\": false,\n  \"errorCode\": \"PARALLEL_TOOL_BUDGET_EXCEEDED\",\n  \"error\": \"Only 3 tool calls are executed per model round.\",\n  \"stopCurrentWorkflow\": false,\n  \"retryable\": false,\n  \"agentInstruction\": \"This tool was sk"}
[debug] prediction round {"turnIndex":3,"round":2,"historyLen":54,"generateTimeoutMs":300000,"pid":19916,"listCount":0,"listBlocked":0}
[debug] await generate() {"turnIndex":3,"round":2,"historyLen":54}
[debug] generate attempt tool surface {"turnIndex":3,"round":2,"attempt":1,"toolCount":8,"toolNames":["get_workspace_info","get_active_project","list_directory","read_file","read_file_range","search_files","unreal_rag_search","unreal_get_active_project"],"temperature":0.2}
[unreal-context-compactor] Proxy active: target=qwen3.6-27b-heretic-uncensored-finetune-neo-code-di-imatrix-max input=32593 context=55040 action=soft_compact
[debug] generate returned {"turnIndex":3,"round":2,"waitedMs":12355,"fragmentChars":466,"toolRequests":3,"droppedRequests":0,"failures":0}
[debug] tool call {"turnIndex":3,"name":"read_file","args":{"path":"Source/Project_MJS/Public/Cinematic/CinematicParticipant.h"},"ms":153,"hardError":null,"preview":"[path-metadata: {\"resolvedRootType\":\"active_project\",\"projectRelativePath\":\"Source/Project_MJS/Public/Cinematic/CinematicParticipant.h\",\"workspaceRelativePath\":\"Source/Project_MJS/Public/Cinematic/CinematicParticipant.h\""}
[debug] tool call {"turnIndex":3,"name":"read_file","args":{"path":"Source/Project_MJS/Public/Cinematic/CinematicTriggerActor.h"},"ms":151,"hardError":null,"preview":"[path-metadata: {\"resolvedRootType\":\"active_project\",\"projectRelativePath\":\"Source/Project_MJS/Public/Cinematic/CinematicTriggerActor.h\",\"workspaceRelativePath\":\"Source/Project_MJS/Public/Cinematic/CinematicTriggerActor."}
[debug] tool call {"turnIndex":3,"name":"read_file","args":{"path":"Source/Project_MJS/Public/Cinematic/CinematicInputLockSubsystem.h"},"ms":150,"hardError":null,"preview":"[path-metadata: {\"resolvedRootType\":\"active_project\",\"projectRelativePath\":\"Source/Project_MJS/Public/Cinematic/CinematicInputLockSubsystem.h\",\"workspaceRelativePath\":\"Source/Project_MJS/Public/Cinematic/CinematicInputLo"}
[debug] prediction round {"turnIndex":3,"round":3,"historyLen":56,"generateTimeoutMs":300000,"pid":19916,"listCount":0,"listBlocked":0}
[debug] await generate() {"turnIndex":3,"round":3,"historyLen":56}
[debug] generate attempt tool surface {"turnIndex":3,"round":3,"attempt":1,"toolCount":8,"toolNames":["get_workspace_info","get_active_project","list_directory","read_file","read_file_range","search_files","unreal_rag_search","unreal_get_active_project"],"temperature":0.2}
[unreal-context-compactor] Proxy active: target=qwen3.6-27b-heretic-uncensored-finetune-neo-code-di-imatrix-max input=35524 context=55040 action=soft_compact
[debug] generate returned {"turnIndex":3,"round":3,"waitedMs":16424,"fragmentChars":525,"toolRequests":3,"droppedRequests":0,"failures":0}
[debug] tool call {"turnIndex":3,"name":"read_file","args":{"path":"Source/Project_MJS/Private/Cinematic/CinematicDirectorSubsystem.cpp"},"ms":154,"hardError":null,"preview":"[path-metadata: {\"resolvedRootType\":\"active_project\",\"projectRelativePath\":\"Source/Project_MJS/Private/Cinematic/CinematicDirectorSubsystem.cpp\",\"workspaceRelativePath\":\"Source/Project_MJS/Private/Cinematic/CinematicDire"}
[debug] tool call {"turnIndex":3,"name":"read_file","args":{"path":"Source/Project_MJS/Private/Cinematic/CinematicTriggerActor.cpp"},"ms":151,"hardError":null,"preview":"[path-metadata: {\"resolvedRootType\":\"active_project\",\"projectRelativePath\":\"Source/Project_MJS/Private/Cinematic/CinematicTriggerActor.cpp\",\"workspaceRelativePath\":\"Source/Project_MJS/Private/Cinematic/CinematicTriggerAc"}
[debug] tool call {"turnIndex":3,"name":"search_files","args":{"query":"ICinematicParticipant::OnCinematicStarted_Implementation","path":"Source/Project_MJS"},"ms":221,"hardError":null,"preview":"{\n  \"path\": {\n    \"resolvedRootType\": \"active_project\",\n    \"projectRelativePath\": \"Source/Project_MJS\",\n    \"workspaceRelativePath\": \"Source/Project_MJS\",\n    \"absolutePath\": \"C:\\\\Users\\\\sster\\\\Documents\\\\Git\\\\Project_M"}
[debug] prediction round {"turnIndex":3,"round":4,"historyLen":58,"generateTimeoutMs":300000,"pid":19916,"listCount":0,"listBlocked":0}
[debug] await generate() {"turnIndex":3,"round":4,"historyLen":58}
[debug] generate attempt tool surface {"turnIndex":3,"round":4,"attempt":1,"toolCount":8,"toolNames":["get_workspace_info","get_active_project","list_directory","read_file","read_file_range","search_files","unreal_rag_search","unreal_get_active_project"],"temperature":0.2}
[unreal-context-compactor] Proxy active: target=qwen3.6-27b-heretic-uncensored-finetune-neo-code-di-imatrix-max input=40291 context=55040 action=hard_compact
[debug] still awaiting generate() {"turnIndex":3,"round":4,"heartbeatN":1,"waitedMs":29995}
[debug] still awaiting generate() {"turnIndex":3,"round":4,"heartbeatN":2,"waitedMs":60009}
[debug] generate returned {"turnIndex":3,"round":4,"waitedMs":71666,"fragmentChars":5259,"toolRequests":0,"droppedRequests":0,"failures":0}
[debug] per-turn list_directory stats {"turnIndex":3,"listCount":0,"listBlocked":0,"listedPaths":[]}
[debug] turn completed {"turnIndex":3,"ms":115405,"chars":5259,"tools":["get_active_project","read_file","read_file","read_file","read_file","read_file","read_file","read_file","read_file","read_file","read_file","read_file","search_files"],"listDirectory":0,"listBlocked":0,"preview":"I have enough concrete information now from the actual source files to give a detailed breakdown of what’s implemented for cinematic-related systems. I’ll summarize by component: CinematicDirectorSubsystem, CinematicActionComponent, CinematicTriggerActor, ICinematicParticipant in"}

===== TURN 4/17 =====
플레이어 관련해서 구현된것들  더 구체적으로 알려줘.
[debug] prediction round {"turnIndex":4,"round":1,"historyLen":60,"generateTimeoutMs":300000,"pid":19916,"listCount":0,"listBlocked":0}
[debug] await generate() {"turnIndex":4,"round":1,"historyLen":60}
[debug] generate attempt tool surface {"turnIndex":4,"round":1,"attempt":1,"toolCount":8,"toolNames":["get_workspace_info","get_active_project","list_directory","read_file","read_file_range","search_files","unreal_rag_search","unreal_get_active_project"],"temperature":0.2}
[unreal-context-compactor] Proxy active: target=qwen3.6-27b-heretic-uncensored-finetune-neo-code-di-imatrix-max input=41750 context=55040 action=hard_compact
[debug] generate returned {"turnIndex":4,"round":1,"waitedMs":10815,"fragmentChars":575,"toolRequests":4,"droppedRequests":0,"failures":0}
[debug] tool call {"turnIndex":4,"name":"read_file","args":{"path":"Source/Project_MJS/Public/Character/Player/CPlayerCharacter.h","detailLevel":"large"},"ms":152,"hardError":null,"preview":"[path-metadata: {\"resolvedRootType\":\"active_project\",\"projectRelativePath\":\"Source/Project_MJS/Public/Character/Player/CPlayerCharacter.h\",\"workspaceRelativePath\":\"Source/Project_MJS/Public/Character/Player/CPlayerCharac"}
[debug] tool call {"turnIndex":4,"name":"read_file","args":{"path":"Source/Project_MJS/Private/Character/Player/CPlayerCharacter.cpp","detailLevel":"large"},"ms":226,"hardError":null,"preview":"[path-metadata: {\"resolvedRootType\":\"active_project\",\"projectRelativePath\":\"Source/Project_MJS/Private/Character/Player/CPlayerCharacter.cpp\",\"workspaceRelativePath\":\"Source/Project_MJS/Private/Character/Player/CPlayerCh"}
[debug] tool call {"turnIndex":4,"name":"read_file","args":{"path":"Source/Project_MJS/Public/Character/Player/Component/AttackComponent.h","detailLevel":"large"},"ms":149,"hardError":null,"preview":"[path-metadata: {\"resolvedRootType\":\"active_project\",\"projectRelativePath\":\"Source/Project_MJS/Public/Character/Player/Component/AttackComponent.h\",\"workspaceRelativePath\":\"Source/Project_MJS/Public/Character/Player/Comp"}
[debug] skipped excess parallel tool {"turnIndex":4,"round":1,"name":"read_file","parallelIndex":3,"maxParallel":3}
[debug] tool call {"turnIndex":4,"name":"read_file","args":{"path":"Source/Project_MJS/Private/Character/Player/Component/AttackComponent.cpp","detailLevel":"large"},"ms":0,"hardError":null,"preview":"{\n  \"ok\": false,\n  \"errorCode\": \"PARALLEL_TOOL_BUDGET_EXCEEDED\",\n  \"error\": \"Only 3 tool calls are executed per model round.\",\n  \"stopCurrentWorkflow\": false,\n  \"retryable\": false,\n  \"agentInstruction\": \"This tool was sk"}
[debug] prediction round {"turnIndex":4,"round":2,"historyLen":62,"generateTimeoutMs":300000,"pid":19916,"listCount":0,"listBlocked":0}
[debug] await generate() {"turnIndex":4,"round":2,"historyLen":62}
[debug] generate attempt tool surface {"turnIndex":4,"round":2,"attempt":1,"toolCount":8,"toolNames":["get_workspace_info","get_active_project","list_directory","read_file","read_file_range","search_files","unreal_rag_search","unreal_get_active_project"],"temperature":0.2}
[unreal-context-compactor] Proxy active: target=qwen3.6-27b-heretic-uncensored-finetune-neo-code-di-imatrix-max input=46068 context=55040 action=hard_compact
[debug] generate returned {"turnIndex":4,"round":2,"waitedMs":21578,"fragmentChars":1016,"toolRequests":1,"droppedRequests":0,"failures":0}
[debug] tool call {"turnIndex":4,"name":"read_file","args":{"path":"Source/Project_MJS/Private/Character/Player/Component/AttackComponent.cpp","detailLevel":"large"},"ms":153,"hardError":null,"preview":"[path-metadata: {\"resolvedRootType\":\"active_project\",\"projectRelativePath\":\"Source/Project_MJS/Private/Character/Player/Component/AttackComponent.cpp\",\"workspaceRelativePath\":\"Source/Project_MJS/Private/Character/Player/"}
[debug] prediction round {"turnIndex":4,"round":3,"historyLen":64,"generateTimeoutMs":300000,"pid":19916,"listCount":0,"listBlocked":0}
[debug] await generate() {"turnIndex":4,"round":3,"historyLen":64}
[debug] generate attempt tool surface {"turnIndex":4,"round":3,"attempt":1,"toolCount":8,"toolNames":["get_workspace_info","get_active_project","list_directory","read_file","read_file_range","search_files","unreal_rag_search","unreal_get_active_project"],"temperature":0.2}
[unreal-context-compactor] Proxy active: target=qwen3.6-27b-heretic-uncensored-finetune-neo-code-di-imatrix-max input=49753 context=55040 action=hard_compact
[debug] generate returned {"turnIndex":4,"round":3,"waitedMs":22118,"fragmentChars":326,"toolRequests":1,"droppedRequests":0,"failures":0}
[debug] tool call {"turnIndex":4,"name":"read_file","args":{"path":"Source/Project_MJS/Public/Character/Player/Component/DodgeComponent.h","detailLevel":"large"},"ms":150,"hardError":null,"preview":"[path-metadata: {\"resolvedRootType\":\"active_project\",\"projectRelativePath\":\"Source/Project_MJS/Public/Character/Player/Component/DodgeComponent.h\",\"workspaceRelativePath\":\"Source/Project_MJS/Public/Character/Player/Compo"}
[debug] prediction round {"turnIndex":4,"round":4,"historyLen":66,"generateTimeoutMs":300000,"pid":19916,"listCount":0,"listBlocked":0}
[debug] await generate() {"turnIndex":4,"round":4,"historyLen":66}
[debug] generate attempt tool surface {"turnIndex":4,"round":4,"attempt":1,"toolCount":8,"toolNames":["get_workspace_info","get_active_project","list_directory","read_file","read_file_range","search_files","unreal_rag_search","unreal_get_active_project"],"temperature":0.2}
[unreal-context-compactor] Proxy active: target=qwen3.6-27b-heretic-uncensored-finetune-neo-code-di-imatrix-max input=51582 context=55040 action=hard_compact
[debug] generate returned {"turnIndex":4,"round":4,"waitedMs":28173,"fragmentChars":838,"toolRequests":1,"droppedRequests":0,"failures":0}
[debug] tool call {"turnIndex":4,"name":"read_file","args":{"path":"Source/Project_MJS/Public/Character/Player/Component/SkillComponent.h","detailLevel":"large"},"ms":281,"hardError":null,"preview":"[path-metadata: {\"resolvedRootType\":\"active_project\",\"projectRelativePath\":\"Source/Project_MJS/Public/Character/Player/Component/SkillComponent.h\",\"workspaceRelativePath\":\"Source/Project_MJS/Public/Character/Player/Compo"}
[debug] prediction round {"turnIndex":4,"round":5,"historyLen":68,"generateTimeoutMs":300000,"pid":19916,"listCount":0,"listBlocked":0}
[debug] await generate() {"turnIndex":4,"round":5,"historyLen":68}
[debug] generate attempt tool surface {"turnIndex":4,"round":5,"attempt":1,"toolCount":8,"toolNames":["get_workspace_info","get_active_project","list_directory","read_file","read_file_range","search_files","unreal_rag_search","unreal_get_active_project"],"temperature":0.2}
[unreal-context-compactor] Proxy active: target=qwen3.6-27b-heretic-uncensored-finetune-neo-code-di-imatrix-max input=52716 context=55040 action=hard_compact
[debug] still awaiting generate() {"turnIndex":4,"round":5,"heartbeatN":1,"waitedMs":30008}
[debug] still awaiting generate() {"turnIndex":4,"round":5,"heartbeatN":2,"waitedMs":60016}
[debug] generate returned {"turnIndex":4,"round":5,"waitedMs":79818,"fragmentChars":7252,"toolRequests":0,"droppedRequests":0,"failures":0}
[debug] per-turn list_directory stats {"turnIndex":4,"listCount":0,"listBlocked":0,"listedPaths":[]}
[debug] turn completed {"turnIndex":4,"ms":163628,"chars":7252,"tools":["read_file","read_file","read_file","read_file","read_file","read_file","read_file"],"listDirectory":0,"listBlocked":0,"preview":"Now I have enough to give a concrete, file-based summary of what’s implemented for the player. I’ll organize by: - PlayerCharacter core (movement, input routing, damage handling) - Attack system (combo, hit detection, knockback/damage) - Dodge system (normal dodge, just-dodge, co"}

===== TURN 5/17 =====
적 캐릭터 관련해서 구현된것들 더 구체적으로 알려줘.
[debug] prediction round {"turnIndex":5,"round":1,"historyLen":70,"generateTimeoutMs":300000,"pid":19916,"listCount":0,"listBlocked":0}
[debug] await generate() {"turnIndex":5,"round":1,"historyLen":70}
[debug] generate attempt tool surface {"turnIndex":5,"round":1,"attempt":1,"toolCount":8,"toolNames":["get_workspace_info","get_active_project","list_directory","read_file","read_file_range","search_files","unreal_rag_search","unreal_get_active_project"],"temperature":0.2}
[unreal-context-compactor] Proxy active: target=qwen3.6-27b-heretic-uncensored-finetune-neo-code-di-imatrix-max input=53923 context=55040 action=hard_compact
[debug] generate returned {"turnIndex":5,"round":1,"waitedMs":7469,"fragmentChars":610,"toolRequests":2,"droppedRequests":0,"failures":0}
[debug] tool call {"turnIndex":5,"name":"get_active_project","args":{},"ms":277,"hardError":null,"preview":"{\n  \"activeProject\": \"C:\\\\Users\\\\sster\\\\Documents\\\\Git\\\\Project_MJS\\\\Project_MJS.uproject\",\n  \"details\": {\n    \"projectPath\": \"C:\\\\Users\\\\sster\\\\Documents\\\\Git\\\\Project_MJS\\\\Project_MJS.uproject\",\n    \"projectDir\": \"C:\\\\"}
[debug] tool call {"turnIndex":5,"name":"read_file","args":{"path":"Source/Project_MJS/Public/Character/Enemy/EnemyCharacter.h","detailLevel":"large"},"ms":177,"hardError":null,"preview":"[path-metadata: {\"resolvedRootType\":\"active_project\",\"projectRelativePath\":\"Source/Project_MJS/Public/Character/Enemy/EnemyCharacter.h\",\"workspaceRelativePath\":\"Source/Project_MJS/Public/Character/Enemy/EnemyCharacter.h\""}
[debug] prediction round {"turnIndex":5,"round":2,"historyLen":72,"generateTimeoutMs":300000,"pid":19916,"listCount":0,"listBlocked":0}
[debug] await generate() {"turnIndex":5,"round":2,"historyLen":72}
[debug] generate attempt tool surface {"turnIndex":5,"round":2,"attempt":1,"toolCount":8,"toolNames":["get_workspace_info","get_active_project","list_directory","read_file","read_file_range","search_files","unreal_rag_search","unreal_get_active_project"],"temperature":0.2}
[unreal-context-compactor] Proxy active: target=qwen3.6-27b-heretic-uncensored-finetune-neo-code-di-imatrix-max input=56723 context=55040 action=hard_compact
[debug] generate returned {"turnIndex":5,"round":2,"waitedMs":11667,"fragmentChars":397,"toolRequests":1,"droppedRequests":0,"failures":0}
[debug] tool call {"turnIndex":5,"name":"read_file","args":{"path":"Source/Project_MJS/Private/Character/Enemy/EnemyCharacter.cpp","detailLevel":"large"},"ms":254,"hardError":null,"preview":"[path-metadata: {\"resolvedRootType\":\"active_project\",\"projectRelativePath\":\"Source/Project_MJS/Private/Character/Enemy/EnemyCharacter.cpp\",\"workspaceRelativePath\":\"Source/Project_MJS/Private/Character/Enemy/EnemyCharacte"}
[debug] prediction round {"turnIndex":5,"round":3,"historyLen":74,"generateTimeoutMs":300000,"pid":19916,"listCount":0,"listBlocked":0}
[debug] await generate() {"turnIndex":5,"round":3,"historyLen":74}
[debug] generate attempt tool surface {"turnIndex":5,"round":3,"attempt":1,"toolCount":8,"toolNames":["get_workspace_info","get_active_project","list_directory","read_file","read_file_range","search_files","unreal_rag_search","unreal_get_active_project"],"temperature":0.2}
[unreal-context-compactor] Proxy active: target=qwen3.6-27b-heretic-uncensored-finetune-neo-code-di-imatrix-max input=59521 context=55040 action=hard_compact
[debug] generate returned {"turnIndex":5,"round":3,"waitedMs":14049,"fragmentChars":190,"toolRequests":1,"droppedRequests":0,"failures":0}
[debug] tool call {"turnIndex":5,"name":"search_files","args":{"query":"EnemyFSMComponent.h","path":"Source/Project_MJS/Public","matchFileNames":true},"ms":277,"hardError":null,"preview":"{\n  \"path\": {\n    \"resolvedRootType\": \"active_project\",\n    \"projectRelativePath\": \"Source/Project_MJS/Public\",\n    \"workspaceRelativePath\": \"Source/Project_MJS/Public\",\n    \"absolutePath\": \"C:\\\\Users\\\\sster\\\\Documents\\\\"}
[debug] prediction round {"turnIndex":5,"round":4,"historyLen":76,"generateTimeoutMs":300000,"pid":19916,"listCount":0,"listBlocked":0}
[debug] await generate() {"turnIndex":5,"round":4,"historyLen":76}
[debug] generate attempt tool surface {"turnIndex":5,"round":4,"attempt":1,"toolCount":8,"toolNames":["get_workspace_info","get_active_project","list_directory","read_file","read_file_range","search_files","unreal_rag_search","unreal_get_active_project"],"temperature":0.2}
[unreal-context-compactor] Proxy active: target=qwen3.6-27b-heretic-uncensored-finetune-neo-code-di-imatrix-max input=59915 context=55040 action=hard_compact
[debug] generate returned {"turnIndex":5,"round":4,"waitedMs":15280,"fragmentChars":276,"toolRequests":1,"droppedRequests":0,"failures":0}
[debug] tool call {"turnIndex":5,"name":"read_file","args":{"path":"Source/Project_MJS/Public/Character/Enemy/EnemyFSMComponent.h","detailLevel":"large"},"ms":170,"hardError":null,"preview":"[path-metadata: {\"resolvedRootType\":\"active_project\",\"projectRelativePath\":\"Source/Project_MJS/Public/Character/Enemy/EnemyFSMComponent.h\",\"workspaceRelativePath\":\"Source/Project_MJS/Public/Character/Enemy/EnemyFSMCompon"}
[debug] prediction round {"turnIndex":5,"round":5,"historyLen":78,"generateTimeoutMs":300000,"pid":19916,"listCount":0,"listBlocked":0}
[debug] await generate() {"turnIndex":5,"round":5,"historyLen":78}
[debug] generate attempt tool surface {"turnIndex":5,"round":5,"attempt":1,"toolCount":8,"toolNames":["get_workspace_info","get_active_project","list_directory","read_file","read_file_range","search_files","unreal_rag_search","unreal_get_active_project"],"temperature":0.2}
[unreal-context-compactor] Proxy active: target=qwen3.6-27b-heretic-uncensored-finetune-neo-code-di-imatrix-max input=60581 context=55040 action=hard_compact
[debug] generate returned {"turnIndex":5,"round":5,"waitedMs":16213,"fragmentChars":274,"toolRequests":1,"droppedRequests":0,"failures":0}
[debug] tool call {"turnIndex":5,"name":"read_file","args":{"path":"Source/Project_MJS/Private/Character/Enemy/EnemyFSMComponent.cpp","detailLevel":"large"},"ms":171,"hardError":null,"preview":"[path-metadata: {\"resolvedRootType\":\"active_project\",\"projectRelativePath\":\"Source/Project_MJS/Private/Character/Enemy/EnemyFSMComponent.cpp\",\"workspaceRelativePath\":\"Source/Project_MJS/Private/Character/Enemy/EnemyFSMCo"}
[debug] prediction round {"turnIndex":5,"round":6,"historyLen":80,"generateTimeoutMs":300000,"pid":19916,"listCount":0,"listBlocked":0}
[debug] await generate() {"turnIndex":5,"round":6,"historyLen":80}
[debug] generate attempt tool surface {"turnIndex":5,"round":6,"attempt":1,"toolCount":8,"toolNames":["get_workspace_info","get_active_project","list_directory","read_file","read_file_range","search_files","unreal_rag_search","unreal_get_active_project"],"temperature":0.2}
[unreal-context-compactor] Proxy active: target=qwen3.6-27b-heretic-uncensored-finetune-neo-code-di-imatrix-max input=63004 context=55040 action=hard_compact
[debug] generate returned {"turnIndex":5,"round":6,"waitedMs":19406,"fragmentChars":261,"toolRequests":1,"droppedRequests":0,"failures":0}
[debug] tool call {"turnIndex":5,"name":"search_files","args":{"query":"EnemyActionDataAsset.h","path":"Source/Project_MJS/Public","matchFileNames":true},"ms":223,"hardError":null,"preview":"{\n  \"path\": {\n    \"resolvedRootType\": \"active_project\",\n    \"projectRelativePath\": \"Source/Project_MJS/Public\",\n    \"workspaceRelativePath\": \"Source/Project_MJS/Public\",\n    \"absolutePath\": \"C:\\\\Users\\\\sster\\\\Documents\\\\"}
[debug] prediction round {"turnIndex":5,"round":7,"historyLen":82,"generateTimeoutMs":300000,"pid":19916,"listCount":0,"listBlocked":0}
[debug] await generate() {"turnIndex":5,"round":7,"historyLen":82}
[debug] generate attempt tool surface {"turnIndex":5,"round":7,"attempt":1,"toolCount":8,"toolNames":["get_workspace_info","get_active_project","list_directory","read_file","read_file_range","search_files","unreal_rag_search","unreal_get_active_project"],"temperature":0.2}
[unreal-context-compactor] Proxy active: target=qwen3.6-27b-heretic-uncensored-finetune-neo-code-di-imatrix-max input=63344 context=55040 action=hard_compact
[debug] generate returned {"turnIndex":5,"round":7,"waitedMs":20222,"fragmentChars":285,"toolRequests":1,"droppedRequests":0,"failures":0}
[debug] tool call {"turnIndex":5,"name":"read_file","args":{"path":"Source/Project_MJS/Public/Character/Enemy/EnemyActionDataAsset.h","detailLevel":"large"},"ms":172,"hardError":null,"preview":"[path-metadata: {\"resolvedRootType\":\"active_project\",\"projectRelativePath\":\"Source/Project_MJS/Public/Character/Enemy/EnemyActionDataAsset.h\",\"workspaceRelativePath\":\"Source/Project_MJS/Public/Character/Enemy/EnemyAction"}
[debug] prediction round {"turnIndex":5,"round":8,"historyLen":84,"generateTimeoutMs":300000,"pid":19916,"listCount":0,"listBlocked":0}
[debug] await generate() {"turnIndex":5,"round":8,"historyLen":84}
[debug] generate attempt tool surface {"turnIndex":5,"round":8,"attempt":1,"toolCount":8,"toolNames":["get_workspace_info","get_active_project","list_directory","read_file","read_file_range","search_files","unreal_rag_search","unreal_get_active_project"],"temperature":0.2}
[unreal-context-compactor] Proxy active: target=qwen3.6-27b-heretic-uncensored-finetune-neo-code-di-imatrix-max input=65517 context=55040 action=hard_compact
[debug] generate returned {"turnIndex":5,"round":8,"waitedMs":22359,"fragmentChars":251,"toolRequests":1,"droppedRequests":0,"failures":0}
[debug] tool call {"turnIndex":5,"name":"read_file","args":{"path":"Source/Project_MJS/Public/Character/Enemy/AnimNotify_ChangeFSMState.h","detailLevel":"large"},"ms":254,"hardError":null,"preview":"[path-metadata: {\"resolvedRootType\":\"active_project\",\"projectRelativePath\":\"Source/Project_MJS/Public/Character/Enemy/AnimNotify_ChangeFSMState.h\",\"workspaceRelativePath\":\"Source/Project_MJS/Public/Character/Enemy/AnimNo"}
[debug] prediction round {"turnIndex":5,"round":9,"historyLen":86,"generateTimeoutMs":300000,"pid":19916,"listCount":0,"listBlocked":0}
[debug] await generate() {"turnIndex":5,"round":9,"historyLen":86}
[debug] generate attempt tool surface {"turnIndex":5,"round":9,"attempt":1,"toolCount":8,"toolNames":["get_workspace_info","get_active_project","list_directory","read_file","read_file_range","search_files","unreal_rag_search","unreal_get_active_project"],"temperature":0.2}
[unreal-context-compactor] Proxy active: target=qwen3.6-27b-heretic-uncensored-finetune-neo-code-di-imatrix-max input=65937 context=55040 action=hard_compact
[debug] generate returned {"turnIndex":5,"round":9,"waitedMs":23520,"fragmentChars":276,"toolRequests":1,"droppedRequests":0,"failures":0}
[debug] tool call {"turnIndex":5,"name":"search_files","args":{"query":"GroupCombatSubsystem.h","path":"Source/Project_MJS/Public","matchFileNames":true},"ms":218,"hardError":null,"preview":"{\n  \"path\": {\n    \"resolvedRootType\": \"active_project\",\n    \"projectRelativePath\": \"Source/Project_MJS/Public\",\n    \"workspaceRelativePath\": \"Source/Project_MJS/Public\",\n    \"absolutePath\": \"C:\\\\Users\\\\sster\\\\Documents\\\\"}
[debug] prediction round {"turnIndex":5,"round":10,"historyLen":88,"generateTimeoutMs":300000,"pid":19916,"listCount":0,"listBlocked":0}
[debug] await generate() {"turnIndex":5,"round":10,"historyLen":88}
[debug] generate attempt tool surface {"turnIndex":5,"round":10,"attempt":1,"toolCount":8,"toolNames":["get_workspace_info","get_active_project","list_directory","read_file","read_file_range","search_files","unreal_rag_search","unreal_get_active_project"],"temperature":0.2}
[unreal-context-compactor] Proxy active: target=qwen3.6-27b-heretic-uncensored-finetune-neo-code-di-imatrix-max input=66271 context=55040 action=hard_compact
[debug] generate returned {"turnIndex":5,"round":10,"waitedMs":23908,"fragmentChars":310,"toolRequests":1,"droppedRequests":0,"failures":0}
[debug] tool call {"turnIndex":5,"name":"read_file","args":{"path":"Source/Project_MJS/Public/Character/Enemy/GroupCombatSubsystem.h","detailLevel":"large"},"ms":211,"hardError":null,"preview":"[path-metadata: {\"resolvedRootType\":\"active_project\",\"projectRelativePath\":\"Source/Project_MJS/Public/Character/Enemy/GroupCombatSubsystem.h\",\"workspaceRelativePath\":\"Source/Project_MJS/Public/Character/Enemy/GroupCombat"}
[debug] prediction round {"turnIndex":5,"round":11,"historyLen":90,"generateTimeoutMs":300000,"pid":19916,"listCount":0,"listBlocked":0}
[debug] await generate() {"turnIndex":5,"round":11,"historyLen":90}
[debug] generate attempt tool surface {"turnIndex":5,"round":11,"attempt":1,"toolCount":8,"toolNames":["get_workspace_info","get_active_project","list_directory","read_file","read_file_range","search_files","unreal_rag_search","unreal_get_active_project"],"temperature":0.2}
[unreal-context-compactor] Proxy active: target=qwen3.6-27b-heretic-uncensored-finetune-neo-code-di-imatrix-max input=66727 context=55040 action=hard_compact
[debug] generate returned {"turnIndex":5,"round":11,"waitedMs":23582,"fragmentChars":271,"toolRequests":1,"droppedRequests":0,"failures":0}
[debug] tool call {"turnIndex":5,"name":"read_file","args":{"path":"Source/Project_MJS/Private/Character/Enemy/GroupCombatSubsystem.cpp","detailLevel":"large"},"ms":190,"hardError":null,"preview":"[path-metadata: {\"resolvedRootType\":\"active_project\",\"projectRelativePath\":\"Source/Project_MJS/Private/Character/Enemy/GroupCombatSubsystem.cpp\",\"workspaceRelativePath\":\"Source/Project_MJS/Private/Character/Enemy/GroupCo"}
[debug] prediction round {"turnIndex":5,"round":12,"historyLen":92,"generateTimeoutMs":300000,"pid":19916,"listCount":0,"listBlocked":0}
[debug] await generate() {"turnIndex":5,"round":12,"historyLen":92}
[debug] generate attempt tool surface {"turnIndex":5,"round":12,"attempt":1,"toolCount":8,"toolNames":["get_workspace_info","get_active_project","list_directory","read_file","read_file_range","search_files","unreal_rag_search","unreal_get_active_project"],"temperature":0.2}
[unreal-context-compactor] Proxy active: target=qwen3.6-27b-heretic-uncensored-finetune-neo-code-di-imatrix-max input=67193 context=55040 action=hard_compact
[debug] still awaiting generate() {"turnIndex":5,"round":12,"heartbeatN":1,"waitedMs":30007}
[debug] still awaiting generate() {"turnIndex":5,"round":12,"heartbeatN":2,"waitedMs":60015}
[debug] still awaiting generate() {"turnIndex":5,"round":12,"heartbeatN":3,"waitedMs":90015}
[debug] generate returned {"turnIndex":5,"round":12,"waitedMs":97339,"fragmentChars":9307,"toolRequests":0,"droppedRequests":0,"failures":0}
[debug] per-turn list_directory stats {"turnIndex":5,"listCount":0,"listBlocked":0,"listedPaths":[]}
[debug] turn completed {"turnIndex":5,"ms":297652,"chars":9307,"tools":["get_active_project","read_file","read_file","search_files","read_file","read_file","search_files","read_file","read_file","search_files","read_file","read_file"],"listDirectory":0,"listBlocked":0,"preview":"Now I have all the key enemy-related source files: EnemyCharacter, EnemyFSMComponent, EnemyActionDataAsset, AnimNotify_ChangeFSMState, GroupCombatSubsystem. I can now give a precise, concrete summary of what’s implemented for enemies in this project, based strictly on these files"}

===== TURN 6/17 =====
서브시스템들의 대해서 구현된것들 더 구체적으로 알려줘.
[debug] prediction round {"turnIndex":6,"round":1,"historyLen":94,"generateTimeoutMs":300000,"pid":19916,"listCount":0,"listBlocked":0}
[debug] await generate() {"turnIndex":6,"round":1,"historyLen":94}
[debug] generate attempt tool surface {"turnIndex":6,"round":1,"attempt":1,"toolCount":8,"toolNames":["get_workspace_info","get_active_project","list_directory","read_file","read_file_range","search_files","unreal_rag_search","unreal_get_active_project"],"temperature":0.2}
[unreal-context-compactor] Proxy active: target=qwen3.6-27b-heretic-uncensored-finetune-neo-code-di-imatrix-max input=68839 context=55040 action=hard_compact
[debug] generate returned {"turnIndex":6,"round":1,"waitedMs":7039,"fragmentChars":481,"toolRequests":1,"droppedRequests":0,"failures":0}
[debug] tool call {"turnIndex":6,"name":"search_files","args":{"query":"Subsystem","path":"Source/Project_MJS/Public","matchFileNames":true,"maxResults":60},"ms":215,"hardError":null,"preview":"{\n  \"path\": {\n    \"resolvedRootType\": \"active_project\",\n    \"projectRelativePath\": \"Source/Project_MJS/Public\",\n    \"workspaceRelativePath\": \"Source/Project_MJS/Public\",\n    \"absolutePath\": \"C:\\\\Users\\\\sster\\\\Documents\\\\"}
[debug] prediction round {"turnIndex":6,"round":2,"historyLen":96,"generateTimeoutMs":300000,"pid":19916,"listCount":0,"listBlocked":0}
[debug] await generate() {"turnIndex":6,"round":2,"historyLen":96}
[debug] generate attempt tool surface {"turnIndex":6,"round":2,"attempt":1,"toolCount":8,"toolNames":["get_workspace_info","get_active_project","list_directory","read_file","read_file_range","search_files","unreal_rag_search","unreal_get_active_project"],"temperature":0.2}
[unreal-context-compactor] Proxy active: target=qwen3.6-27b-heretic-uncensored-finetune-neo-code-di-imatrix-max input=71152 context=55040 action=hard_compact
[debug] generate returned {"turnIndex":6,"round":2,"waitedMs":18751,"fragmentChars":580,"toolRequests":5,"droppedRequests":0,"failures":0}
[debug] tool call {"turnIndex":6,"name":"read_file","args":{"path":"Source/Project_MJS/Public/System/Audio/SoundManagerSubsystem.h","detailLevel":"large"},"ms":202,"hardError":null,"preview":"[path-metadata: {\"resolvedRootType\":\"active_project\",\"projectRelativePath\":\"Source/Project_MJS/Public/System/Audio/SoundManagerSubsystem.h\",\"workspaceRelativePath\":\"Source/Project_MJS/Public/System/Audio/SoundManagerSubs"}
[debug] tool call {"turnIndex":6,"name":"read_file","args":{"path":"Source/Project_MJS/Public/System/Combat/CombatTimeDilationSubsystem.h","detailLevel":"large"},"ms":175,"hardError":null,"preview":"[path-metadata: {\"resolvedRootType\":\"active_project\",\"projectRelativePath\":\"Source/Project_MJS/Public/System/Combat/CombatTimeDilationSubsystem.h\",\"workspaceRelativePath\":\"Source/Project_MJS/Public/System/Combat/CombatTi"}
[debug] tool call {"turnIndex":6,"name":"read_file","args":{"path":"Source/Project_MJS/Public/Cinematic/CinematicDirectorSubsystem.h","detailLevel":"large"},"ms":186,"hardError":null,"preview":"[path-metadata: {\"resolvedRootType\":\"active_project\",\"projectRelativePath\":\"Source/Project_MJS/Public/Cinematic/CinematicDirectorSubsystem.h\",\"workspaceRelativePath\":\"Source/Project_MJS/Public/Cinematic/CinematicDirector"}
[debug] skipped excess parallel tool {"turnIndex":6,"round":2,"name":"read_file","parallelIndex":3,"maxParallel":3}
[debug] tool call {"turnIndex":6,"name":"read_file","args":{"path":"Source/Project_MJS/Public/Cinematic/CinematicInputLockSubsystem.h","detailLevel":"large"},"ms":0,"hardError":null,"preview":"{\n  \"ok\": false,\n  \"errorCode\": \"PARALLEL_TOOL_BUDGET_EXCEEDED\",\n  \"error\": \"Only 3 tool calls are executed per model round.\",\n  \"stopCurrentWorkflow\": false,\n  \"retryable\": false,\n  \"agentInstruction\": \"This tool was sk"}
[debug] skipped excess parallel tool {"turnIndex":6,"round":2,"name":"read_file","parallelIndex":4,"maxParallel":3}
[debug] tool call {"turnIndex":6,"name":"read_file","args":{"path":"Source/Project_MJS/Public/System/Debug/DevConsoleSubsystem.h","detailLevel":"large"},"ms":0,"hardError":null,"preview":"{\n  \"ok\": false,\n  \"errorCode\": \"PARALLEL_TOOL_BUDGET_EXCEEDED\",\n  \"error\": \"Only 3 tool calls are executed per model round.\",\n  \"stopCurrentWorkflow\": false,\n  \"retryable\": false,\n  \"agentInstruction\": \"This tool was sk"}
[debug] prediction round {"turnIndex":6,"round":3,"historyLen":98,"generateTimeoutMs":300000,"pid":19916,"listCount":0,"listBlocked":0}
[debug] await generate() {"turnIndex":6,"round":3,"historyLen":98}
[debug] generate attempt tool surface {"turnIndex":6,"round":3,"attempt":1,"toolCount":8,"toolNames":["get_workspace_info","get_active_project","list_directory","read_file","read_file_range","search_files","unreal_rag_search","unreal_get_active_project"],"temperature":0.2}
[unreal-context-compactor] Proxy active: target=qwen3.6-27b-heretic-uncensored-finetune-neo-code-di-imatrix-max input=75351 context=55040 action=hard_compact
[debug] generate returned {"turnIndex":6,"round":3,"waitedMs":17545,"fragmentChars":564,"toolRequests":1,"droppedRequests":0,"failures":0}
[debug] tool call {"turnIndex":6,"name":"read_file","args":{"path":"Source/Project_MJS/Public/Cinematic/CinematicInputLockSubsystem.h","detailLevel":"large"},"ms":169,"hardError":null,"preview":"[path-metadata: {\"resolvedRootType\":\"active_project\",\"projectRelativePath\":\"Source/Project_MJS/Public/Cinematic/CinematicInputLockSubsystem.h\",\"workspaceRelativePath\":\"Source/Project_MJS/Public/Cinematic/CinematicInputLo"}
[debug] prediction round {"turnIndex":6,"round":4,"historyLen":100,"generateTimeoutMs":300000,"pid":19916,"listCount":0,"listBlocked":0}
[debug] await generate() {"turnIndex":6,"round":4,"historyLen":100}
[debug] generate attempt tool surface {"turnIndex":6,"round":4,"attempt":1,"toolCount":8,"toolNames":["get_workspace_info","get_active_project","list_directory","read_file","read_file_range","search_files","unreal_rag_search","unreal_get_active_project"],"temperature":0.2}
[unreal-context-compactor] Proxy active: target=qwen3.6-27b-heretic-uncensored-finetune-neo-code-di-imatrix-max input=76021 context=55040 action=hard_compact
[debug] generate returned {"turnIndex":6,"round":4,"waitedMs":18573,"fragmentChars":560,"toolRequests":1,"droppedRequests":0,"failures":0}
[debug] tool call {"turnIndex":6,"name":"read_file","args":{"path":"Source/Project_MJS/Private/System/Audio/SoundManagerSubsystem.cpp","detailLevel":"large"},"ms":174,"hardError":null,"preview":"[path-metadata: {\"resolvedRootType\":\"active_project\",\"projectRelativePath\":\"Source/Project_MJS/Private/System/Audio/SoundManagerSubsystem.cpp\",\"workspaceRelativePath\":\"Source/Project_MJS/Private/System/Audio/SoundManager"}
[debug] prediction round {"turnIndex":6,"round":5,"historyLen":102,"generateTimeoutMs":300000,"pid":19916,"listCount":0,"listBlocked":0}
[debug] await generate() {"turnIndex":6,"round":5,"historyLen":102}
[debug] generate attempt tool surface {"turnIndex":6,"round":5,"attempt":1,"toolCount":8,"toolNames":["get_workspace_info","get_active_project","list_directory","read_file","read_file_range","search_files","unreal_rag_search","unreal_get_active_project"],"temperature":0.2}
[unreal-context-compactor] Proxy active: target=qwen3.6-27b-heretic-uncensored-finetune-neo-code-di-imatrix-max input=80745 context=55040 action=hard_compact
[debug] generate returned {"turnIndex":6,"round":5,"waitedMs":23764,"fragmentChars":330,"toolRequests":1,"droppedRequests":0,"failures":0}
[debug] tool call {"turnIndex":6,"name":"read_file","args":{"path":"Source/Project_MJS/Private/System/Combat/CombatTimeDilationSubsystem.cpp","detailLevel":"large"},"ms":169,"hardError":null,"preview":"[path-metadata: {\"resolvedRootType\":\"active_project\",\"projectRelativePath\":\"Source/Project_MJS/Private/System/Combat/CombatTimeDilationSubsystem.cpp\",\"workspaceRelativePath\":\"Source/Project_MJS/Private/System/Combat/Comb"}
[debug] prediction round {"turnIndex":6,"round":6,"historyLen":104,"generateTimeoutMs":300000,"pid":19916,"listCount":0,"listBlocked":0}
[debug] await generate() {"turnIndex":6,"round":6,"historyLen":104}
[debug] generate attempt tool surface {"turnIndex":6,"round":6,"attempt":1,"toolCount":8,"toolNames":["get_workspace_info","get_active_project","list_directory","read_file","read_file_range","search_files","unreal_rag_search","unreal_get_active_project"],"temperature":0.2}
[unreal-context-compactor] Proxy active: target=qwen3.6-27b-heretic-uncensored-finetune-neo-code-di-imatrix-max input=82304 context=55040 action=hard_compact
[debug] still awaiting generate() {"turnIndex":6,"round":6,"heartbeatN":1,"waitedMs":30013}
[debug] still awaiting generate() {"turnIndex":6,"round":6,"heartbeatN":2,"waitedMs":60013}
[debug] still awaiting generate() {"turnIndex":6,"round":6,"heartbeatN":3,"waitedMs":90018}
[debug] still awaiting generate() {"turnIndex":6,"round":6,"heartbeatN":4,"waitedMs":120029}
[debug] generate returned {"turnIndex":6,"round":6,"waitedMs":122142,"fragmentChars":8635,"toolRequests":0,"droppedRequests":0,"failures":0}
[debug] per-turn list_directory stats {"turnIndex":6,"listCount":0,"listBlocked":0,"listedPaths":[]}
[debug] turn completed {"turnIndex":6,"ms":209125,"chars":8635,"tools":["search_files","read_file","read_file","read_file","read_file","read_file","read_file","read_file","read_file"],"listDirectory":0,"listBlocked":0,"preview":"Now I have: - USoundManagerSubsystem (GameInstanceSubsystem) – fully read. - UCombatTimeDilationSubsystem (WorldSubsystem) – fully read. - UCinematicDirectorSubsystem header – read. - UCinematicInputLockSubsystem header – read. - UGroupCombatSubsystem header and cpp – partially k"}

===== TURN 7/17 =====
카메라 시스템 관련해서 구현된것들 더 구체적으로 알려줘.
[debug] prediction round {"turnIndex":7,"round":1,"historyLen":106,"generateTimeoutMs":300000,"pid":19916,"listCount":0,"listBlocked":0}
[debug] await generate() {"turnIndex":7,"round":1,"historyLen":106}
[debug] generate attempt tool surface {"turnIndex":7,"round":1,"attempt":1,"toolCount":8,"toolNames":["get_workspace_info","get_active_project","list_directory","read_file","read_file_range","search_files","unreal_rag_search","unreal_get_active_project"],"temperature":0.2}
[unreal-context-compactor] Proxy active: target=qwen3.6-27b-heretic-uncensored-finetune-neo-code-di-imatrix-max input=84731 context=55040 action=hard_compact
[debug] generate returned {"turnIndex":7,"round":1,"waitedMs":6941,"fragmentChars":452,"toolRequests":2,"droppedRequests":0,"failures":0}
[debug] tool call {"turnIndex":7,"name":"get_active_project","args":{},"ms":283,"hardError":null,"preview":"{\n  \"activeProject\": \"C:\\\\Users\\\\sster\\\\Documents\\\\Git\\\\Project_MJS\\\\Project_MJS.uproject\",\n  \"details\": {\n    \"projectPath\": \"C:\\\\Users\\\\sster\\\\Documents\\\\Git\\\\Project_MJS\\\\Project_MJS.uproject\",\n    \"projectDir\": \"C:\\\\"}
[debug] tool call {"turnIndex":7,"name":"search_files","args":{"query":"Camera","path":"Source/Project_MJS","matchFileNames":true,"maxResults":100},"ms":268,"hardError":null,"preview":"{\n  \"path\": {\n    \"resolvedRootType\": \"active_project\",\n    \"projectRelativePath\": \"Source/Project_MJS\",\n    \"workspaceRelativePath\": \"Source/Project_MJS\",\n    \"absolutePath\": \"C:\\\\Users\\\\sster\\\\Documents\\\\Git\\\\Project_M"}
[debug] prediction round {"turnIndex":7,"round":2,"historyLen":108,"generateTimeoutMs":300000,"pid":19916,"listCount":0,"listBlocked":0}
[debug] await generate() {"turnIndex":7,"round":2,"historyLen":108}
[debug] generate attempt tool surface {"turnIndex":7,"round":2,"attempt":1,"toolCount":8,"toolNames":["get_workspace_info","get_active_project","list_directory","read_file","read_file_range","search_files","unreal_rag_search","unreal_get_active_project"],"temperature":0.2}
[unreal-context-compactor] Proxy active: target=qwen3.6-27b-heretic-uncensored-finetune-neo-code-di-imatrix-max input=94369 context=55040 action=hard_compact
[debug] generate returned {"turnIndex":7,"round":2,"waitedMs":27556,"fragmentChars":576,"toolRequests":3,"droppedRequests":0,"failures":0}
[debug] tool call {"turnIndex":7,"name":"read_file","args":{"path":"Source/Project_MJS/Public/Camera/CameraDirectingComponent.h","detailLevel":"large"},"ms":254,"hardError":null,"preview":"[path-metadata: {\"resolvedRootType\":\"active_project\",\"projectRelativePath\":\"Source/Project_MJS/Public/Camera/CameraDirectingComponent.h\",\"workspaceRelativePath\":\"Source/Project_MJS/Public/Camera/CameraDirectingComponent."}
[debug] tool call {"turnIndex":7,"name":"read_file","args":{"path":"Source/Project_MJS/Public/Camera/CameraMoveComponent.h","detailLevel":"large"},"ms":173,"hardError":null,"preview":"[path-metadata: {\"resolvedRootType\":\"active_project\",\"projectRelativePath\":\"Source/Project_MJS/Public/Camera/CameraMoveComponent.h\",\"workspaceRelativePath\":\"Source/Project_MJS/Public/Camera/CameraMoveComponent.h\",\"absolu"}
[debug] tool call {"turnIndex":7,"name":"read_file","args":{"path":"Source/Project_MJS/Public/Camera/CameraRigActor.h","detailLevel":"large"},"ms":179,"hardError":null,"preview":"[path-metadata: {\"resolvedRootType\":\"active_project\",\"projectRelativePath\":\"Source/Project_MJS/Public/Camera/CameraRigActor.h\",\"workspaceRelativePath\":\"Source/Project_MJS/Public/Camera/CameraRigActor.h\",\"absolutePath\":\"C"}
[debug] prediction round {"turnIndex":7,"round":3,"historyLen":110,"generateTimeoutMs":300000,"pid":19916,"listCount":0,"listBlocked":0}
[debug] await generate() {"turnIndex":7,"round":3,"historyLen":110}
[debug] generate attempt tool surface {"turnIndex":7,"round":3,"attempt":1,"toolCount":8,"toolNames":["get_workspace_info","get_active_project","list_directory","read_file","read_file_range","search_files","unreal_rag_search","unreal_get_active_project"],"temperature":0.2}
[unreal-context-compactor] Proxy active: target=qwen3.6-27b-heretic-uncensored-finetune-neo-code-di-imatrix-max input=97934 context=55040 action=hard_compact
[debug] still awaiting generate() {"turnIndex":7,"round":3,"heartbeatN":1,"waitedMs":30001}
[debug] generate returned {"turnIndex":7,"round":3,"waitedMs":31732,"fragmentChars":451,"toolRequests":3,"droppedRequests":0,"failures":0}
[debug] tool call {"turnIndex":7,"name":"read_file","args":{"path":"Source/Project_MJS/Private/Camera/CameraRigActor.cpp","detailLevel":"large"},"ms":318,"hardError":null,"preview":"[path-metadata: {\"resolvedRootType\":\"active_project\",\"projectRelativePath\":\"Source/Project_MJS/Private/Camera/CameraRigActor.cpp\",\"workspaceRelativePath\":\"Source/Project_MJS/Private/Camera/CameraRigActor.cpp\",\"absolutePa"}
[debug] tool call {"turnIndex":7,"name":"read_file","args":{"path":"Source/Project_MJS/Private/Camera/CameraMoveComponent.cpp","detailLevel":"large"},"ms":186,"hardError":null,"preview":"[path-metadata: {\"resolvedRootType\":\"active_project\",\"projectRelativePath\":\"Source/Project_MJS/Private/Camera/CameraMoveComponent.cpp\",\"workspaceRelativePath\":\"Source/Project_MJS/Private/Camera/CameraMoveComponent.cpp\",\""}
[debug] tool call {"turnIndex":7,"name":"read_file","args":{"path":"Source/Project_MJS/Private/Camera/CameraDirectingComponent.cpp","detailLevel":"large"},"ms":181,"hardError":null,"preview":"[path-metadata: {\"resolvedRootType\":\"active_project\",\"projectRelativePath\":\"Source/Project_MJS/Private/Camera/CameraDirectingComponent.cpp\",\"workspaceRelativePath\":\"Source/Project_MJS/Private/Camera/CameraDirectingCompon"}
[debug] prediction round {"turnIndex":7,"round":4,"historyLen":112,"generateTimeoutMs":300000,"pid":19916,"listCount":0,"listBlocked":0}
[debug] await generate() {"turnIndex":7,"round":4,"historyLen":112}
[debug] generate attempt tool surface {"turnIndex":7,"round":4,"attempt":1,"toolCount":8,"toolNames":["get_workspace_info","get_active_project","list_directory","read_file","read_file_range","search_files","unreal_rag_search","unreal_get_active_project"],"temperature":0.2}
[unreal-context-compactor] Proxy active: target=qwen3.6-27b-heretic-uncensored-finetune-neo-code-di-imatrix-max input=103100 context=55040 action=hard_compact
[debug] still awaiting generate() {"turnIndex":7,"round":4,"heartbeatN":1,"waitedMs":30011}
[debug] still awaiting generate() {"turnIndex":7,"round":4,"heartbeatN":2,"waitedMs":60011}
[debug] still awaiting generate() {"turnIndex":7,"round":4,"heartbeatN":3,"waitedMs":90025}
[debug] generate returned {"turnIndex":7,"round":4,"waitedMs":101572,"fragmentChars":6442,"toolRequests":0,"droppedRequests":0,"failures":0}
[debug] per-turn list_directory stats {"turnIndex":7,"listCount":0,"listBlocked":0,"listedPaths":[]}
[debug] turn completed {"turnIndex":7,"ms":169663,"chars":6442,"tools":["get_active_project","search_files","read_file","read_file","read_file","read_file","read_file","read_file"],"listDirectory":0,"listBlocked":0,"preview":"Now I have a clear picture of the camera system implementation in this project. Let me summarize it concretely based on actual code, not assumptions. Key components: - ACameraRigActor - UCameraMoveComponent - UCameraDirectingComponent - AnimNotify_CameraFOV / AnimNotifyState_Came"}

===== TURN 8/17 =====
UI 관련해서 구현된것들 더 구체적으로 알려줘.
[debug] prediction round {"turnIndex":8,"round":1,"historyLen":114,"generateTimeoutMs":300000,"pid":19916,"listCount":0,"listBlocked":0}
[debug] await generate() {"turnIndex":8,"round":1,"historyLen":114}
[debug] generate attempt tool surface {"turnIndex":8,"round":1,"attempt":1,"toolCount":8,"toolNames":["get_workspace_info","get_active_project","list_directory","read_file","read_file_range","search_files","unreal_rag_search","unreal_get_active_project"],"temperature":0.2}
[unreal-context-compactor] Proxy active: target=qwen3.6-27b-heretic-uncensored-finetune-neo-code-di-imatrix-max input=105007 context=55040 action=hard_compact
[debug] generate returned {"turnIndex":8,"round":1,"waitedMs":11259,"fragmentChars":607,"toolRequests":2,"droppedRequests":0,"failures":0}
[debug] tool call {"turnIndex":8,"name":"search_files","args":{"query":"UUserWidget|Slate|UMG|HUD|UI|Menu|WidgetBlueprint|WidgetComponent","path":"project://Source/Project_MJS/Public","regex":true,"maxResults":120},"ms":351,"hardError":null,"preview":"{\n  \"path\": {\n    \"resolvedRootType\": \"active_project\",\n    \"projectRelativePath\": \"Source/Project_MJS/Public\",\n    \"workspaceRelativePath\": \"Source/Project_MJS/Public\",\n    \"absolutePath\": \"C:\\\\Users\\\\sster\\\\Documents\\\\"}
[debug] tool call {"turnIndex":8,"name":"search_files","args":{"query":"UUserWidget|Slate|UMG|HUD|UI|Menu|WidgetBlueprint|WidgetComponent","path":"project://Source/Project_MJS/Private","regex":true,"maxResults":120},"ms":256,"hardError":null,"preview":"{\n  \"path\": {\n    \"resolvedRootType\": \"active_project\",\n    \"projectRelativePath\": \"Source/Project_MJS/Private\",\n    \"workspaceRelativePath\": \"Source/Project_MJS/Private\",\n    \"absolutePath\": \"C:\\\\Users\\\\sster\\\\Documents"}
[debug] prediction round {"turnIndex":8,"round":2,"historyLen":116,"generateTimeoutMs":300000,"pid":19916,"listCount":0,"listBlocked":0}
[debug] await generate() {"turnIndex":8,"round":2,"historyLen":116}
[debug] generate attempt tool surface {"turnIndex":8,"round":2,"attempt":1,"toolCount":8,"toolNames":["get_workspace_info","get_active_project","list_directory","read_file","read_file_range","search_files","unreal_rag_search","unreal_get_active_project"],"temperature":0.2}
[unreal-context-compactor] Proxy active: target=qwen3.6-27b-heretic-uncensored-finetune-neo-code-di-imatrix-max input=119714 context=55040 action=hard_compact
[debug] still awaiting generate() {"turnIndex":8,"round":2,"heartbeatN":1,"waitedMs":30009}
[debug] generate returned {"turnIndex":8,"round":2,"waitedMs":32477,"fragmentChars":494,"toolRequests":5,"droppedRequests":0,"failures":0}
[debug] tool call {"turnIndex":8,"name":"read_file","args":{"path":"project://Source/Project_MJS/Public/UI/GamePlayWidget.h","detailLevel":"medium"},"ms":169,"hardError":null,"preview":"[path-metadata: {\"resolvedRootType\":\"active_project\",\"projectRelativePath\":\"Source/Project_MJS/Public/UI/GamePlayWidget.h\",\"workspaceRelativePath\":\"Source/Project_MJS/Public/UI/GamePlayWidget.h\",\"absolutePath\":\"C:\\\\Users"}
[debug] tool call {"turnIndex":8,"name":"read_file","args":{"path":"project://Source/Project_MJS/Public/UI/MainMenuHUD.h","detailLevel":"medium"},"ms":256,"hardError":null,"preview":"[path-metadata: {\"resolvedRootType\":\"active_project\",\"projectRelativePath\":\"Source/Project_MJS/Public/UI/MainMenuHUD.h\",\"workspaceRelativePath\":\"Source/Project_MJS/Public/UI/MainMenuHUD.h\",\"absolutePath\":\"C:\\\\Users\\\\sste"}
[debug] tool call {"turnIndex":8,"name":"read_file","args":{"path":"project://Source/Project_MJS/Public/UI/MainMenuWidget.h","detailLevel":"medium"},"ms":172,"hardError":null,"preview":"[path-metadata: {\"resolvedRootType\":\"active_project\",\"projectRelativePath\":\"Source/Project_MJS/Public/UI/MainMenuWidget.h\",\"workspaceRelativePath\":\"Source/Project_MJS/Public/UI/MainMenuWidget.h\",\"absolutePath\":\"C:\\\\Users"}
[debug] skipped excess parallel tool {"turnIndex":8,"round":2,"name":"read_file","parallelIndex":3,"maxParallel":3}
[debug] tool call {"turnIndex":8,"name":"read_file","args":{"path":"project://Source/Project_MJS/Public/Character/Player/CPlayerHUD.h","detailLevel":"medium"},"ms":1,"hardError":null,"preview":"{\n  \"ok\": false,\n  \"errorCode\": \"PARALLEL_TOOL_BUDGET_EXCEEDED\",\n  \"error\": \"Only 3 tool calls are executed per model round.\",\n  \"stopCurrentWorkflow\": false,\n  \"retryable\": false,\n  \"agentInstruction\": \"This tool was sk"}
[debug] skipped excess parallel tool {"turnIndex":8,"round":2,"name":"read_file","parallelIndex":4,"maxParallel":3}
[debug] tool call {"turnIndex":8,"name":"read_file","args":{"path":"project://Source/Project_MJS/Public/System/Debug/DevConsoleWidgetBase.h","detailLevel":"medium"},"ms":0,"hardError":null,"preview":"{\n  \"ok\": false,\n  \"errorCode\": \"PARALLEL_TOOL_BUDGET_EXCEEDED\",\n  \"error\": \"Only 3 tool calls are executed per model round.\",\n  \"stopCurrentWorkflow\": false,\n  \"retryable\": false,\n  \"agentInstruction\": \"This tool was sk"}
[debug] prediction round {"turnIndex":8,"round":3,"historyLen":118,"generateTimeoutMs":300000,"pid":19916,"listCount":0,"listBlocked":0}
[debug] await generate() {"turnIndex":8,"round":3,"historyLen":118}
[debug] generate attempt tool surface {"turnIndex":8,"round":3,"attempt":1,"toolCount":8,"toolNames":["get_workspace_info","get_active_project","list_directory","read_file","read_file_range","search_files","unreal_rag_search","unreal_get_active_project"],"temperature":0.2}
[unreal-context-compactor] Proxy active: target=qwen3.6-27b-heretic-uncensored-finetune-neo-code-di-imatrix-max input=121271 context=55040 action=hard_compact
[debug] still awaiting generate() {"turnIndex":8,"round":3,"heartbeatN":1,"waitedMs":30016}
[debug] still awaiting generate() {"turnIndex":8,"round":3,"heartbeatN":2,"waitedMs":60028}
[debug] generate returned {"turnIndex":8,"round":3,"waitedMs":84399,"fragmentChars":5789,"toolRequests":0,"droppedRequests":0,"failures":0}
[debug] per-turn list_directory stats {"turnIndex":8,"listCount":0,"listBlocked":0,"listedPaths":[]}
[debug] turn completed {"turnIndex":8,"ms":129351,"chars":5789,"tools":["search_files","search_files","read_file","read_file","read_file","read_file","read_file"],"listDirectory":0,"listBlocked":0,"preview":"I have enough information to give a detailed breakdown of the UI-related implementations in this project based on what I've read so far. Let me summarize concretely by system: - Main Menu UI (MainMenuHUD, MainMenuWidget) - Gameplay HUD / In-game UI (CPlayerHUD, GamePlayWidget, Ta"}

===== TURN 9/17 =====
플러그인 쪽을 모두 분석해봐.
[debug] prediction round {"turnIndex":9,"round":1,"historyLen":120,"generateTimeoutMs":300000,"pid":19916,"listCount":0,"listBlocked":0}
[debug] await generate() {"turnIndex":9,"round":1,"historyLen":120}
[debug] generate attempt tool surface {"turnIndex":9,"round":1,"attempt":1,"toolCount":8,"toolNames":["get_workspace_info","get_active_project","list_directory","read_file","read_file_range","search_files","unreal_rag_search","unreal_get_active_project"],"temperature":0.2}
[unreal-context-compactor] Proxy active: target=qwen3.6-27b-heretic-uncensored-finetune-neo-code-di-imatrix-max input=122794 context=55040 action=hard_compact
[debug] generate returned {"turnIndex":9,"round":1,"waitedMs":5255,"fragmentChars":236,"toolRequests":2,"droppedRequests":0,"failures":0}
[debug] tool call {"turnIndex":9,"name":"get_active_project","args":{},"ms":197,"hardError":null,"preview":"{\n  \"activeProject\": \"C:\\\\Users\\\\sster\\\\Documents\\\\Git\\\\Project_MJS\\\\Project_MJS.uproject\",\n  \"details\": {\n    \"projectPath\": \"C:\\\\Users\\\\sster\\\\Documents\\\\Git\\\\Project_MJS\\\\Project_MJS.uproject\",\n    \"projectDir\": \"C:\\\\"}
[debug] list_directory guard check {"path":"Plugins","depth":1,"used":0,"maxPerTurn":6,"maxDepth":4,"seen":[]}
[debug] tool call {"turnIndex":9,"name":"list_directory","args":{"path":"Plugins","maxDepth":4,"maxEntries":200},"ms":187,"hardError":null,"preview":"{\n  \"path\": {\n    \"resolvedRootType\": \"active_project\",\n    \"projectRelativePath\": \"Plugins\",\n    \"workspaceRelativePath\": \"Plugins\",\n    \"absolutePath\": \"C:\\\\Users\\\\sster\\\\Documents\\\\Git\\\\Project_MJS\\\\Plugins\",\n    \"act"}
[debug] prediction round {"turnIndex":9,"round":2,"historyLen":122,"generateTimeoutMs":300000,"pid":19916,"listCount":1,"listBlocked":0}
[debug] await generate() {"turnIndex":9,"round":2,"historyLen":122}
[debug] generate attempt tool surface {"turnIndex":9,"round":2,"attempt":1,"toolCount":8,"toolNames":["get_workspace_info","get_active_project","list_directory","read_file","read_file_range","search_files","unreal_rag_search","unreal_get_active_project"],"temperature":0.2}
[unreal-context-compactor] Proxy active: target=qwen3.6-27b-heretic-uncensored-finetune-neo-code-di-imatrix-max input=126407 context=55040 action=hard_compact
[debug] generate returned {"turnIndex":9,"round":2,"waitedMs":20957,"fragmentChars":836,"toolRequests":3,"droppedRequests":0,"failures":0}
[debug] list_directory guard check {"path":"Plugins/FMODStudio","depth":2,"used":1,"maxPerTurn":6,"maxDepth":4,"seen":["Plugins"]}
[debug] tool call {"turnIndex":9,"name":"list_directory","args":{"path":"Plugins/FMODStudio","maxDepth":4,"maxEntries":200},"ms":180,"hardError":null,"preview":"{\n  \"path\": {\n    \"resolvedRootType\": \"active_project\",\n    \"projectRelativePath\": \"Plugins/FMODStudio\",\n    \"workspaceRelativePath\": \"Plugins/FMODStudio\",\n    \"absolutePath\": \"C:\\\\Users\\\\sster\\\\Documents\\\\Git\\\\Project_M"}
[debug] list_directory guard check {"path":"Plugins/FMODStudioNiagara","depth":2,"used":2,"maxPerTurn":6,"maxDepth":4,"seen":["Plugins","Plugins/FMODStudio"]}
[debug] tool call {"turnIndex":9,"name":"list_directory","args":{"path":"Plugins/FMODStudioNiagara","maxDepth":4,"maxEntries":200},"ms":173,"hardError":null,"preview":"{\n  \"path\": {\n    \"resolvedRootType\": \"active_project\",\n    \"projectRelativePath\": \"Plugins/FMODStudioNiagara\",\n    \"workspaceRelativePath\": \"Plugins/FMODStudioNiagara\",\n    \"absolutePath\": \"C:\\\\Users\\\\sster\\\\Documents\\\\"}
[debug] list_directory guard check {"path":"Plugins/LmStudioGraphExporter","depth":2,"used":3,"maxPerTurn":6,"maxDepth":4,"seen":["Plugins","Plugins/FMODStudio","Plugins/FMODStudioNiagara"]}
[debug] tool call {"turnIndex":9,"name":"list_directory","args":{"path":"Plugins/LmStudioGraphExporter","maxDepth":4,"maxEntries":200},"ms":262,"hardError":null,"preview":"{\n  \"path\": {\n    \"resolvedRootType\": \"active_project\",\n    \"projectRelativePath\": \"Plugins/LmStudioGraphExporter\",\n    \"workspaceRelativePath\": \"Plugins/LmStudioGraphExporter\",\n    \"absolutePath\": \"C:\\\\Users\\\\sster\\\\Doc"}
[debug] prediction round {"turnIndex":9,"round":3,"historyLen":124,"generateTimeoutMs":300000,"pid":19916,"listCount":4,"listBlocked":0}
[debug] await generate() {"turnIndex":9,"round":3,"historyLen":124}
[debug] generate attempt tool surface {"turnIndex":9,"round":3,"attempt":1,"toolCount":8,"toolNames":["get_workspace_info","get_active_project","list_directory","read_file","read_file_range","search_files","unreal_rag_search","unreal_get_active_project"],"temperature":0.2}
[unreal-context-compactor] Proxy active: target=qwen3.6-27b-heretic-uncensored-finetune-neo-code-di-imatrix-max input=128260 context=55040 action=hard_compact
[debug] generate returned {"turnIndex":9,"round":3,"waitedMs":17833,"fragmentChars":352,"toolRequests":2,"droppedRequests":0,"failures":0}
[debug] list_directory guard check {"path":"Plugins/TrueSyncEndfieldShading","depth":2,"used":4,"maxPerTurn":6,"maxDepth":4,"seen":["Plugins","Plugins/FMODStudio","Plugins/FMODStudioNiagara","Plugins/LmStudioGraphExporter"]}
[debug] tool call {"turnIndex":9,"name":"list_directory","args":{"path":"Plugins/TrueSyncEndfieldShading","maxDepth":4,"maxEntries":200},"ms":259,"hardError":null,"preview":"{\n  \"path\": {\n    \"resolvedRootType\": \"active_project\",\n    \"projectRelativePath\": \"Plugins/TrueSyncEndfieldShading\",\n    \"workspaceRelativePath\": \"Plugins/TrueSyncEndfieldShading\",\n    \"absolutePath\": \"C:\\\\Users\\\\sster\\"}
[debug] list_directory guard check {"path":"Plugins/TrueSyncRuntimeLoading","depth":2,"used":5,"maxPerTurn":6,"maxDepth":4,"seen":["Plugins","Plugins/FMODStudio","Plugins/FMODStudioNiagara","Plugins/LmStudioGraphExporter","Plugins/TrueSyncEndfieldShading"]}
[debug] tool call {"turnIndex":9,"name":"list_directory","args":{"path":"Plugins/TrueSyncRuntimeLoading","maxDepth":4,"maxEntries":200},"ms":177,"hardError":null,"preview":"{\n  \"path\": {\n    \"resolvedRootType\": \"active_project\",\n    \"projectRelativePath\": \"Plugins/TrueSyncRuntimeLoading\",\n    \"workspaceRelativePath\": \"Plugins/TrueSyncRuntimeLoading\",\n    \"absolutePath\": \"C:\\\\Users\\\\sster\\\\D"}
[debug] prediction round {"turnIndex":9,"round":4,"historyLen":126,"generateTimeoutMs":300000,"pid":19916,"listCount":6,"listBlocked":0}
[debug] await generate() {"turnIndex":9,"round":4,"historyLen":126}
[debug] generate attempt tool surface {"turnIndex":9,"round":4,"attempt":1,"toolCount":8,"toolNames":["get_workspace_info","get_active_project","list_directory","read_file","read_file_range","search_files","unreal_rag_search","unreal_get_active_project"],"temperature":0.2}
[unreal-context-compactor] Proxy active: target=qwen3.6-27b-heretic-uncensored-finetune-neo-code-di-imatrix-max input=129374 context=55040 action=hard_compact
[debug] generate returned {"turnIndex":9,"round":4,"waitedMs":21016,"fragmentChars":453,"toolRequests":3,"droppedRequests":0,"failures":0}
[debug] tool call {"turnIndex":9,"name":"read_file","args":{"path":"Plugins/FMODStudio/FMODStudio.uplugin","detailLevel":"medium"},"ms":188,"hardError":null,"preview":"[path-metadata: {\"resolvedRootType\":\"active_project\",\"projectRelativePath\":\"Plugins/FMODStudio/FMODStudio.uplugin\",\"workspaceRelativePath\":\"Plugins/FMODStudio/FMODStudio.uplugin\",\"absolutePath\":\"C:\\\\Users\\\\sster\\\\Documen"}
[debug] tool call {"turnIndex":9,"name":"read_file","args":{"path":"Plugins/FMODStudioNiagara/FMODStudioNiagara.uplugin","detailLevel":"medium"},"ms":191,"hardError":null,"preview":"[path-metadata: {\"resolvedRootType\":\"active_project\",\"projectRelativePath\":\"Plugins/FMODStudioNiagara/FMODStudioNiagara.uplugin\",\"workspaceRelativePath\":\"Plugins/FMODStudioNiagara/FMODStudioNiagara.uplugin\",\"absolutePath"}
[debug] tool call {"turnIndex":9,"name":"read_file","args":{"path":"Plugins/LmStudioGraphExporter/LmStudioGraphExporter.uplugin","detailLevel":"medium"},"ms":180,"hardError":null,"preview":"[path-metadata: {\"resolvedRootType\":\"active_project\",\"projectRelativePath\":\"Plugins/LmStudioGraphExporter/LmStudioGraphExporter.uplugin\",\"workspaceRelativePath\":\"Plugins/LmStudioGraphExporter/LmStudioGraphExporter.uplugi"}
[debug] prediction round {"turnIndex":9,"round":5,"historyLen":128,"generateTimeoutMs":300000,"pid":19916,"listCount":6,"listBlocked":0}
[debug] await generate() {"turnIndex":9,"round":5,"historyLen":128}
[debug] generate attempt tool surface {"turnIndex":9,"round":5,"attempt":1,"toolCount":8,"toolNames":["get_workspace_info","get_active_project","list_directory","read_file","read_file_range","search_files","unreal_rag_search","unreal_get_active_project"],"temperature":0.2}
[unreal-context-compactor] Proxy active: target=qwen3.6-27b-heretic-uncensored-finetune-neo-code-di-imatrix-max input=130636 context=55040 action=hard_compact
[debug] generate returned {"turnIndex":9,"round":5,"waitedMs":19861,"fragmentChars":297,"toolRequests":2,"droppedRequests":0,"failures":0}
[debug] tool call {"turnIndex":9,"name":"read_file","args":{"path":"Plugins/TrueSyncEndfieldShading/TrueSyncEndfieldShading.uplugin","detailLevel":"medium"},"ms":186,"hardError":null,"preview":"[path-metadata: {\"resolvedRootType\":\"active_project\",\"projectRelativePath\":\"Plugins/TrueSyncEndfieldShading/TrueSyncEndfieldShading.uplugin\",\"workspaceRelativePath\":\"Plugins/TrueSyncEndfieldShading/TrueSyncEndfieldShadin"}
[debug] tool call {"turnIndex":9,"name":"read_file","args":{"path":"Plugins/TrueSyncRuntimeLoading/TrueSyncRuntimeLoading.uplugin","detailLevel":"medium"},"ms":168,"hardError":null,"preview":"[path-metadata: {\"resolvedRootType\":\"active_project\",\"projectRelativePath\":\"Plugins/TrueSyncRuntimeLoading/TrueSyncRuntimeLoading.uplugin\",\"workspaceRelativePath\":\"Plugins/TrueSyncRuntimeLoading/TrueSyncRuntimeLoading.up"}
[debug] prediction round {"turnIndex":9,"round":6,"historyLen":130,"generateTimeoutMs":300000,"pid":19916,"listCount":6,"listBlocked":0}
[debug] await generate() {"turnIndex":9,"round":6,"historyLen":130}
[debug] generate attempt tool surface {"turnIndex":9,"round":6,"attempt":1,"toolCount":8,"toolNames":["get_workspace_info","get_active_project","list_directory","read_file","read_file_range","search_files","unreal_rag_search","unreal_get_active_project"],"temperature":0.2}
[unreal-context-compactor] Proxy active: target=qwen3.6-27b-heretic-uncensored-finetune-neo-code-di-imatrix-max input=131420 context=55040 action=hard_compact
[debug] generate returned {"turnIndex":9,"round":6,"waitedMs":23198,"fragmentChars":299,"toolRequests":3,"droppedRequests":0,"failures":0}
[debug] list_directory guard check {"path":"Plugins/LmStudioGraphExporter/Source","depth":3,"used":6,"maxPerTurn":6,"maxDepth":4,"seen":["Plugins","Plugins/FMODStudio","Plugins/FMODStudioNiagara","Plugins/LmStudioGraphExporter","Plugins/TrueSyncEndfieldShading","Plugins/TrueSyncRuntimeLoading"]}
[debug] tool call {"turnIndex":9,"name":"list_directory","args":{"path":"Plugins/LmStudioGraphExporter/Source","maxDepth":4,"maxEntries":200},"ms":0,"hardError":null,"preview":"{\n  \"ok\": false,\n  \"errorCode\": \"LIST_DIRECTORY_BUDGET_EXCEEDED\",\n  \"error\": \"list_directory budget exceeded (6/turn).\",\n  \"stopCurrentWorkflow\": false,\n  \"retryable\": false,\n  \"agentInstruction\": \"Do not call list_direc"}
[debug] list_directory guard check {"path":"Plugins/TrueSyncEndfieldShading/Source","depth":3,"used":6,"maxPerTurn":6,"maxDepth":4,"seen":["Plugins","Plugins/FMODStudio","Plugins/FMODStudioNiagara","Plugins/LmStudioGraphExporter","Plugins/TrueSyncEndfieldShading","Plugins/TrueSyncRuntimeLoading"]}
[debug] tool call {"turnIndex":9,"name":"list_directory","args":{"path":"Plugins/TrueSyncEndfieldShading/Source","maxDepth":4,"maxEntries":200},"ms":1,"hardError":null,"preview":"{\n  \"ok\": false,\n  \"errorCode\": \"LIST_DIRECTORY_BUDGET_EXCEEDED\",\n  \"error\": \"list_directory budget exceeded (6/turn).\",\n  \"stopCurrentWorkflow\": false,\n  \"retryable\": false,\n  \"agentInstruction\": \"Do not call list_direc"}
[debug] list_directory guard check {"path":"Plugins/TrueSyncRuntimeLoading/Source","depth":3,"used":6,"maxPerTurn":6,"maxDepth":4,"seen":["Plugins","Plugins/FMODStudio","Plugins/FMODStudioNiagara","Plugins/LmStudioGraphExporter","Plugins/TrueSyncEndfieldShading","Plugins/TrueSyncRuntimeLoading"]}
[debug] tool call {"turnIndex":9,"name":"list_directory","args":{"path":"Plugins/TrueSyncRuntimeLoading/Source","maxDepth":4,"maxEntries":200},"ms":1,"hardError":null,"preview":"{\n  \"ok\": false,\n  \"errorCode\": \"LIST_DIRECTORY_BUDGET_EXCEEDED\",\n  \"error\": \"list_directory budget exceeded (6/turn).\",\n  \"stopCurrentWorkflow\": false,\n  \"retryable\": false,\n  \"agentInstruction\": \"Do not call list_direc"}
[debug] prediction round {"turnIndex":9,"round":7,"historyLen":132,"generateTimeoutMs":300000,"pid":19916,"listCount":6,"listBlocked":3}
[debug] await generate() {"turnIndex":9,"round":7,"historyLen":132}
[debug] generate attempt tool surface {"turnIndex":9,"round":7,"attempt":1,"toolCount":8,"toolNames":["get_workspace_info","get_active_project","list_directory","read_file","read_file_range","search_files","unreal_rag_search","unreal_get_active_project"],"temperature":0.2}
[unreal-context-compactor] Proxy active: target=qwen3.6-27b-heretic-uncensored-finetune-neo-code-di-imatrix-max input=131967 context=55040 action=hard_compact
[debug] generate returned {"turnIndex":9,"round":7,"waitedMs":23936,"fragmentChars":716,"toolRequests":1,"droppedRequests":0,"failures":0}
[debug] tool call {"turnIndex":9,"name":"search_files","args":{"query":"\\.Build\\.cs$","path":"Plugins","regex":true,"maxResults":50},"ms":841,"hardError":null,"preview":"{\n  \"path\": {\n    \"resolvedRootType\": \"active_project\",\n    \"projectRelativePath\": \"Plugins\",\n    \"workspaceRelativePath\": \"Plugins\",\n    \"absolutePath\": \"C:\\\\Users\\\\sster\\\\Documents\\\\Git\\\\Project_MJS\\\\Plugins\",\n    \"act"}
[debug] prediction round {"turnIndex":9,"round":8,"historyLen":134,"generateTimeoutMs":300000,"pid":19916,"listCount":6,"listBlocked":3}
[debug] await generate() {"turnIndex":9,"round":8,"historyLen":134}
[debug] generate attempt tool surface {"turnIndex":9,"round":8,"attempt":1,"toolCount":8,"toolNames":["get_workspace_info","get_active_project","list_directory","read_file","read_file_range","search_files","unreal_rag_search","unreal_get_active_project"],"temperature":0.2}
[unreal-context-compactor] Proxy active: target=qwen3.6-27b-heretic-uncensored-finetune-neo-code-di-imatrix-max input=132353 context=55040 action=hard_compact
[debug] generate returned {"turnIndex":9,"round":8,"waitedMs":28274,"fragmentChars":700,"toolRequests":3,"droppedRequests":0,"failures":0}
[debug] tool call {"turnIndex":9,"name":"read_file","args":{"path":"Plugins/LmStudioGraphExporter/Source/LmStudioGraphExporter/LmStudioGraphExporter.Build.cs","detailLevel":"medium"},"ms":173,"hardError":null,"preview":"[path-metadata: {\"resolvedRootType\":\"active_project\",\"projectRelativePath\":\"Plugins/LmStudioGraphExporter/Source/LmStudioGraphExporter/LmStudioGraphExporter.Build.cs\",\"workspaceRelativePath\":\"Plugins/LmStudioGraphExporte"}
[debug] tool call {"turnIndex":9,"name":"read_file","args":{"path":"Plugins/TrueSyncRuntimeLoading/Source/TrueSyncRuntimeLoading/Public/TrueSyncRuntimeLoading.h","detailLevel":"medium"},"ms":170,"hardError":null,"preview":"{\n  \"summary\": \"ERROR — not found: Plugins/TrueSyncRuntimeLoading/Source/TrueSyncRuntimeLoading/Public/TrueSyncRuntimeLoading.h\",\n  \"ok\": false,\n  \"error\": \"not found: Plugins/TrueSyncRuntimeLoading/Source/TrueSyncRuntim"}
[debug] tool call {"turnIndex":9,"name":"read_file","args":{"path":"Plugins/TrueSyncEndfieldShading/Source/TrueSyncEndfieldShading/Public/TrueSyncEndfieldShading.h","detailLevel":"medium"},"ms":261,"hardError":null,"preview":"{\n  \"summary\": \"ERROR — not found: Plugins/TrueSyncEndfieldShading/Source/TrueSyncEndfieldShading/Public/TrueSyncEndfieldShading.h\",\n  \"ok\": false,\n  \"error\": \"not found: Plugins/TrueSyncEndfieldShading/Source/TrueSyncEn"}
[debug] prediction round {"turnIndex":9,"round":9,"historyLen":136,"generateTimeoutMs":300000,"pid":19916,"listCount":6,"listBlocked":3}
[debug] await generate() {"turnIndex":9,"round":9,"historyLen":136}
[debug] generate attempt tool surface {"turnIndex":9,"round":9,"attempt":1,"toolCount":8,"toolNames":["get_workspace_info","get_active_project","list_directory","read_file","read_file_range","search_files","unreal_rag_search","unreal_get_active_project"],"temperature":0.2}
[unreal-context-compactor] Proxy active: target=qwen3.6-27b-heretic-uncensored-finetune-neo-code-di-imatrix-max input=133460 context=55040 action=hard_compact
[debug] generate returned {"turnIndex":9,"round":9,"waitedMs":26340,"fragmentChars":278,"toolRequests":2,"droppedRequests":0,"failures":0}
[debug] tool call {"turnIndex":9,"name":"search_files","args":{"query":"TrueSyncRuntimeLoading.h","path":"Plugins/TrueSyncRuntimeLoading","matchFileNames":true,"maxResults":20},"ms":181,"hardError":null,"preview":"{\n  \"path\": {\n    \"resolvedRootType\": \"active_project\",\n    \"projectRelativePath\": \"Plugins/TrueSyncRuntimeLoading\",\n    \"workspaceRelativePath\": \"Plugins/TrueSyncRuntimeLoading\",\n    \"absolutePath\": \"C:\\\\Users\\\\sster\\\\D"}
[debug] tool call {"turnIndex":9,"name":"search_files","args":{"query":"TrueSyncEndfieldShading.h","path":"Plugins/TrueSyncEndfieldShading","matchFileNames":true,"maxResults":20},"ms":190,"hardError":null,"preview":"{\n  \"path\": {\n    \"resolvedRootType\": \"active_project\",\n    \"projectRelativePath\": \"Plugins/TrueSyncEndfieldShading\",\n    \"workspaceRelativePath\": \"Plugins/TrueSyncEndfieldShading\",\n    \"absolutePath\": \"C:\\\\Users\\\\sster\\"}
[debug] prediction round {"turnIndex":9,"round":10,"historyLen":138,"generateTimeoutMs":300000,"pid":19916,"listCount":6,"listBlocked":3}
[debug] await generate() {"turnIndex":9,"round":10,"historyLen":138}
[debug] generate attempt tool surface {"turnIndex":9,"round":10,"attempt":1,"toolCount":8,"toolNames":["get_workspace_info","get_active_project","list_directory","read_file","read_file_range","search_files","unreal_rag_search","unreal_get_active_project"],"temperature":0.2}
[unreal-context-compactor] Proxy active: target=qwen3.6-27b-heretic-uncensored-finetune-neo-code-di-imatrix-max input=134721 context=55040 action=hard_compact
[debug] generate returned {"turnIndex":9,"round":10,"waitedMs":25249,"fragmentChars":433,"toolRequests":1,"droppedRequests":0,"failures":0}
[debug] tool call {"turnIndex":9,"name":"search_files","args":{"query":"TrueSyncRuntimeLoading","path":"Plugins/TrueSyncRuntimeLoading","maxResults":40},"ms":338,"hardError":null,"preview":"{\n  \"path\": {\n    \"resolvedRootType\": \"active_project\",\n    \"projectRelativePath\": \"Plugins/TrueSyncRuntimeLoading\",\n    \"workspaceRelativePath\": \"Plugins/TrueSyncRuntimeLoading\",\n    \"absolutePath\": \"C:\\\\Users\\\\sster\\\\D"}
[debug] prediction round {"turnIndex":9,"round":11,"historyLen":140,"generateTimeoutMs":300000,"pid":19916,"listCount":6,"listBlocked":3}
[debug] await generate() {"turnIndex":9,"round":11,"historyLen":140}
[debug] generate attempt tool surface {"turnIndex":9,"round":11,"attempt":1,"toolCount":8,"toolNames":["get_workspace_info","get_active_project","list_directory","read_file","read_file_range","search_files","unreal_rag_search","unreal_get_active_project"],"temperature":0.2}
[unreal-context-compactor] Proxy active: target=qwen3.6-27b-heretic-uncensored-finetune-neo-code-di-imatrix-max input=136168 context=55040 action=hard_compact
[debug] still awaiting generate() {"turnIndex":9,"round":11,"heartbeatN":1,"waitedMs":30001}
[debug] generate returned {"turnIndex":9,"round":11,"waitedMs":32153,"fragmentChars":415,"toolRequests":3,"droppedRequests":0,"failures":0}
[debug] tool call {"turnIndex":9,"name":"read_file","args":{"path":"Plugins/TrueSyncRuntimeLoading/Source/TrueSyncRuntimeLoading/TrueSyncRuntimeLoading.Build.cs","detailLevel":"medium"},"ms":248,"hardError":null,"preview":"[path-metadata: {\"resolvedRootType\":\"active_project\",\"projectRelativePath\":\"Plugins/TrueSyncRuntimeLoading/Source/TrueSyncRuntimeLoading/TrueSyncRuntimeLoading.Build.cs\",\"workspaceRelativePath\":\"Plugins/TrueSyncRuntimeLo"}
[debug] tool call {"turnIndex":9,"name":"read_file","args":{"path":"Plugins/TrueSyncRuntimeLoading/Source/TrueSyncRuntimeLoading/Public/TrueSyncLoadingSubsystem.h","detailLevel":"medium"},"ms":196,"hardError":null,"preview":"[path-metadata: {\"resolvedRootType\":\"active_project\",\"projectRelativePath\":\"Plugins/TrueSyncRuntimeLoading/Source/TrueSyncRuntimeLoading/Public/TrueSyncLoadingSubsystem.h\",\"workspaceRelativePath\":\"Plugins/TrueSyncRuntime"}
[debug] tool call {"turnIndex":9,"name":"read_file","args":{"path":"Plugins/TrueSyncRuntimeLoading/Source/TrueSyncRuntimeLoading/Public/TrueSyncLoadManifest.h","detailLevel":"medium"},"ms":176,"hardError":null,"preview":"[path-metadata: {\"resolvedRootType\":\"active_project\",\"projectRelativePath\":\"Plugins/TrueSyncRuntimeLoading/Source/TrueSyncRuntimeLoading/Public/TrueSyncLoadManifest.h\",\"workspaceRelativePath\":\"Plugins/TrueSyncRuntimeLoad"}
[debug] prediction round {"turnIndex":9,"round":12,"historyLen":142,"generateTimeoutMs":300000,"pid":19916,"listCount":6,"listBlocked":3}
[debug] await generate() {"turnIndex":9,"round":12,"historyLen":142}
[debug] generate attempt tool surface {"turnIndex":9,"round":12,"attempt":1,"toolCount":8,"toolNames":["get_workspace_info","get_active_project","list_directory","read_file","read_file_range","search_files","unreal_rag_search","unreal_get_active_project"],"temperature":0.2}
[unreal-context-compactor] Proxy active: target=qwen3.6-27b-heretic-uncensored-finetune-neo-code-di-imatrix-max input=137592 context=55040 action=hard_compact
[debug] still awaiting generate() {"turnIndex":9,"round":12,"heartbeatN":1,"waitedMs":30008}
[debug] generate returned {"turnIndex":9,"round":12,"waitedMs":30668,"fragmentChars":481,"toolRequests":1,"droppedRequests":0,"failures":0}
[debug] tool call {"turnIndex":9,"name":"search_files","args":{"query":"LmStudioGraphExporterModule.h","path":"Plugins/LmStudioGraphExporter","matchFileNames":true,"maxResults":10},"ms":174,"hardError":null,"preview":"{\n  \"path\": {\n    \"resolvedRootType\": \"active_project\",\n    \"projectRelativePath\": \"Plugins/LmStudioGraphExporter\",\n    \"workspaceRelativePath\": \"Plugins/LmStudioGraphExporter\",\n    \"absolutePath\": \"C:\\\\Users\\\\sster\\\\Doc"}
[debug] per-turn list_directory stats {"turnIndex":9,"listCount":6,"listBlocked":3,"listedPaths":["Plugins","Plugins/FMODStudio","Plugins/FMODStudioNiagara","Plugins/LmStudioGraphExporter","Plugins/TrueSyncEndfieldShading","Plugins/TrueSyncRuntimeLoading"]}
[debug] turn completed {"turnIndex":9,"ms":280095,"chars":481,"tools":["get_active_project","list_directory","list_directory","list_directory","list_directory","list_directory","list_directory","read_file","read_file","read_file","read_file","read_file","list_directory","list_directory","list_directory","search_files","read_file","read_file","read_file","search_files","search_files","search_files","read_file","read_file","read_file","search_files"],"listDirectory":6,"listBlocked":3,"preview":"Now I have a good picture of TrueSyncRuntimeLoading. Next I’ll read: - LmStudioGraphExporter module header to understand its editor-time export behavior. - TrueSyncEndfieldShadingSceneViewExtension.cpp (key rendering logic). 

===== TURN 10/17 =====
셰이더 플러그인 쪽 더 구체적으로 알려줘.
[debug] prediction round {"turnIndex":10,"round":1,"historyLen":145,"generateTimeoutMs":300000,"pid":19916,"listCount":0,"listBlocked":0}
[debug] await generate() {"turnIndex":10,"round":1,"historyLen":145}
[debug] generate attempt tool surface {"turnIndex":10,"round":1,"attempt":1,"toolCount":8,"toolNames":["get_workspace_info","get_active_project","list_directory","read_file","read_file_range","search_files","unreal_rag_search","unreal_get_active_project"],"temperature":0.2}
[unreal-context-compactor] Proxy active: target=qwen3.6-27b-heretic-uncensored-finetune-neo-code-di-imatrix-max input=136849 context=55040 action=hard_compact
[debug] generate returned {"turnIndex":10,"round":1,"waitedMs":8035,"fragmentChars":707,"toolRequests":2,"droppedRequests":0,"failures":0}
[debug] tool call {"turnIndex":10,"name":"get_active_project","args":{},"ms":198,"hardError":null,"preview":"{\n  \"activeProject\": \"C:\\\\Users\\\\sster\\\\Documents\\\\Git\\\\Project_MJS\\\\Project_MJS.uproject\",\n  \"details\": {\n    \"projectPath\": \"C:\\\\Users\\\\sster\\\\Documents\\\\Git\\\\Project_MJS\\\\Project_MJS.uproject\",\n    \"projectDir\": \"C:\\\\"}
[debug] list_directory guard check {"path":"Plugins/TrueSyncEndfieldShading","depth":2,"used":0,"maxPerTurn":6,"maxDepth":4,"seen":[]}
[debug] tool call {"turnIndex":10,"name":"list_directory","args":{"path":"Plugins/TrueSyncEndfieldShading"},"ms":171,"hardError":null,"preview":"{\n  \"path\": {\n    \"resolvedRootType\": \"active_project\",\n    \"projectRelativePath\": \"Plugins/TrueSyncEndfieldShading\",\n    \"workspaceRelativePath\": \"Plugins/TrueSyncEndfieldShading\",\n    \"absolutePath\": \"C:\\\\Users\\\\sster\\"}
[debug] prediction round {"turnIndex":10,"round":2,"historyLen":147,"generateTimeoutMs":300000,"pid":19916,"listCount":1,"listBlocked":0}
[debug] await generate() {"turnIndex":10,"round":2,"historyLen":147}
[debug] generate attempt tool surface {"turnIndex":10,"round":2,"attempt":1,"toolCount":8,"toolNames":["get_workspace_info","get_active_project","list_directory","read_file","read_file_range","search_files","unreal_rag_search","unreal_get_active_project"],"temperature":0.2}
[unreal-context-compactor] Proxy active: target=qwen3.6-27b-heretic-uncensored-finetune-neo-code-di-imatrix-max input=140917 context=55040 action=hard_compact
[debug] generate returned {"turnIndex":10,"round":2,"waitedMs":12091,"fragmentChars":295,"toolRequests":3,"droppedRequests":0,"failures":0}
[debug] tool call {"turnIndex":10,"name":"read_file","args":{"path":"Plugins/TrueSyncEndfieldShading/TrueSyncEndfieldShading.uplugin"},"ms":173,"hardError":null,"preview":"[path-metadata: {\"resolvedRootType\":\"active_project\",\"projectRelativePath\":\"Plugins/TrueSyncEndfieldShading/TrueSyncEndfieldShading.uplugin\",\"workspaceRelativePath\":\"Plugins/TrueSyncEndfieldShading/TrueSyncEndfieldShadin"}
[debug] list_directory guard check {"path":"Plugins/TrueSyncEndfieldShading/Shaders","depth":3,"used":1,"maxPerTurn":6,"maxDepth":4,"seen":["Plugins/TrueSyncEndfieldShading"]}
[debug] tool call {"turnIndex":10,"name":"list_directory","args":{"path":"Plugins/TrueSyncEndfieldShading/Shaders"},"ms":266,"hardError":null,"preview":"{\n  \"path\": {\n    \"resolvedRootType\": \"active_project\",\n    \"projectRelativePath\": \"Plugins/TrueSyncEndfieldShading/Shaders\",\n    \"workspaceRelativePath\": \"Plugins/TrueSyncEndfieldShading/Shaders\",\n    \"absolutePath\": \"C"}
[debug] list_directory guard check {"path":"Plugins/TrueSyncEndfieldShading/Source","depth":3,"used":2,"maxPerTurn":6,"maxDepth":4,"seen":["Plugins/TrueSyncEndfieldShading","Plugins/TrueSyncEndfieldShading/Shaders"]}
[debug] tool call {"turnIndex":10,"name":"list_directory","args":{"path":"Plugins/TrueSyncEndfieldShading/Source"},"ms":171,"hardError":null,"preview":"{\n  \"path\": {\n    \"resolvedRootType\": \"active_project\",\n    \"projectRelativePath\": \"Plugins/TrueSyncEndfieldShading/Source\",\n    \"workspaceRelativePath\": \"Plugins/TrueSyncEndfieldShading/Source\",\n    \"absolutePath\": \"C:\\"}
[debug] prediction round {"turnIndex":10,"round":3,"historyLen":149,"generateTimeoutMs":300000,"pid":19916,"listCount":3,"listBlocked":0}
[debug] await generate() {"turnIndex":10,"round":3,"historyLen":149}
[debug] generate attempt tool surface {"turnIndex":10,"round":3,"attempt":1,"toolCount":8,"toolNames":["get_workspace_info","get_active_project","list_directory","read_file","read_file_range","search_files","unreal_rag_search","unreal_get_active_project"],"temperature":0.2}
[unreal-context-compactor] Proxy active: target=qwen3.6-27b-heretic-uncensored-finetune-neo-code-di-imatrix-max input=141941 context=55040 action=hard_compact
[debug] generate returned {"turnIndex":10,"round":3,"waitedMs":13120,"fragmentChars":249,"toolRequests":3,"droppedRequests":0,"failures":0}
[debug] list_directory guard check {"path":"Plugins/TrueSyncEndfieldShading/Shaders/Public","depth":4,"used":3,"maxPerTurn":6,"maxDepth":4,"seen":["Plugins/TrueSyncEndfieldShading","Plugins/TrueSyncEndfieldShading/Shaders","Plugins/TrueSyncEndfieldShading/Source"]}
[debug] tool call {"turnIndex":10,"name":"list_directory","args":{"path":"Plugins/TrueSyncEndfieldShading/Shaders/Public"},"ms":178,"hardError":null,"preview":"{\n  \"path\": {\n    \"resolvedRootType\": \"active_project\",\n    \"projectRelativePath\": \"Plugins/TrueSyncEndfieldShading/Shaders/Public\",\n    \"workspaceRelativePath\": \"Plugins/TrueSyncEndfieldShading/Shaders/Public\",\n    \"abs"}
[debug] list_directory guard check {"path":"Plugins/TrueSyncEndfieldShading/Shaders/Private","depth":4,"used":4,"maxPerTurn":6,"maxDepth":4,"seen":["Plugins/TrueSyncEndfieldShading","Plugins/TrueSyncEndfieldShading/Shaders","Plugins/TrueSyncEndfieldShading/Source","Plugins/TrueSyncEndfieldShading/Shaders/Public"]}
[debug] tool call {"turnIndex":10,"name":"list_directory","args":{"path":"Plugins/TrueSyncEndfieldShading/Shaders/Private"},"ms":204,"hardError":null,"preview":"{\n  \"path\": {\n    \"resolvedRootType\": \"active_project\",\n    \"projectRelativePath\": \"Plugins/TrueSyncEndfieldShading/Shaders/Private\",\n    \"workspaceRelativePath\": \"Plugins/TrueSyncEndfieldShading/Shaders/Private\",\n    \"a"}
[debug] tool call {"turnIndex":10,"name":"read_file","args":{"path":"Plugins/TrueSyncEndfieldShading/Source/TrueSyncEndfieldShading/TrueSyncEndfieldShading.Build.cs"},"ms":291,"hardError":null,"preview":"[path-metadata: {\"resolvedRootType\":\"active_project\",\"projectRelativePath\":\"Plugins/TrueSyncEndfieldShading/Source/TrueSyncEndfieldShading/TrueSyncEndfieldShading.Build.cs\",\"workspaceRelativePath\":\"Plugins/TrueSyncEndfie"}
[debug] prediction round {"turnIndex":10,"round":4,"historyLen":151,"generateTimeoutMs":300000,"pid":19916,"listCount":5,"listBlocked":0}
[debug] await generate() {"turnIndex":10,"round":4,"historyLen":151}
[debug] generate attempt tool surface {"turnIndex":10,"round":4,"attempt":1,"toolCount":8,"toolNames":["get_workspace_info","get_active_project","list_directory","read_file","read_file_range","search_files","unreal_rag_search","unreal_get_active_project"],"temperature":0.2}
[unreal-context-compactor] Proxy active: target=qwen3.6-27b-heretic-uncensored-finetune-neo-code-di-imatrix-max input=143212 context=55040 action=hard_compact
[debug] generate returned {"turnIndex":10,"round":4,"waitedMs":13767,"fragmentChars":267,"toolRequests":2,"droppedRequests":0,"failures":0}
[debug] list_directory guard check {"path":"Plugins/TrueSyncEndfieldShading/Source/TrueSyncEndfieldShading/Public","depth":5,"used":5,"maxPerTurn":6,"maxDepth":4,"seen":["Plugins/TrueSyncEndfieldShading","Plugins/TrueSyncEndfieldShading/Shaders","Plugins/TrueSyncEndfieldShading/Source","Plugins/TrueSyncEndfieldShading/Shaders/Public","Plugins/TrueSyncEndfieldShading/Shaders/Private"]}
[debug] tool call {"turnIndex":10,"name":"list_directory","args":{"path":"Plugins/TrueSyncEndfieldShading/Source/TrueSyncEndfieldShading/Public"},"ms":1,"hardError":null,"preview":"{\n  \"ok\": false,\n  \"errorCode\": \"LIST_DIRECTORY_DEPTH_EXCEEDED\",\n  \"error\": \"list_directory depth 5 exceeds max 4.\",\n  \"stopCurrentWorkflow\": false,\n  \"retryable\": false,\n  \"agentInstruction\": \"Do not recurse deeper with"}
[debug] list_directory guard check {"path":"Plugins/TrueSyncEndfieldShading/Source/TrueSyncEndfieldShading/Private","depth":5,"used":5,"maxPerTurn":6,"maxDepth":4,"seen":["Plugins/TrueSyncEndfieldShading","Plugins/TrueSyncEndfieldShading/Shaders","Plugins/TrueSyncEndfieldShading/Source","Plugins/TrueSyncEndfieldShading/Shaders/Public","Plugins/TrueSyncEndfieldShading/Shaders/Private"]}
[debug] tool call {"turnIndex":10,"name":"list_directory","args":{"path":"Plugins/TrueSyncEndfieldShading/Source/TrueSyncEndfieldShading/Private"},"ms":1,"hardError":null,"preview":"{\n  \"ok\": false,\n  \"errorCode\": \"LIST_DIRECTORY_DEPTH_EXCEEDED\",\n  \"error\": \"list_directory depth 5 exceeds max 4.\",\n  \"stopCurrentWorkflow\": false,\n  \"retryable\": false,\n  \"agentInstruction\": \"Do not recurse deeper with"}
[debug] prediction round {"turnIndex":10,"round":5,"historyLen":153,"generateTimeoutMs":300000,"pid":19916,"listCount":5,"listBlocked":2}
[debug] await generate() {"turnIndex":10,"round":5,"historyLen":153}
[debug] generate attempt tool surface {"turnIndex":10,"round":5,"attempt":1,"toolCount":8,"toolNames":["get_workspace_info","get_active_project","list_directory","read_file","read_file_range","search_files","unreal_rag_search","unreal_get_active_project"],"temperature":0.2}
[unreal-context-compactor] Proxy active: target=qwen3.6-27b-heretic-uncensored-finetune-neo-code-di-imatrix-max input=143574 context=55040 action=hard_compact
[debug] generate returned {"turnIndex":10,"round":5,"waitedMs":16326,"fragmentChars":175,"toolRequests":2,"droppedRequests":0,"failures":0}
[debug] tool call {"turnIndex":10,"name":"search_files","args":{"query":".*\\.h$","path":"Plugins/TrueSyncEndfieldShading/Source/TrueSyncEndfieldShading/Public","matchFileNames":true,"maxResults":30},"ms":231,"hardError":null,"preview":"{\n  \"path\": {\n    \"resolvedRootType\": \"active_project\",\n    \"projectRelativePath\": \"Plugins/TrueSyncEndfieldShading/Source/TrueSyncEndfieldShading/Public\",\n    \"workspaceRelativePath\": \"Plugins/TrueSyncEndfieldShading/So"}
[debug] tool call {"turnIndex":10,"name":"search_files","args":{"query":".*\\.cpp$","path":"Plugins/TrueSyncEndfieldShading/Source/TrueSyncEndfieldShading/Private","matchFileNames":true,"maxResults":30},"ms":159,"hardError":null,"preview":"{\n  \"path\": {\n    \"resolvedRootType\": \"active_project\",\n    \"projectRelativePath\": \"Plugins/TrueSyncEndfieldShading/Source/TrueSyncEndfieldShading/Private\",\n    \"workspaceRelativePath\": \"Plugins/TrueSyncEndfieldShading/S"}
[debug] prediction round {"turnIndex":10,"round":6,"historyLen":155,"generateTimeoutMs":300000,"pid":19916,"listCount":5,"listBlocked":2}
[debug] await generate() {"turnIndex":10,"round":6,"historyLen":155}
[debug] generate attempt tool surface {"turnIndex":10,"round":6,"attempt":1,"toolCount":8,"toolNames":["get_workspace_info","get_active_project","list_directory","read_file","read_file_range","search_files","unreal_rag_search","unreal_get_active_project"],"temperature":0.2}
[unreal-context-compactor] Proxy active: target=qwen3.6-27b-heretic-uncensored-finetune-neo-code-di-imatrix-max input=144238 context=55040 action=hard_compact
[debug] generate returned {"turnIndex":10,"round":6,"waitedMs":16954,"fragmentChars":436,"toolRequests":2,"droppedRequests":0,"failures":0}
[debug] tool call {"turnIndex":10,"name":"read_file","args":{"path":"Plugins/TrueSyncEndfieldShading/Source/TrueSyncEndfieldShading/Public/TrueSyncEndfieldShadingModule.h"},"ms":176,"hardError":null,"preview":"[path-metadata: {\"resolvedRootType\":\"active_project\",\"projectRelativePath\":\"Plugins/TrueSyncEndfieldShading/Source/TrueSyncEndfieldShading/Public/TrueSyncEndfieldShadingModule.h\",\"workspaceRelativePath\":\"Plugins/TrueSync"}
[debug] tool call {"turnIndex":10,"name":"read_file","args":{"path":"Plugins/TrueSyncEndfieldShading/Source/TrueSyncEndfieldShading/Private/TrueSyncEndfieldShadingSceneViewExtension.cpp"},"ms":172,"hardError":null,"preview":"[path-metadata: {\"resolvedRootType\":\"active_project\",\"projectRelativePath\":\"Plugins/TrueSyncEndfieldShading/Source/TrueSyncEndfieldShading/Private/TrueSyncEndfieldShadingSceneViewExtension.cpp\",\"workspaceRelativePath\":\"P"}
[debug] prediction round {"turnIndex":10,"round":7,"historyLen":157,"generateTimeoutMs":300000,"pid":19916,"listCount":5,"listBlocked":2}
[debug] await generate() {"turnIndex":10,"round":7,"historyLen":157}
[debug] generate attempt tool surface {"turnIndex":10,"round":7,"attempt":1,"toolCount":8,"toolNames":["get_workspace_info","get_active_project","list_directory","read_file","read_file_range","search_files","unreal_rag_search","unreal_get_active_project"],"temperature":0.2}
[unreal-context-compactor] Proxy active: target=qwen3.6-27b-heretic-uncensored-finetune-neo-code-di-imatrix-max input=149685 context=55040 action=hard_compact
[debug] generate returned {"turnIndex":10,"round":7,"waitedMs":21163,"fragmentChars":271,"toolRequests":1,"droppedRequests":0,"failures":0}
[debug] tool call {"turnIndex":10,"name":"read_file","args":{"path":"Plugins/TrueSyncEndfieldShading/Shaders/Private/TrueSyncEndfieldComposite.usf","maxBytes":16384},"ms":228,"hardError":null,"preview":"[path-metadata: {\"resolvedRootType\":\"active_project\",\"projectRelativePath\":\"Plugins/TrueSyncEndfieldShading/Shaders/Private/TrueSyncEndfieldComposite.usf\",\"workspaceRelativePath\":\"Plugins/TrueSyncEndfieldShading/Shaders/"}
[debug] prediction round {"turnIndex":10,"round":8,"historyLen":159,"generateTimeoutMs":300000,"pid":19916,"listCount":5,"listBlocked":2}
[debug] await generate() {"turnIndex":10,"round":8,"historyLen":159}
[debug] generate attempt tool surface {"turnIndex":10,"round":8,"attempt":1,"toolCount":8,"toolNames":["get_workspace_info","get_active_project","list_directory","read_file","read_file_range","search_files","unreal_rag_search","unreal_get_active_project"],"temperature":0.2}
[unreal-context-compactor] Proxy active: target=qwen3.6-27b-heretic-uncensored-finetune-neo-code-di-imatrix-max input=154622 context=55040 action=hard_compact
[debug] still awaiting generate() {"turnIndex":10,"round":8,"heartbeatN":1,"waitedMs":30007}
[debug] still awaiting generate() {"turnIndex":10,"round":8,"heartbeatN":2,"waitedMs":60010}
[debug] generate returned {"turnIndex":10,"round":8,"waitedMs":88493,"fragmentChars":5069,"toolRequests":0,"droppedRequests":0,"failures":0}
[debug] per-turn list_directory stats {"turnIndex":10,"listCount":5,"listBlocked":2,"listedPaths":["Plugins/TrueSyncEndfieldShading","Plugins/TrueSyncEndfieldShading/Shaders","Plugins/TrueSyncEndfieldShading/Source","Plugins/TrueSyncEndfieldShading/Shaders/Public","Plugins/TrueSyncEndfieldShading/Shaders/Private"]}
[debug] turn completed {"turnIndex":10,"ms":192600,"chars":5069,"tools":["get_active_project","list_directory","read_file","list_directory","list_directory","list_directory","list_directory","read_file","list_directory","list_directory","search_files","search_files","read_file","read_file","read_file"],"listDirectory":5,"listBlocked":2,"preview":"Now I have enough concrete information about the shader plugin to give a detailed, accurate explanation in Korean. I’ll summarize: - Plugin identity and purpose - How it integrates (SceneViewExtension + RDG post-process) - Zone classification logic (Sky / Character / Environment)"}

===== TURN 11/17 =====
로딩 플러그인쪽 더 구체적으로 알려줘.
[debug] prediction round {"turnIndex":11,"round":1,"historyLen":161,"generateTimeoutMs":300000,"pid":19916,"listCount":0,"listBlocked":0}
[debug] await generate() {"turnIndex":11,"round":1,"historyLen":161}
[debug] generate attempt tool surface {"turnIndex":11,"round":1,"attempt":1,"toolCount":8,"toolNames":["get_workspace_info","get_active_project","list_directory","read_file","read_file_range","search_files","unreal_rag_search","unreal_get_active_project"],"temperature":0.2}
[unreal-context-compactor] Proxy active: target=qwen3.6-27b-heretic-uncensored-finetune-neo-code-di-imatrix-max input=156045 context=55040 action=hard_compact
[debug] generate returned {"turnIndex":11,"round":1,"waitedMs":13941,"fragmentChars":553,"toolRequests":5,"droppedRequests":0,"failures":0}
[debug] tool call {"turnIndex":11,"name":"read_file","args":{"path":"Plugins/TrueSyncRuntimeLoading/TrueSyncRuntimeLoading.uplugin","detailLevel":"full"},"ms":177,"hardError":null,"preview":"[path-metadata: {\"resolvedRootType\":\"active_project\",\"projectRelativePath\":\"Plugins/TrueSyncRuntimeLoading/TrueSyncRuntimeLoading.uplugin\",\"workspaceRelativePath\":\"Plugins/TrueSyncRuntimeLoading/TrueSyncRuntimeLoading.up"}
[debug] tool call {"turnIndex":11,"name":"read_file","args":{"path":"Plugins/TrueSyncRuntimeLoading/Source/TrueSyncRuntimeLoading/TrueSyncRuntimeLoading.Build.cs","detailLevel":"full"},"ms":167,"hardError":null,"preview":"[path-metadata: {\"resolvedRootType\":\"active_project\",\"projectRelativePath\":\"Plugins/TrueSyncRuntimeLoading/Source/TrueSyncRuntimeLoading/TrueSyncRuntimeLoading.Build.cs\",\"workspaceRelativePath\":\"Plugins/TrueSyncRuntimeLo"}
[debug] tool call {"turnIndex":11,"name":"read_file","args":{"path":"Plugins/TrueSyncRuntimeLoading/Source/TrueSyncRuntimeLoading/Public/TrueSyncLoadingSubsystem.h","detailLevel":"full"},"ms":250,"hardError":null,"preview":"[path-metadata: {\"resolvedRootType\":\"active_project\",\"projectRelativePath\":\"Plugins/TrueSyncRuntimeLoading/Source/TrueSyncRuntimeLoading/Public/TrueSyncLoadingSubsystem.h\",\"workspaceRelativePath\":\"Plugins/TrueSyncRuntime"}
[debug] skipped excess parallel tool {"turnIndex":11,"round":1,"name":"read_file","parallelIndex":3,"maxParallel":3}
[debug] tool call {"turnIndex":11,"name":"read_file","args":{"path":"Plugins/TrueSyncRuntimeLoading/Source/TrueSyncRuntimeLoading/Private/TrueSyncLoadingSubsystem.cpp","detailLevel":"full"},"ms":0,"hardError":null,"preview":"{\n  \"ok\": false,\n  \"errorCode\": \"PARALLEL_TOOL_BUDGET_EXCEEDED\",\n  \"error\": \"Only 3 tool calls are executed per model round.\",\n  \"stopCurrentWorkflow\": false,\n  \"retryable\": false,\n  \"agentInstruction\": \"This tool was sk"}
[debug] skipped excess parallel tool {"turnIndex":11,"round":1,"name":"read_file","parallelIndex":4,"maxParallel":3}
[debug] tool call {"turnIndex":11,"name":"read_file","args":{"path":"Plugins/TrueSyncRuntimeLoading/Source/TrueSyncRuntimeLoading/Public/TrueSyncLoadManifest.h","detailLevel":"full"},"ms":1,"hardError":null,"preview":"{\n  \"ok\": false,\n  \"errorCode\": \"PARALLEL_TOOL_BUDGET_EXCEEDED\",\n  \"error\": \"Only 3 tool calls are executed per model round.\",\n  \"stopCurrentWorkflow\": false,\n  \"retryable\": false,\n  \"agentInstruction\": \"This tool was sk"}
[debug] prediction round {"turnIndex":11,"round":2,"historyLen":163,"generateTimeoutMs":300000,"pid":19916,"listCount":0,"listBlocked":0}
[debug] await generate() {"turnIndex":11,"round":2,"historyLen":163}
[debug] generate attempt tool surface {"turnIndex":11,"round":2,"attempt":1,"toolCount":8,"toolNames":["get_workspace_info","get_active_project","list_directory","read_file","read_file_range","search_files","unreal_rag_search","unreal_get_active_project"],"temperature":0.2}
[unreal-context-compactor] Proxy active: target=qwen3.6-27b-heretic-uncensored-finetune-neo-code-di-imatrix-max input=157748 context=55040 action=hard_compact
[debug] generate returned {"turnIndex":11,"round":2,"waitedMs":16155,"fragmentChars":428,"toolRequests":1,"droppedRequests":0,"failures":0}
[debug] tool call {"turnIndex":11,"name":"read_file","args":{"path":"Plugins/TrueSyncRuntimeLoading/Source/TrueSyncRuntimeLoading/Private/TrueSyncLoadingSubsystem.cpp","detailLevel":"full"},"ms":172,"hardError":null,"preview":"[path-metadata: {\"resolvedRootType\":\"active_project\",\"projectRelativePath\":\"Plugins/TrueSyncRuntimeLoading/Source/TrueSyncRuntimeLoading/Private/TrueSyncLoadingSubsystem.cpp\",\"workspaceRelativePath\":\"Plugins/TrueSyncRunt"}
[debug] prediction round {"turnIndex":11,"round":3,"historyLen":165,"generateTimeoutMs":300000,"pid":19916,"listCount":0,"listBlocked":0}
[debug] await generate() {"turnIndex":11,"round":3,"historyLen":165}
[debug] generate attempt tool surface {"turnIndex":11,"round":3,"attempt":1,"toolCount":8,"toolNames":["get_workspace_info","get_active_project","list_directory","read_file","read_file_range","search_files","unreal_rag_search","unreal_get_active_project"],"temperature":0.2}
[unreal-context-compactor] Proxy active: target=qwen3.6-27b-heretic-uncensored-finetune-neo-code-di-imatrix-max input=159643 context=55040 action=hard_compact
[debug] generate returned {"turnIndex":11,"round":3,"waitedMs":17937,"fragmentChars":330,"toolRequests":1,"droppedRequests":0,"failures":0}
[debug] tool call {"turnIndex":11,"name":"read_file","args":{"path":"Plugins/TrueSyncRuntimeLoading/Source/TrueSyncRuntimeLoading/Public/TrueSyncLoadingTypes.h","detailLevel":"full"},"ms":188,"hardError":null,"preview":"[path-metadata: {\"resolvedRootType\":\"active_project\",\"projectRelativePath\":\"Plugins/TrueSyncRuntimeLoading/Source/TrueSyncRuntimeLoading/Public/TrueSyncLoadingTypes.h\",\"workspaceRelativePath\":\"Plugins/TrueSyncRuntimeLoad"}
[debug] prediction round {"turnIndex":11,"round":4,"historyLen":167,"generateTimeoutMs":300000,"pid":19916,"listCount":0,"listBlocked":0}
[debug] await generate() {"turnIndex":11,"round":4,"historyLen":167}
[debug] generate attempt tool surface {"turnIndex":11,"round":4,"attempt":1,"toolCount":8,"toolNames":["get_workspace_info","get_active_project","list_directory","read_file","read_file_range","search_files","unreal_rag_search","unreal_get_active_project"],"temperature":0.2}
[unreal-context-compactor] Proxy active: target=qwen3.6-27b-heretic-uncensored-finetune-neo-code-di-imatrix-max input=160227 context=55040 action=hard_compact
[debug] generate returned {"turnIndex":11,"round":4,"waitedMs":17709,"fragmentChars":210,"toolRequests":1,"droppedRequests":0,"failures":0}
[debug] tool call {"turnIndex":11,"name":"read_file","args":{"path":"Plugins/TrueSyncRuntimeLoading/Source/TrueSyncRuntimeLoading/Public/TrueSyncLoadManifest.h","detailLevel":"full"},"ms":252,"hardError":null,"preview":"[path-metadata: {\"resolvedRootType\":\"active_project\",\"projectRelativePath\":\"Plugins/TrueSyncRuntimeLoading/Source/TrueSyncRuntimeLoading/Public/TrueSyncLoadManifest.h\",\"workspaceRelativePath\":\"Plugins/TrueSyncRuntimeLoad"}
[debug] prediction round {"turnIndex":11,"round":5,"historyLen":169,"generateTimeoutMs":300000,"pid":19916,"listCount":0,"listBlocked":0}
[debug] await generate() {"turnIndex":11,"round":5,"historyLen":169}
[debug] generate attempt tool surface {"turnIndex":11,"round":5,"attempt":1,"toolCount":8,"toolNames":["get_workspace_info","get_active_project","list_directory","read_file","read_file_range","search_files","unreal_rag_search","unreal_get_active_project"],"temperature":0.2}
[unreal-context-compactor] Proxy active: target=qwen3.6-27b-heretic-uncensored-finetune-neo-code-di-imatrix-max input=160673 context=55040 action=hard_compact
[debug] still awaiting generate() {"turnIndex":11,"round":5,"heartbeatN":1,"waitedMs":30001}
[debug] still awaiting generate() {"turnIndex":11,"round":5,"heartbeatN":2,"waitedMs":60012}
[debug] generate returned {"turnIndex":11,"round":5,"waitedMs":77281,"fragmentChars":5498,"toolRequests":0,"droppedRequests":0,"failures":0}
[debug] per-turn list_directory stats {"turnIndex":11,"listCount":0,"listBlocked":0,"listedPaths":[]}
[debug] turn completed {"turnIndex":11,"ms":144250,"chars":5498,"tools":["read_file","read_file","read_file","read_file","read_file","read_file","read_file","read_file"],"listDirectory":0,"listBlocked":0,"preview":"Now I have all the core files for TrueSyncRuntimeLoading: - .uplugin - Build.cs - TrueSyncLoadingSubsystem.h/.cpp - TrueSyncLoadManifest.h - TrueSyncLoadingTypes.h I can now give a precise, concrete explanation of how this loading plugin works in Project_MJS, including: - Its rol"}

===== TURN 12/17 =====
로딩 플러그인 쪽의 개선 방향 더 구체적으로 알려줘.
[debug] prediction round {"turnIndex":12,"round":1,"historyLen":171,"generateTimeoutMs":300000,"pid":19916,"listCount":0,"listBlocked":0}
[debug] await generate() {"turnIndex":12,"round":1,"historyLen":171}
[debug] generate attempt tool surface {"turnIndex":12,"round":1,"attempt":1,"toolCount":8,"toolNames":["get_workspace_info","get_active_project","list_directory","read_file","read_file_range","search_files","unreal_rag_search","unreal_get_active_project"],"temperature":0.2}
[unreal-context-compactor] Proxy active: target=qwen3.6-27b-heretic-uncensored-finetune-neo-code-di-imatrix-max input=162265 context=55040 action=hard_compact
[debug] generate returned {"turnIndex":12,"round":1,"waitedMs":4964,"fragmentChars":454,"toolRequests":1,"droppedRequests":0,"failures":0}
[debug] tool call {"turnIndex":12,"name":"unreal_get_active_project","args":{},"ms":77,"hardError":null,"preview":"{\n  \"activeProject\": \"C:\\\\Users\\\\sster\\\\Documents\\\\Git\\\\Project_MJS\\\\Project_MJS.uproject\",\n  \"activeProjectNames\": [\n    \"Project_MJS\"\n  ],\n  \"sharedConfigPath\": \"C:\\\\Users\\\\sster\\\\.lmstudio\\\\config\\\\unreal-workspace.js"}
[debug] prediction round {"turnIndex":12,"round":2,"historyLen":173,"generateTimeoutMs":300000,"pid":19916,"listCount":0,"listBlocked":0}
[debug] await generate() {"turnIndex":12,"round":2,"historyLen":173}
[debug] generate attempt tool surface {"turnIndex":12,"round":2,"attempt":1,"toolCount":8,"toolNames":["get_workspace_info","get_active_project","list_directory","read_file","read_file_range","search_files","unreal_rag_search","unreal_get_active_project"],"temperature":0.2}
[unreal-context-compactor] Proxy active: target=qwen3.6-27b-heretic-uncensored-finetune-neo-code-di-imatrix-max input=162732 context=55040 action=hard_compact
[debug] generate returned {"turnIndex":12,"round":2,"waitedMs":10532,"fragmentChars":522,"toolRequests":1,"droppedRequests":0,"failures":0}
[debug] tool call {"turnIndex":12,"name":"read_file","args":{"path":"Plugins/TrueSyncRuntimeLoading/Source/TrueSyncRuntimeLoading/Public/TrueSyncLoadingSubsystem.h","detailLevel":"full"},"ms":169,"hardError":null,"preview":"{\n  \"ok\": true,\n  \"cached\": true,\n  \"evidenceStatus\": \"cached\",\n  \"repeatDetected\": true,\n  \"doNotRepeatRead\": true,\n  \"stopCurrentWorkflow\": false,\n  \"errorCode\": \"READ_REPEAT_DETECTED\",\n  \"retryable\": false,\n  \"phase\":"}
[debug] prediction round {"turnIndex":12,"round":3,"historyLen":175,"generateTimeoutMs":300000,"pid":19916,"listCount":0,"listBlocked":0}
[debug] await generate() {"turnIndex":12,"round":3,"historyLen":175}
[debug] generate attempt tool surface {"turnIndex":12,"round":3,"attempt":1,"toolCount":8,"toolNames":["get_workspace_info","get_active_project","list_directory","read_file","read_file_range","search_files","unreal_rag_search","unreal_get_active_project"],"temperature":0.2}
[unreal-context-compactor] Proxy active: target=qwen3.6-27b-heretic-uncensored-finetune-neo-code-di-imatrix-max input=163750 context=55040 action=hard_compact
[debug] generate returned {"turnIndex":12,"round":3,"waitedMs":9443,"fragmentChars":228,"toolRequests":1,"droppedRequests":0,"failures":0}
[debug] tool call {"turnIndex":12,"name":"read_file","args":{"path":"Plugins/TrueSyncRuntimeLoading/Source/TrueSyncRuntimeLoading/Public/TrueSyncLoadingTypes.h","detailLevel":"full"},"ms":271,"hardError":null,"preview":"{\n  \"ok\": true,\n  \"cached\": true,\n  \"evidenceStatus\": \"cached\",\n  \"repeatDetected\": true,\n  \"doNotRepeatRead\": true,\n  \"stopCurrentWorkflow\": false,\n  \"errorCode\": \"READ_REPEAT_DETECTED\",\n  \"retryable\": false,\n  \"phase\":"}
[debug] prediction round {"turnIndex":12,"round":4,"historyLen":177,"generateTimeoutMs":300000,"pid":19916,"listCount":0,"listBlocked":0}
[debug] await generate() {"turnIndex":12,"round":4,"historyLen":177}
[debug] generate attempt tool surface {"turnIndex":12,"round":4,"attempt":1,"toolCount":8,"toolNames":["get_workspace_info","get_active_project","list_directory","read_file","read_file_range","search_files","unreal_rag_search","unreal_get_active_project"],"temperature":0.2}
[unreal-context-compactor] Proxy active: target=qwen3.6-27b-heretic-uncensored-finetune-neo-code-di-imatrix-max input=164571 context=55040 action=hard_compact
[debug] generate returned {"turnIndex":12,"round":4,"waitedMs":11472,"fragmentChars":318,"toolRequests":1,"droppedRequests":0,"failures":0}
[debug] tool call {"turnIndex":12,"name":"read_file_range","args":{"path":"Plugins/TrueSyncRuntimeLoading/Source/TrueSyncRuntimeLoading/Private/TrueSyncLoadingSubsystem.cpp","startLine":1,"endLine":260,"detailLevel":"full"},"ms":193,"hardError":null,"preview":"File: project://Plugins/TrueSyncRuntimeLoading/Source/TrueSyncRuntimeLoading/Private/TrueSyncLoadingSubsystem.cpp\nPath-Metadata: {\"resolvedRootType\":\"active_project\",\"projectRelativePath\":\"Plugins/TrueSyncRuntimeLoading/"}
[debug] prediction round {"turnIndex":12,"round":5,"historyLen":179,"generateTimeoutMs":300000,"pid":19916,"listCount":0,"listBlocked":0}
[debug] await generate() {"turnIndex":12,"round":5,"historyLen":179}
[debug] generate attempt tool surface {"turnIndex":12,"round":5,"attempt":1,"toolCount":8,"toolNames":["get_workspace_info","get_active_project","list_directory","read_file","read_file_range","search_files","unreal_rag_search","unreal_get_active_project"],"temperature":0.2}
[unreal-context-compactor] Proxy active: target=qwen3.6-27b-heretic-uncensored-finetune-neo-code-di-imatrix-max input=167139 context=55040 action=hard_compact
[debug] generate returned {"turnIndex":12,"round":5,"waitedMs":13711,"fragmentChars":300,"toolRequests":1,"droppedRequests":0,"failures":0}
[debug] tool call {"turnIndex":12,"name":"read_file","args":{"path":"Plugins/TrueSyncRuntimeLoading/Source/TrueSyncRuntimeLoading/Private/TrueSyncRuntimeLoadingModule.cpp","detailLevel":"full"},"ms":174,"hardError":null,"preview":"[path-metadata: {\"resolvedRootType\":\"active_project\",\"projectRelativePath\":\"Plugins/TrueSyncRuntimeLoading/Source/TrueSyncRuntimeLoading/Private/TrueSyncRuntimeLoadingModule.cpp\",\"workspaceRelativePath\":\"Plugins/TrueSync"}
[debug] prediction round {"turnIndex":12,"round":6,"historyLen":181,"generateTimeoutMs":300000,"pid":19916,"listCount":0,"listBlocked":0}
[debug] await generate() {"turnIndex":12,"round":6,"historyLen":181}
[debug] generate attempt tool surface {"turnIndex":12,"round":6,"attempt":1,"toolCount":8,"toolNames":["get_workspace_info","get_active_project","list_directory","read_file","read_file_range","search_files","unreal_rag_search","unreal_get_active_project"],"temperature":0.2}
[unreal-context-compactor] Proxy active: target=qwen3.6-27b-heretic-uncensored-finetune-neo-code-di-imatrix-max input=167435 context=55040 action=hard_compact
[debug] still awaiting generate() {"turnIndex":12,"round":6,"heartbeatN":1,"waitedMs":30005}
[debug] still awaiting generate() {"turnIndex":12,"round":6,"heartbeatN":2,"waitedMs":60011}
[debug] generate returned {"turnIndex":12,"round":6,"waitedMs":81139,"fragmentChars":6244,"toolRequests":0,"droppedRequests":0,"failures":0}
[debug] per-turn list_directory stats {"turnIndex":12,"listCount":0,"listBlocked":0,"listedPaths":[]}
[debug] turn completed {"turnIndex":12,"ms":132165,"chars":6244,"tools":["unreal_get_active_project","read_file","read_file","read_file_range","read_file"],"listDirectory":0,"listBlocked":0,"preview":"Good. Now I have a clear picture of the current loading plugin implementation: - It’s a simple wrapper around StreamableManager with Ticket-based tracking. - Supports: - StartLoad (soft object array) - StartManifestLoad (from UTrueSyncLoadManifest) - GetLoadStatus, CancelLoad, Re"}

===== TURN 13/17 =====
로딩 플러그인 쪽의 개선 계획안만 짜고서 수정은 하지말 것.
[debug] prediction round {"turnIndex":13,"round":1,"historyLen":183,"generateTimeoutMs":300000,"pid":19916,"listCount":0,"listBlocked":0}
[debug] await generate() {"turnIndex":13,"round":1,"historyLen":183}
[debug] generate attempt tool surface {"turnIndex":13,"round":1,"attempt":1,"toolCount":8,"toolNames":["get_workspace_info","get_active_project","list_directory","read_file","read_file_range","search_files","unreal_rag_search","unreal_get_active_project"],"temperature":0.2}
[unreal-context-compactor] Proxy active: target=qwen3.6-27b-heretic-uncensored-finetune-neo-code-di-imatrix-max input=169130 context=55040 action=hard_compact
[debug] generate returned {"turnIndex":13,"round":1,"waitedMs":5883,"fragmentChars":511,"toolRequests":1,"droppedRequests":0,"failures":0}
[debug] tool call {"turnIndex":13,"name":"get_active_project","args":{},"ms":249,"hardError":null,"preview":"{\n  \"activeProject\": \"C:\\\\Users\\\\sster\\\\Documents\\\\Git\\\\Project_MJS\\\\Project_MJS.uproject\",\n  \"details\": {\n    \"projectPath\": \"C:\\\\Users\\\\sster\\\\Documents\\\\Git\\\\Project_MJS\\\\Project_MJS.uproject\",\n    \"projectDir\": \"C:\\\\"}
[debug] prediction round {"turnIndex":13,"round":2,"historyLen":185,"generateTimeoutMs":300000,"pid":19916,"listCount":0,"listBlocked":0}
[debug] await generate() {"turnIndex":13,"round":2,"historyLen":185}
[debug] generate attempt tool surface {"turnIndex":13,"round":2,"attempt":1,"toolCount":8,"toolNames":["get_workspace_info","get_active_project","list_directory","read_file","read_file_range","search_files","unreal_rag_search","unreal_get_active_project"],"temperature":0.2}
[unreal-context-compactor] Proxy active: target=qwen3.6-27b-heretic-uncensored-finetune-neo-code-di-imatrix-max input=173065 context=55040 action=hard_compact
[debug] generate returned {"turnIndex":13,"round":2,"waitedMs":12969,"fragmentChars":437,"toolRequests":1,"droppedRequests":0,"failures":0}
[debug] tool call {"turnIndex":13,"name":"read_file","args":{"path":"Plugins/TrueSyncRuntimeLoading/Source/TrueSyncRuntimeLoading/TrueSyncRuntimeLoading.Build.cs","detailLevel":"full"},"ms":170,"hardError":null,"preview":"{\n  \"ok\": true,\n  \"cached\": true,\n  \"evidenceStatus\": \"cached\",\n  \"repeatDetected\": true,\n  \"doNotRepeatRead\": true,\n  \"stopCurrentWorkflow\": false,\n  \"errorCode\": \"READ_REPEAT_DETECTED\",\n  \"retryable\": false,\n  \"phase\":"}
[debug] prediction round {"turnIndex":13,"round":3,"historyLen":187,"generateTimeoutMs":300000,"pid":19916,"listCount":0,"listBlocked":0}
[debug] await generate() {"turnIndex":13,"round":3,"historyLen":187}
[debug] generate attempt tool surface {"turnIndex":13,"round":3,"attempt":1,"toolCount":8,"toolNames":["get_workspace_info","get_active_project","list_directory","read_file","read_file_range","search_files","unreal_rag_search","unreal_get_active_project"],"temperature":0.2}
[unreal-context-compactor] Proxy active: target=qwen3.6-27b-heretic-uncensored-finetune-neo-code-di-imatrix-max input=173723 context=55040 action=hard_compact
[debug] generate returned {"turnIndex":13,"round":3,"waitedMs":12513,"fragmentChars":222,"toolRequests":1,"droppedRequests":0,"failures":0}
[debug] tool call {"turnIndex":13,"name":"read_file","args":{"path":"Plugins/TrueSyncRuntimeLoading/Source/TrueSyncRuntimeLoading/Public/TrueSyncLoadingSubsystem.h","detailLevel":"full"},"ms":150,"hardError":null,"preview":"{\n  \"summary\": \"ERROR — Evidence read stagnating — no new line coverage or soft budget exhausted.\",\n  \"ok\": false,\n  \"error\": \"Evidence read stagnating — no new line coverage or soft budget exhausted.\",\n  \"phase\": \"faile"}
[debug] prediction round {"turnIndex":13,"round":4,"historyLen":189,"generateTimeoutMs":300000,"pid":19916,"listCount":0,"listBlocked":0}
[debug] await generate() {"turnIndex":13,"round":4,"historyLen":189}
[debug] generate attempt tool surface {"turnIndex":13,"round":4,"attempt":1,"toolCount":8,"toolNames":["get_workspace_info","get_active_project","list_directory","read_file","read_file_range","search_files","unreal_rag_search","unreal_get_active_project"],"temperature":0.2}
[unreal-context-compactor] Proxy active: target=qwen3.6-27b-heretic-uncensored-finetune-neo-code-di-imatrix-max input=174067 context=55040 action=hard_compact
[debug] still awaiting generate() {"turnIndex":13,"round":4,"heartbeatN":1,"waitedMs":30005}
[debug] still awaiting generate() {"turnIndex":13,"round":4,"heartbeatN":2,"waitedMs":60005}
[debug] generate returned {"turnIndex":13,"round":4,"waitedMs":62241,"fragmentChars":7248,"toolRequests":0,"droppedRequests":0,"failures":0}
[debug] per-turn list_directory stats {"turnIndex":13,"listCount":0,"listBlocked":0,"listedPaths":[]}
[debug] turn completed {"turnIndex":13,"ms":94185,"chars":7248,"tools":["get_active_project","read_file","read_file"],"listDirectory":0,"listBlocked":0,"preview":"The user wants an improvement plan for the loading plugin (TrueSyncRuntimeLoading) only, without modifying files. I already have enough context from previous reads and the project info to outline a concrete, focused plan based on what we know: - It’s a runtime async loading subsy"}

===== TURN 14/17 =====
타겟팅 시스템 관련해서 좀더 알고 싶어.
[debug] prediction round {"turnIndex":14,"round":1,"historyLen":191,"generateTimeoutMs":300000,"pid":19916,"listCount":0,"listBlocked":0}
[debug] await generate() {"turnIndex":14,"round":1,"historyLen":191}
[debug] generate attempt tool surface {"turnIndex":14,"round":1,"attempt":1,"toolCount":8,"toolNames":["get_workspace_info","get_active_project","list_directory","read_file","read_file_range","search_files","unreal_rag_search","unreal_get_active_project"],"temperature":0.2}
[unreal-context-compactor] Proxy active: target=qwen3.6-27b-heretic-uncensored-finetune-neo-code-di-imatrix-max input=175422 context=55040 action=hard_compact
[debug] generate returned {"turnIndex":14,"round":1,"waitedMs":7163,"fragmentChars":387,"toolRequests":2,"droppedRequests":0,"failures":0}
[debug] tool call {"turnIndex":14,"name":"unreal_get_active_project","args":{},"ms":69,"hardError":null,"preview":"{\n  \"activeProject\": \"C:\\\\Users\\\\sster\\\\Documents\\\\Git\\\\Project_MJS\\\\Project_MJS.uproject\",\n  \"activeProjectNames\": [\n    \"Project_MJS\"\n  ],\n  \"sharedConfigPath\": \"C:\\\\Users\\\\sster\\\\.lmstudio\\\\config\\\\unreal-workspace.js"}
[debug] tool call {"turnIndex":14,"name":"search_files","args":{"query":"Targeting|TargetSystem|TargetSelector|TargetLock|TargetAcquire|TargetPriority","path":"Source/Project_MJS","regex":true,"maxResults":120},"ms":247,"hardError":null,"preview":"{\n  \"path\": {\n    \"resolvedRootType\": \"active_project\",\n    \"projectRelativePath\": \"Source/Project_MJS\",\n    \"workspaceRelativePath\": \"Source/Project_MJS\",\n    \"absolutePath\": \"C:\\\\Users\\\\sster\\\\Documents\\\\Git\\\\Project_M"}
[debug] prediction round {"turnIndex":14,"round":2,"historyLen":193,"generateTimeoutMs":300000,"pid":19916,"listCount":0,"listBlocked":0}
[debug] await generate() {"turnIndex":14,"round":2,"historyLen":193}
[debug] generate attempt tool surface {"turnIndex":14,"round":2,"attempt":1,"toolCount":8,"toolNames":["get_workspace_info","get_active_project","list_directory","read_file","read_file_range","search_files","unreal_rag_search","unreal_get_active_project"],"temperature":0.2}
[unreal-context-compactor] Proxy active: target=qwen3.6-27b-heretic-uncensored-finetune-neo-code-di-imatrix-max input=183645 context=55040 action=hard_compact
[debug] generate returned {"turnIndex":14,"round":2,"waitedMs":17504,"fragmentChars":420,"toolRequests":1,"droppedRequests":0,"failures":0}
[debug] tool call {"turnIndex":14,"name":"read_file","args":{"path":"Source/Project_MJS/Public/Character/Player/Component/TargetingComponent.h","detailLevel":"full"},"ms":150,"hardError":null,"preview":"[path-metadata: {\"resolvedRootType\":\"active_project\",\"projectRelativePath\":\"Source/Project_MJS/Public/Character/Player/Component/TargetingComponent.h\",\"workspaceRelativePath\":\"Source/Project_MJS/Public/Character/Player/C"}
[debug] prediction round {"turnIndex":14,"round":3,"historyLen":195,"generateTimeoutMs":300000,"pid":19916,"listCount":0,"listBlocked":0}
[debug] await generate() {"turnIndex":14,"round":3,"historyLen":195}
[debug] generate attempt tool surface {"turnIndex":14,"round":3,"attempt":1,"toolCount":8,"toolNames":["get_workspace_info","get_active_project","list_directory","read_file","read_file_range","search_files","unreal_rag_search","unreal_get_active_project"],"temperature":0.2}
[unreal-context-compactor] Proxy active: target=qwen3.6-27b-heretic-uncensored-finetune-neo-code-di-imatrix-max input=186041 context=55040 action=hard_compact
[debug] generate returned {"turnIndex":14,"round":3,"waitedMs":23576,"fragmentChars":820,"toolRequests":1,"droppedRequests":0,"failures":0}
[debug] tool call {"turnIndex":14,"name":"read_file","args":{"path":"Source/Project_MJS/Public/Character/Player/Component/TargetingTypes.h","detailLevel":"full"},"ms":226,"hardError":null,"preview":"[path-metadata: {\"resolvedRootType\":\"active_project\",\"projectRelativePath\":\"Source/Project_MJS/Public/Character/Player/Component/TargetingTypes.h\",\"workspaceRelativePath\":\"Source/Project_MJS/Public/Character/Player/Compo"}
[debug] prediction round {"turnIndex":14,"round":4,"historyLen":197,"generateTimeoutMs":300000,"pid":19916,"listCount":0,"listBlocked":0}
[debug] await generate() {"turnIndex":14,"round":4,"historyLen":197}
[debug] generate attempt tool surface {"turnIndex":14,"round":4,"attempt":1,"toolCount":8,"toolNames":["get_workspace_info","get_active_project","list_directory","read_file","read_file_range","search_files","unreal_rag_search","unreal_get_active_project"],"temperature":0.2}
[unreal-context-compactor] Proxy active: target=qwen3.6-27b-heretic-uncensored-finetune-neo-code-di-imatrix-max input=186828 context=55040 action=hard_compact
[debug] generate returned {"turnIndex":14,"round":4,"waitedMs":26018,"fragmentChars":905,"toolRequests":1,"droppedRequests":0,"failures":0}
[debug] tool call {"turnIndex":14,"name":"read_file_range","args":{"path":"Source/Project_MJS/Private/Character/Player/Component/TargetingComponent.cpp","startLine":1,"endLine":200,"detailLevel":"full"},"ms":225,"hardError":null,"preview":"File: project://Source/Project_MJS/Private/Character/Player/Component/TargetingComponent.cpp\nPath-Metadata: {\"resolvedRootType\":\"active_project\",\"projectRelativePath\":\"Source/Project_MJS/Private/Character/Player/Componen"}
[debug] prediction round {"turnIndex":14,"round":5,"historyLen":199,"generateTimeoutMs":300000,"pid":19916,"listCount":0,"listBlocked":0}
[debug] await generate() {"turnIndex":14,"round":5,"historyLen":199}
[debug] generate attempt tool surface {"turnIndex":14,"round":5,"attempt":1,"toolCount":8,"toolNames":["get_workspace_info","get_active_project","list_directory","read_file","read_file_range","search_files","unreal_rag_search","unreal_get_active_project"],"temperature":0.2}
[unreal-context-compactor] Proxy active: target=qwen3.6-27b-heretic-uncensored-finetune-neo-code-di-imatrix-max input=189511 context=55040 action=hard_compact
[debug] generate returned {"turnIndex":14,"round":5,"waitedMs":24192,"fragmentChars":169,"toolRequests":1,"droppedRequests":0,"failures":0}
[debug] tool call {"turnIndex":14,"name":"read_file_range","args":{"path":"Source/Project_MJS/Private/Character/Player/Component/TargetingComponent.cpp","startLine":200,"endLine":420,"detailLevel":"full"},"ms":155,"hardError":null,"preview":"File: project://Source/Project_MJS/Private/Character/Player/Component/TargetingComponent.cpp\nPath-Metadata: {\"resolvedRootType\":\"active_project\",\"projectRelativePath\":\"Source/Project_MJS/Private/Character/Player/Componen"}
[debug] prediction round {"turnIndex":14,"round":6,"historyLen":201,"generateTimeoutMs":300000,"pid":19916,"listCount":0,"listBlocked":0}
[debug] await generate() {"turnIndex":14,"round":6,"historyLen":201}
[debug] generate attempt tool surface {"turnIndex":14,"round":6,"attempt":1,"toolCount":8,"toolNames":["get_workspace_info","get_active_project","list_directory","read_file","read_file_range","search_files","unreal_rag_search","unreal_get_active_project"],"temperature":0.2}
[unreal-context-compactor] Proxy active: target=qwen3.6-27b-heretic-uncensored-finetune-neo-code-di-imatrix-max input=192507 context=55040 action=hard_compact
[debug] generate returned {"turnIndex":14,"round":6,"waitedMs":28275,"fragmentChars":213,"toolRequests":1,"droppedRequests":0,"failures":0}
[debug] tool call {"turnIndex":14,"name":"read_file_range","args":{"path":"Source/Project_MJS/Private/Character/Player/Component/TargetingComponent.cpp","startLine":420,"endLine":581,"detailLevel":"full"},"ms":153,"hardError":null,"preview":"File: project://Source/Project_MJS/Private/Character/Player/Component/TargetingComponent.cpp\nPath-Metadata: {\"resolvedRootType\":\"active_project\",\"projectRelativePath\":\"Source/Project_MJS/Private/Character/Player/Componen"}
[debug] prediction round {"turnIndex":14,"round":7,"historyLen":203,"generateTimeoutMs":300000,"pid":19916,"listCount":0,"listBlocked":0}
[debug] await generate() {"turnIndex":14,"round":7,"historyLen":203}
[debug] generate attempt tool surface {"turnIndex":14,"round":7,"attempt":1,"toolCount":8,"toolNames":["get_workspace_info","get_active_project","list_directory","read_file","read_file_range","search_files","unreal_rag_search","unreal_get_active_project"],"temperature":0.2}
[unreal-context-compactor] Proxy active: target=qwen3.6-27b-heretic-uncensored-finetune-neo-code-di-imatrix-max input=195131 context=55040 action=hard_compact
[debug] still awaiting generate() {"turnIndex":14,"round":7,"heartbeatN":1,"waitedMs":30001}
[debug] still awaiting generate() {"turnIndex":14,"round":7,"heartbeatN":2,"waitedMs":60007}
[debug] generate returned {"turnIndex":14,"round":7,"waitedMs":77230,"fragmentChars":5133,"toolRequests":0,"droppedRequests":0,"failures":0}
[debug] per-turn list_directory stats {"turnIndex":14,"listCount":0,"listBlocked":0,"listedPaths":[]}
[debug] turn completed {"turnIndex":14,"ms":205209,"chars":5133,"tools":["unreal_get_active_project","search_files","read_file","read_file","read_file_range","read_file_range","read_file_range"],"listDirectory":0,"listBlocked":0,"preview":"Now I have a clear picture of the targeting system. Let me summarize it in Korean for the user, focusing on: - Overall architecture (UTargetingComponent + interfaces) - Soft/Auto target logic - Hard target logic (local and ranged) - HUD integration - How skills/attacks use target"}

===== TURN 15/17 =====
스킬 시스템은 어떻게 돌아가고 있는거야?
[debug] prediction round {"turnIndex":15,"round":1,"historyLen":205,"generateTimeoutMs":300000,"pid":19916,"listCount":0,"listBlocked":0}
[debug] await generate() {"turnIndex":15,"round":1,"historyLen":205}
[debug] generate attempt tool surface {"turnIndex":15,"round":1,"attempt":1,"toolCount":8,"toolNames":["get_workspace_info","get_active_project","list_directory","read_file","read_file_range","search_files","unreal_rag_search","unreal_get_active_project"],"temperature":0.2}
[unreal-context-compactor] Proxy active: target=qwen3.6-27b-heretic-uncensored-finetune-neo-code-di-imatrix-max input=196457 context=55040 action=hard_compact
[debug] generate returned {"turnIndex":15,"round":1,"waitedMs":7944,"fragmentChars":838,"toolRequests":1,"droppedRequests":0,"failures":0}
[debug] tool call {"turnIndex":15,"name":"unreal_get_active_project","args":{},"ms":76,"hardError":null,"preview":"{\n  \"activeProject\": \"C:\\\\Users\\\\sster\\\\Documents\\\\Git\\\\Project_MJS\\\\Project_MJS.uproject\",\n  \"activeProjectNames\": [\n    \"Project_MJS\"\n  ],\n  \"sharedConfigPath\": \"C:\\\\Users\\\\sster\\\\.lmstudio\\\\config\\\\unreal-workspace.js"}
[debug] prediction round {"turnIndex":15,"round":2,"historyLen":207,"generateTimeoutMs":300000,"pid":19916,"listCount":0,"listBlocked":0}
[debug] await generate() {"turnIndex":15,"round":2,"historyLen":207}
[debug] generate attempt tool surface {"turnIndex":15,"round":2,"attempt":1,"toolCount":8,"toolNames":["get_workspace_info","get_active_project","list_directory","read_file","read_file_range","search_files","unreal_rag_search","unreal_get_active_project"],"temperature":0.2}
[unreal-context-compactor] Proxy active: target=qwen3.6-27b-heretic-uncensored-finetune-neo-code-di-imatrix-max input=197021 context=55040 action=hard_compact
[debug] generate returned {"turnIndex":15,"round":2,"waitedMs":10958,"fragmentChars":255,"toolRequests":1,"droppedRequests":0,"failures":0}
[debug] tool call {"turnIndex":15,"name":"read_file","args":{"path":"Source/Project_MJS/Public/Character/Player/Component/SkillComponent.h","detailLevel":"full"},"ms":184,"hardError":null,"preview":"[path-metadata: {\"resolvedRootType\":\"active_project\",\"projectRelativePath\":\"Source/Project_MJS/Public/Character/Player/Component/SkillComponent.h\",\"workspaceRelativePath\":\"Source/Project_MJS/Public/Character/Player/Compo"}
[debug] prediction round {"turnIndex":15,"round":3,"historyLen":209,"generateTimeoutMs":300000,"pid":19916,"listCount":0,"listBlocked":0}
[debug] await generate() {"turnIndex":15,"round":3,"historyLen":209}
[debug] generate attempt tool surface {"turnIndex":15,"round":3,"attempt":1,"toolCount":8,"toolNames":["get_workspace_info","get_active_project","list_directory","read_file","read_file_range","search_files","unreal_rag_search","unreal_get_active_project"],"temperature":0.2}
[unreal-context-compactor] Proxy active: target=qwen3.6-27b-heretic-uncensored-finetune-neo-code-di-imatrix-max input=198034 context=55040 action=hard_compact
[debug] generate returned {"turnIndex":15,"round":3,"waitedMs":12905,"fragmentChars":218,"toolRequests":1,"droppedRequests":0,"failures":0}
[debug] tool call {"turnIndex":15,"name":"read_file_range","args":{"path":"Source/Project_MJS/Private/Character/Player/Component/SkillComponent.cpp","startLine":1,"endLine":260,"detailLevel":"full"},"ms":176,"hardError":null,"preview":"{\n  \"summary\": \"ERROR — Requested line range is already covered by prior reads.\",\n  \"ok\": false,\n  \"error\": \"Requested line range is already covered by prior reads.\",\n  \"phase\": \"failed\",\n  \"userMessage\": \"Requested line"}
[debug] prediction round {"turnIndex":15,"round":4,"historyLen":211,"generateTimeoutMs":300000,"pid":19916,"listCount":0,"listBlocked":0}
[debug] await generate() {"turnIndex":15,"round":4,"historyLen":211}
[debug] generate attempt tool surface {"turnIndex":15,"round":4,"attempt":1,"toolCount":8,"toolNames":["get_workspace_info","get_active_project","list_directory","read_file","read_file_range","search_files","unreal_rag_search","unreal_get_active_project"],"temperature":0.2}
[unreal-context-compactor] Proxy active: target=qwen3.6-27b-heretic-uncensored-finetune-neo-code-di-imatrix-max input=198406 context=55040 action=hard_compact
[debug] generate returned {"turnIndex":15,"round":4,"waitedMs":13750,"fragmentChars":402,"toolRequests":1,"droppedRequests":0,"failures":0}
[debug] tool call {"turnIndex":15,"name":"read_file","args":{"path":"Source/Project_MJS/Public/Character/Player/Data/SkillDataAsset.h","detailLevel":"full"},"ms":267,"hardError":null,"preview":"[path-metadata: {\"resolvedRootType\":\"active_project\",\"projectRelativePath\":\"Source/Project_MJS/Public/Character/Player/Data/SkillDataAsset.h\",\"workspaceRelativePath\":\"Source/Project_MJS/Public/Character/Player/Data/Skill"}
[debug] prediction round {"turnIndex":15,"round":5,"historyLen":213,"generateTimeoutMs":300000,"pid":19916,"listCount":0,"listBlocked":0}
[debug] await generate() {"turnIndex":15,"round":5,"historyLen":213}
[debug] generate attempt tool surface {"turnIndex":15,"round":5,"attempt":1,"toolCount":8,"toolNames":["get_workspace_info","get_active_project","list_directory","read_file","read_file_range","search_files","unreal_rag_search","unreal_get_active_project"],"temperature":0.2}
[unreal-context-compactor] Proxy active: target=qwen3.6-27b-heretic-uncensored-finetune-neo-code-di-imatrix-max input=200689 context=55040 action=hard_compact
[debug] generate returned {"turnIndex":15,"round":5,"waitedMs":14810,"fragmentChars":208,"toolRequests":1,"droppedRequests":0,"failures":0}
[debug] tool call {"turnIndex":15,"name":"read_file","args":{"path":"Source/Project_MJS/Public/Character/Player/Component/AttackComponent.h","detailLevel":"full"},"ms":181,"hardError":null,"preview":"[path-metadata: {\"resolvedRootType\":\"active_project\",\"projectRelativePath\":\"Source/Project_MJS/Public/Character/Player/Component/AttackComponent.h\",\"workspaceRelativePath\":\"Source/Project_MJS/Public/Character/Player/Comp"}
[debug] prediction round {"turnIndex":15,"round":6,"historyLen":215,"generateTimeoutMs":300000,"pid":19916,"listCount":0,"listBlocked":0}
[debug] await generate() {"turnIndex":15,"round":6,"historyLen":215}
[debug] generate attempt tool surface {"turnIndex":15,"round":6,"attempt":1,"toolCount":8,"toolNames":["get_workspace_info","get_active_project","list_directory","read_file","read_file_range","search_files","unreal_rag_search","unreal_get_active_project"],"temperature":0.2}
[unreal-context-compactor] Proxy active: target=qwen3.6-27b-heretic-uncensored-finetune-neo-code-di-imatrix-max input=201636 context=55040 action=hard_compact
[debug] generate returned {"turnIndex":15,"round":6,"waitedMs":16860,"fragmentChars":229,"toolRequests":1,"droppedRequests":0,"failures":0}
[debug] tool call {"turnIndex":15,"name":"read_file_range","args":{"path":"Source/Project_MJS/Private/Character/Player/Component/AttackComponent.cpp","startLine":1,"endLine":260,"detailLevel":"full"},"ms":207,"hardError":null,"preview":"{\n  \"summary\": \"ERROR — Requested line range is already covered by prior reads.\",\n  \"ok\": false,\n  \"error\": \"Requested line range is already covered by prior reads.\",\n  \"phase\": \"failed\",\n  \"userMessage\": \"Requested line"}
[debug] prediction round {"turnIndex":15,"round":7,"historyLen":217,"generateTimeoutMs":300000,"pid":19916,"listCount":0,"listBlocked":0}
[debug] await generate() {"turnIndex":15,"round":7,"historyLen":217}
[debug] generate attempt tool surface {"turnIndex":15,"round":7,"attempt":1,"toolCount":8,"toolNames":["get_workspace_info","get_active_project","list_directory","read_file","read_file_range","search_files","unreal_rag_search","unreal_get_active_project"],"temperature":0.2}
[unreal-context-compactor] Proxy active: target=qwen3.6-27b-heretic-uncensored-finetune-neo-code-di-imatrix-max input=202008 context=55040 action=hard_compact
[debug] generate returned {"turnIndex":15,"round":7,"waitedMs":18461,"fragmentChars":459,"toolRequests":1,"droppedRequests":0,"failures":0}
[debug] tool call {"turnIndex":15,"name":"search_files","args":{"query":"ActivateSkill|RequestAttack","path":"Source/Project_MJS/Private/Character/Player","regex":true,"maxResults":60},"ms":177,"hardError":null,"preview":"{\n  \"path\": {\n    \"resolvedRootType\": \"active_project\",\n    \"projectRelativePath\": \"Source/Project_MJS/Private/Character/Player\",\n    \"workspaceRelativePath\": \"Source/Project_MJS/Private/Character/Player\",\n    \"absoluteP"}
[debug] prediction round {"turnIndex":15,"round":8,"historyLen":219,"generateTimeoutMs":300000,"pid":19916,"listCount":0,"listBlocked":0}
[debug] await generate() {"turnIndex":15,"round":8,"historyLen":219}
[debug] generate attempt tool surface {"turnIndex":15,"round":8,"attempt":1,"toolCount":8,"toolNames":["get_workspace_info","get_active_project","list_directory","read_file","read_file_range","search_files","unreal_rag_search","unreal_get_active_project"],"temperature":0.2}
[unreal-context-compactor] Proxy active: target=qwen3.6-27b-heretic-uncensored-finetune-neo-code-di-imatrix-max input=203006 context=55040 action=hard_compact
[debug] still awaiting generate() {"turnIndex":15,"round":8,"heartbeatN":1,"waitedMs":30010}
[debug] still awaiting generate() {"turnIndex":15,"round":8,"heartbeatN":2,"waitedMs":60022}
[debug] generate returned {"turnIndex":15,"round":8,"waitedMs":77157,"fragmentChars":5611,"toolRequests":0,"droppedRequests":0,"failures":0}
[debug] per-turn list_directory stats {"turnIndex":15,"listCount":0,"listBlocked":0,"listedPaths":[]}
[debug] turn completed {"turnIndex":15,"ms":174141,"chars":5611,"tools":["unreal_get_active_project","read_file","read_file_range","read_file","read_file","read_file_range","search_files"],"listDirectory":0,"listBlocked":0,"preview":"Now I have enough to explain the skill system clearly. I’ll synthesize: - How skills are defined (SkillDataAsset). - How they’re triggered from input via PlayerController/Character. - The role of SkillComponent vs AttackComponent. - How stamina, animation, and cinematics integrat"}

===== TURN 16/17 =====
게임 인스턴스 확장이 가능하다면 어떻게 할지 수정은 하지말고 말로만 알려줘
[debug] prediction round {"turnIndex":16,"round":1,"historyLen":221,"generateTimeoutMs":300000,"pid":19916,"listCount":0,"listBlocked":0}
[debug] await generate() {"turnIndex":16,"round":1,"historyLen":221}
[debug] generate attempt tool surface {"turnIndex":16,"round":1,"attempt":1,"toolCount":8,"toolNames":["get_workspace_info","get_active_project","list_directory","read_file","read_file_range","search_files","unreal_rag_search","unreal_get_active_project"],"temperature":0.2}
[unreal-context-compactor] Proxy active: target=qwen3.6-27b-heretic-uncensored-finetune-neo-code-di-imatrix-max input=204502 context=55040 action=hard_compact
[debug] generate returned {"turnIndex":16,"round":1,"waitedMs":5149,"fragmentChars":475,"toolRequests":1,"droppedRequests":0,"failures":0}
[debug] tool call {"turnIndex":16,"name":"unreal_get_active_project","args":{},"ms":83,"hardError":null,"preview":"{\n  \"activeProject\": \"C:\\\\Users\\\\sster\\\\Documents\\\\Git\\\\Project_MJS\\\\Project_MJS.uproject\",\n  \"activeProjectNames\": [\n    \"Project_MJS\"\n  ],\n  \"sharedConfigPath\": \"C:\\\\Users\\\\sster\\\\.lmstudio\\\\config\\\\unreal-workspace.js"}
[debug] prediction round {"turnIndex":16,"round":2,"historyLen":223,"generateTimeoutMs":300000,"pid":19916,"listCount":0,"listBlocked":0}
[debug] await generate() {"turnIndex":16,"round":2,"historyLen":223}
[debug] generate attempt tool surface {"turnIndex":16,"round":2,"attempt":1,"toolCount":8,"toolNames":["get_workspace_info","get_active_project","list_directory","read_file","read_file_range","search_files","unreal_rag_search","unreal_get_active_project"],"temperature":0.2}
[unreal-context-compactor] Proxy active: target=qwen3.6-27b-heretic-uncensored-finetune-neo-code-di-imatrix-max input=204971 context=55040 action=hard_compact
[debug] generate returned {"turnIndex":16,"round":2,"waitedMs":9290,"fragmentChars":290,"toolRequests":1,"droppedRequests":0,"failures":0}
[debug] tool call {"turnIndex":16,"name":"search_files","args":{"query":"GameInstance|UGameInstance|FGameInstance","path":"Source/Project_MJS","regex":true,"maxResults":60},"ms":252,"hardError":null,"preview":"{\n  \"path\": {\n    \"resolvedRootType\": \"active_project\",\n    \"projectRelativePath\": \"Source/Project_MJS\",\n    \"workspaceRelativePath\": \"Source/Project_MJS\",\n    \"absolutePath\": \"C:\\\\Users\\\\sster\\\\Documents\\\\Git\\\\Project_M"}
[debug] prediction round {"turnIndex":16,"round":3,"historyLen":225,"generateTimeoutMs":300000,"pid":19916,"listCount":0,"listBlocked":0}
[debug] await generate() {"turnIndex":16,"round":3,"historyLen":225}
[debug] generate attempt tool surface {"turnIndex":16,"round":3,"attempt":1,"toolCount":8,"toolNames":["get_workspace_info","get_active_project","list_directory","read_file","read_file_range","search_files","unreal_rag_search","unreal_get_active_project"],"temperature":0.2}
[unreal-context-compactor] Proxy active: target=qwen3.6-27b-heretic-uncensored-finetune-neo-code-di-imatrix-max input=207034 context=55040 action=hard_compact
[debug] still awaiting generate() {"turnIndex":16,"round":3,"heartbeatN":1,"waitedMs":30003}
[debug] generate returned {"turnIndex":16,"round":3,"waitedMs":50119,"fragmentChars":3969,"toolRequests":0,"droppedRequests":0,"failures":0}
[debug] per-turn list_directory stats {"turnIndex":16,"listCount":0,"listBlocked":0,"listedPaths":[]}
[debug] turn completed {"turnIndex":16,"ms":64901,"chars":3969,"tools":["unreal_get_active_project","search_files"],"listDirectory":0,"listBlocked":0,"preview":"Now I have a clear picture: the project already has UProjectGameInstance extending UGameInstance and uses GameInstanceSubsystem (e.g., USoundManagerSubsystem). The user wants to know how to extend the game instance further, without modifying files—just explain options. I’ll outli"}

===== TURN 17/17 =====
컴뱃 시스템 구조 분석해줘.
[debug] prediction round {"turnIndex":17,"round":1,"historyLen":227,"generateTimeoutMs":300000,"pid":19916,"listCount":0,"listBlocked":0}
[debug] await generate() {"turnIndex":17,"round":1,"historyLen":227}
[debug] generate attempt tool surface {"turnIndex":17,"round":1,"attempt":1,"toolCount":8,"toolNames":["get_workspace_info","get_active_project","list_directory","read_file","read_file_range","search_files","unreal_rag_search","unreal_get_active_project"],"temperature":0.2}
[unreal-context-compactor] Proxy active: target=qwen3.6-27b-heretic-uncensored-finetune-neo-code-di-imatrix-max input=208214 context=55040 action=hard_compact
[debug] generate returned {"turnIndex":17,"round":1,"waitedMs":9898,"fragmentChars":935,"toolRequests":3,"droppedRequests":0,"failures":0}
[debug] tool call {"turnIndex":17,"name":"get_active_project","args":{},"ms":201,"hardError":null,"preview":"{\n  \"activeProject\": \"C:\\\\Users\\\\sster\\\\Documents\\\\Git\\\\Project_MJS\\\\Project_MJS.uproject\",\n  \"details\": {\n    \"projectPath\": \"C:\\\\Users\\\\sster\\\\Documents\\\\Git\\\\Project_MJS\\\\Project_MJS.uproject\",\n    \"projectDir\": \"C:\\\\"}
[debug] list_directory guard check {"path":"Source/Project_MJS/Public/System/Combat","depth":5,"used":0,"maxPerTurn":6,"maxDepth":4,"seen":[]}
[debug] tool call {"turnIndex":17,"name":"list_directory","args":{"path":"Source/Project_MJS/Public/System/Combat"},"ms":1,"hardError":null,"preview":"{\n  \"ok\": false,\n  \"errorCode\": \"LIST_DIRECTORY_DEPTH_EXCEEDED\",\n  \"error\": \"list_directory depth 5 exceeds max 4.\",\n  \"stopCurrentWorkflow\": false,\n  \"retryable\": false,\n  \"agentInstruction\": \"Do not recurse deeper with"}
[debug] list_directory guard check {"path":"Source/Project_MJS/Private/System/Combat","depth":5,"used":0,"maxPerTurn":6,"maxDepth":4,"seen":[]}
[debug] tool call {"turnIndex":17,"name":"list_directory","args":{"path":"Source/Project_MJS/Private/System/Combat"},"ms":1,"hardError":null,"preview":"{\n  \"ok\": false,\n  \"errorCode\": \"LIST_DIRECTORY_DEPTH_EXCEEDED\",\n  \"error\": \"list_directory depth 5 exceeds max 4.\",\n  \"stopCurrentWorkflow\": false,\n  \"retryable\": false,\n  \"agentInstruction\": \"Do not recurse deeper with"}
[debug] prediction round {"turnIndex":17,"round":2,"historyLen":229,"generateTimeoutMs":300000,"pid":19916,"listCount":0,"listBlocked":2}
[debug] await generate() {"turnIndex":17,"round":2,"historyLen":229}
[debug] generate attempt tool surface {"turnIndex":17,"round":2,"attempt":1,"toolCount":8,"toolNames":["get_workspace_info","get_active_project","list_directory","read_file","read_file_range","search_files","unreal_rag_search","unreal_get_active_project"],"temperature":0.2}
[unreal-context-compactor] Proxy active: target=qwen3.6-27b-heretic-uncensored-finetune-neo-code-di-imatrix-max input=212791 context=55040 action=hard_compact
[debug] generate returned {"turnIndex":17,"round":2,"waitedMs":19538,"fragmentChars":592,"toolRequests":2,"droppedRequests":0,"failures":0}
[debug] tool call {"turnIndex":17,"name":"search_files","args":{"query":"Combat|Attack|Skill|Targeting|Dodge|Health|GroupCombat","path":"Source/Project_MJS/Public/System/Combat","regex":true,"maxResults":60},"ms":187,"hardError":null,"preview":"{\n  \"path\": {\n    \"resolvedRootType\": \"active_project\",\n    \"projectRelativePath\": \"Source/Project_MJS/Public/System/Combat\",\n    \"workspaceRelativePath\": \"Source/Project_MJS/Public/System/Combat\",\n    \"absolutePath\": \"C"}
[debug] tool call {"turnIndex":17,"name":"search_files","args":{"query":"Combat|Attack|Skill|Targeting|Dodge|Health|GroupCombat","path":"Source/Project_MJS/Private/System/Combat","regex":true,"maxResults":60},"ms":183,"hardError":null,"preview":"{\n  \"path\": {\n    \"resolvedRootType\": \"active_project\",\n    \"projectRelativePath\": \"Source/Project_MJS/Private/System/Combat\",\n    \"workspaceRelativePath\": \"Source/Project_MJS/Private/System/Combat\",\n    \"absolutePath\": "}
[debug] prediction round {"turnIndex":17,"round":3,"historyLen":231,"generateTimeoutMs":300000,"pid":19916,"listCount":0,"listBlocked":2}
[debug] await generate() {"turnIndex":17,"round":3,"historyLen":231}
[debug] generate attempt tool surface {"turnIndex":17,"round":3,"attempt":1,"toolCount":8,"toolNames":["get_workspace_info","get_active_project","list_directory","read_file","read_file_range","search_files","unreal_rag_search","unreal_get_active_project"],"temperature":0.2}
[unreal-context-compactor] Proxy active: target=qwen3.6-27b-heretic-uncensored-finetune-neo-code-di-imatrix-max input=214364 context=55040 action=hard_compact
[debug] generate returned {"turnIndex":17,"round":3,"waitedMs":20426,"fragmentChars":425,"toolRequests":4,"droppedRequests":0,"failures":0}
[debug] tool call {"turnIndex":17,"name":"read_file","args":{"path":"Source/Project_MJS/Public/System/Combat/CombatTimeDilationSubsystem.h"},"ms":273,"hardError":null,"preview":"[path-metadata: {\"resolvedRootType\":\"active_project\",\"projectRelativePath\":\"Source/Project_MJS/Public/System/Combat/CombatTimeDilationSubsystem.h\",\"workspaceRelativePath\":\"Source/Project_MJS/Public/System/Combat/CombatTi"}
[debug] tool call {"turnIndex":17,"name":"read_file","args":{"path":"Source/Project_MJS/Public/Character/Player/Component/AttackComponent.h"},"ms":182,"hardError":null,"preview":"[path-metadata: {\"resolvedRootType\":\"active_project\",\"projectRelativePath\":\"Source/Project_MJS/Public/Character/Player/Component/AttackComponent.h\",\"workspaceRelativePath\":\"Source/Project_MJS/Public/Character/Player/Comp"}
[debug] tool call {"turnIndex":17,"name":"read_file","args":{"path":"Source/Project_MJS/Public/Character/Player/Component/SkillComponent.h"},"ms":182,"hardError":null,"preview":"[path-metadata: {\"resolvedRootType\":\"active_project\",\"projectRelativePath\":\"Source/Project_MJS/Public/Character/Player/Component/SkillComponent.h\",\"workspaceRelativePath\":\"Source/Project_MJS/Public/Character/Player/Compo"}
[debug] skipped excess parallel tool {"turnIndex":17,"round":3,"name":"read_file","parallelIndex":3,"maxParallel":3}
[debug] tool call {"turnIndex":17,"name":"read_file","args":{"path":"Source/Project_MJS/Public/Character/Player/Component/DodgeComponent.h"},"ms":1,"hardError":null,"preview":"{\n  \"ok\": false,\n  \"errorCode\": \"PARALLEL_TOOL_BUDGET_EXCEEDED\",\n  \"error\": \"Only 3 tool calls are executed per model round.\",\n  \"stopCurrentWorkflow\": false,\n  \"retryable\": false,\n  \"agentInstruction\": \"This tool was sk"}
[debug] prediction round {"turnIndex":17,"round":4,"historyLen":233,"generateTimeoutMs":300000,"pid":19916,"listCount":0,"listBlocked":2}
[debug] await generate() {"turnIndex":17,"round":4,"historyLen":233}
[debug] generate attempt tool surface {"turnIndex":17,"round":4,"attempt":1,"toolCount":8,"toolNames":["get_workspace_info","get_active_project","list_directory","read_file","read_file_range","search_files","unreal_rag_search","unreal_get_active_project"],"temperature":0.2}
[unreal-context-compactor] Proxy active: target=qwen3.6-27b-heretic-uncensored-finetune-neo-code-di-imatrix-max input=217458 context=55040 action=hard_compact
[debug] still awaiting generate() {"turnIndex":17,"round":4,"heartbeatN":1,"waitedMs":30003}
[debug] still awaiting generate() {"turnIndex":17,"round":4,"heartbeatN":2,"waitedMs":60003}
[debug] generate returned {"turnIndex":17,"round":4,"waitedMs":84513,"fragmentChars":5742,"toolRequests":0,"droppedRequests":0,"failures":0}
[debug] per-turn list_directory stats {"turnIndex":17,"listCount":0,"listBlocked":2,"listedPaths":[]}
[debug] turn completed {"turnIndex":17,"ms":135604,"chars":5742,"tools":["get_active_project","list_directory","list_directory","search_files","search_files","read_file","read_file","read_file","read_file"],"listDirectory":0,"listBlocked":2,"preview":"I’ve read CombatTimeDilationSubsystem, AttackComponent, SkillComponent headers; DodgeComponent failed due to parallel budget. I’ll continue reading remaining key files in the next rounds: DodgeComponent, TargetingComponent/Types, HealthComponent, EnemyFSMComponent, GroupCombatSub"}
[debug] final report {"ok":true,"completedTurns":17,"targetTurns":17,"startAt":1,"hardFail":null,"pluginRevision":17,"model":"qwen3.6-27b-heretic-uncensored-finetune-neo-code-di-imatrix-max","performance":{"p50Ms":144250,"p95Ms":297652,"toolCallTotal":162,"listDirectoryTotal":17,"listDirectoryBlocked":8,"avgListDirectoryPerTurn":1,"maxListDirectoryPerTurn":6,"maxListPathDepth":4,"maxParallelTools":3,"compaction":{"sessionDir":"C:\\Users\\sster\\AppData\\Local\\Temp\\compactor-marathon-lH2yAC\\d64e4ba3ca5d82a426b585bbd2ef581a","applied":92,"tinyPosts":16,"answeringMeta":0,"last":{"type":"compaction_decision","at":"2026-08-03T06:25:05.356Z","action":"hard_compact","effectiveAction":"hard_compact","goalChangeCompac
{
  "ok": true,
  "completedTurns": 17,
  "targetTurns": 17,
  "startAt": 1,
  "hardFail": null,
  "pluginRevision": 17,
  "model": "qwen3.6-27b-heretic-uncensored-finetune-neo-code-di-imatrix-max",
  "performance": {
    "p50Ms": 144250,
    "p95Ms": 297652,
    "toolCallTotal": 162,
    "listDirectoryTotal": 17,
    "listDirectoryBlocked": 8,
    "avgListDirectoryPerTurn": 1,
    "maxListDirectoryPerTurn": 6,
    "maxListPathDepth": 4,
    "maxParallelTools": 3,
    "compaction": {
      "sessionDir": "C:\\Users\\sster\\AppData\\Local\\Temp\\compactor-marathon-lH2yAC\\d64e4ba3ca5d82a426b585bbd2ef581a",
      "applied": 92,
      "tinyPosts": 16,
      "answeringMeta": 0,
      "last": {
        "type": "compaction_decision",
        "at": "2026-08-03T06:25:05.356Z",
        "action": "hard_compact",
        "effectiveAction": "hard_compact",
        "goalChangeCompact": false,
        "zeroRetainedTurns": false,
        "answeringMeta": false,
        "applied": true,
        "checkpointGeneration": 115,
        "postInputTokens": 13433,
        "postRemainingTokens": 30723,
        "retainedTurns": 1,
        "currentTurnCap": null,
        "objectivePreview": "컴뱃 시스템 구조 분석해줘."
      },
      "objective": "컴뱃 시스템 구조 분석해줘."
    }
  },
  "turns": [
    {
      "turnIndex": 1,
      "prompt": "현재 프로젝트 찾고 코드 구조 전체 적으로 확인해줘",
      "ms": 44588,
      "chars": 139,
      "preview": "좋습니다. 이제 프로젝트의 전체 코드 구조를 파악했습니다. Private 폴더도 확인해보겠습니다. __LM_STUDIO_INTERNAL_LSEP_SYNTHETIC_REASONING_END_f4e9a8d2c6b14d0c9e5f3a7b8c1d2e6a__",
      "toolCalls": [
        {
          "name": "get_active_project",
          "args": {},
          "ms": 217,
          "preview": "{\n  \"activeProject\": \"C:\\\\Users\\\\sster\\\\Documents\\\\Git\\\\Project_MJS\\\\Project_MJS.uproject\",\n  \"details\": {\n    \"projectPath\": \"C:\\\\Users\\\\sster\\\\Documents\\\\Git\\\\Project_MJS\\\\Projec",
          "hardError": null
        },
        {
          "name": "list_directory",
          "args": {
            "path": ".",
            "maxEntries": 100
          },
          "ms": 252,
          "preview": "{\n  \"path\": {\n    \"resolvedRootType\": \"active_project\",\n    \"projectRelativePath\": \"\",\n    \"workspaceRelativePath\": \"\",\n    \"absolutePath\": \"C:\\\\Users\\\\sster\\\\Documents\\\\Git\\\\Proje",
          "hardError": null
        },
        {
          "name": "list_directory",
          "args": {
            "path": "Source",
            "maxEntries": 100
          },
          "ms": 232,
          "preview": "{\n  \"path\": {\n    \"resolvedRootType\": \"active_project\",\n    \"projectRelativePath\": \"Source\",\n    \"workspaceRelativePath\": \"Source\",\n    \"absolutePath\": \"C:\\\\Users\\\\sster\\\\Documents",
          "hardError": null
        },
        {
          "name": "list_directory",
          "args": {
            "path": "Source/Project_MJS",
            "maxEntries": 150
          },
          "ms": 169,
          "preview": "{\n  \"path\": {\n    \"resolvedRootType\": \"active_project\",\n    \"projectRelativePath\": \"Source/Project_MJS\",\n    \"workspaceRelativePath\": \"Source/Project_MJS\",\n    \"absolutePath\": \"C:\\",
          "hardError": null
        },
        {
          "name": "read_file",
          "args": {
            "path": "Source/Project_MJS/Project_MJS.Build.cs"
          },
          "ms": 226,
          "preview": "[path-metadata: {\"resolvedRootType\":\"active_project\",\"projectRelativePath\":\"Source/Project_MJS/Project_MJS.Build.cs\",\"workspaceRelativePath\":\"Source/Project_MJS/Project_MJS.Build.c",
          "hardError": null
        },
        {
          "name": "list_directory",
          "args": {
            "path": "Source/Project_MJS/Public",
            "maxEntries": 150
          },
          "ms": 308,
          "preview": "{\n  \"path\": {\n    \"resolvedRootType\": \"active_project\",\n    \"projectRelativePath\": \"Source/Project_MJS/Public\",\n    \"workspaceRelativePath\": \"Source/Project_MJS/Public\",\n    \"absol",
          "hardError": null
        },
        {
          "name": "list_directory",
          "args": {
            "path": "Source/Project_MJS/Private",
            "maxEntries": 150
          },
          "ms": 159,
          "preview": "{\n  \"path\": {\n    \"resolvedRootType\": \"active_project\",\n    \"projectRelativePath\": \"Source/Project_MJS/Private\",\n    \"workspaceRelativePath\": \"Source/Project_MJS/Private\",\n    \"abs",
          "hardError": null
        },
        {
          "name": "list_directory",
          "args": {
            "path": "Source/Project_MJS/Public/Character",
            "maxEntries": 100
          },
          "ms": 157,
          "preview": "{\n  \"path\": {\n    \"resolvedRootType\": \"active_project\",\n    \"projectRelativePath\": \"Source/Project_MJS/Public/Character\",\n    \"workspaceRelativePath\": \"Source/Project_MJS/Public/Ch",
          "hardError": null
        },
        {
          "name": "list_directory",
          "args": {
            "path": "Source/Project_MJS/Public/Character/Player",
            "maxEntries": 100
          },
          "ms": 1,
          "preview": "{\n  \"ok\": false,\n  \"errorCode\": \"LIST_DIRECTORY_BUDGET_EXCEEDED\",\n  \"error\": \"list_directory budget exceeded (6/turn).\",\n  \"stopCurrentWorkflow\": false,\n  \"retryable\": false,\n  \"ag",
          "hardError": null
        },
        {
          "name": "search_files",
          "args": {
            "query": "\\.h$|\\.cpp$",
            "path": "Source/Project_MJS/Public",
            "matchFileNames": true,
            "maxResults": 200
          },
          "ms": 229,
          "preview": "{\n  \"path\": {\n    \"resolvedRootType\": \"active_project\",\n    \"projectRelativePath\": \"Source/Project_MJS/Public\",\n    \"workspaceRelativePath\": \"Source/Project_MJS/Public\",\n    \"absol",
          "hardError": null
        },
        {
          "name": "search_files",
          "args": {
            "query": "class.*: public",
            "path": "Source/Project_MJS/Public",
            "regex": true,
            "maxResults": 150
          },
          "ms": 204,
          "preview": "{\n  \"path\": {\n    \"resolvedRootType\": \"active_project\",\n    \"projectRelativePath\": \"Source/Project_MJS/Public\",\n    \"workspaceRelativePath\": \"Source/Project_MJS/Public\",\n    \"absol",
          "hardError": null
        },
        {
          "name": "search_files",
          "args": {
            "query": "class.*: public",
            "path": "Source/Project_MJS/Private",
            "regex": true,
            "maxResults": 100
          },
          "ms": 185,
          "preview": "{\n  \"path\": {\n    \"resolvedRootType\": \"active_project\",\n    \"projectRelativePath\": \"Source/Project_MJS/Private\",\n    \"workspaceRelativePath\": \"Source/Project_MJS/Private\",\n    \"abs",
          "hardError": null
        }
      ],
      "listDirectory": 6,
      "listBlocked": 1
    },
    {
      "turnIndex": 2,
      "prompt": "지금 버그있는거 찾기만하고 수정은 하지마.",
      "ms": 71312,
      "chars": 187,
      "preview": "Let me continue reading key files to find bugs. I'll check HealthComponent and other critical systems. __LM_STUDIO_INTERNAL_LSEP_SYNTHETIC_REASONING_END_f4e9a8d2c6b14d0c9e5f3a7b8c1d2e6a__",
      "toolCalls": [
        {
          "name": "get_active_project",
          "args": {},
          "ms": 167,
          "preview": "{\n  \"activeProject\": \"C:\\\\Users\\\\sster\\\\Documents\\\\Git\\\\Project_MJS\\\\Project_MJS.uproject\",\n  \"details\": {\n    \"projectPath\": \"C:\\\\Users\\\\sster\\\\Documents\\\\Git\\\\Project_MJS\\\\Projec",
          "hardError": null
        },
        {
          "name": "read_file",
          "args": {
            "path": "Source/Project_MJS/Public/Character/Player/CPlayerCharacter.h"
          },
          "ms": 151,
          "preview": "[path-metadata: {\"resolvedRootType\":\"active_project\",\"projectRelativePath\":\"Source/Project_MJS/Public/Character/Player/CPlayerCharacter.h\",\"workspaceRelativePath\":\"Source/Project_M",
          "hardError": null
        },
        {
          "name": "read_file",
          "args": {
            "path": "Source/Project_MJS/Private/Character/Player/CPlayerCharacter.cpp"
          },
          "ms": 155,
          "preview": "[path-metadata: {\"resolvedRootType\":\"active_project\",\"projectRelativePath\":\"Source/Project_MJS/Private/Character/Player/CPlayerCharacter.cpp\",\"workspaceRelativePath\":\"Source/Projec",
          "hardError": null
        },
        {
          "name": "read_file",
          "args": {
            "path": "Source/Project_MJS/Public/Character/Player/Component/AttackComponent.h"
          },
          "ms": 152,
          "preview": "[path-metadata: {\"resolvedRootType\":\"active_project\",\"projectRelativePath\":\"Source/Project_MJS/Public/Character/Player/Component/AttackComponent.h\",\"workspaceRelativePath\":\"Source/",
          "hardError": null
        },
        {
          "name": "read_file",
          "args": {
            "path": "Source/Project_MJS/Private/Character/Player/Component/AttackComponent.cpp"
          },
          "ms": 155,
          "preview": "[path-metadata: {\"resolvedRootType\":\"active_project\",\"projectRelativePath\":\"Source/Project_MJS/Private/Character/Player/Component/AttackComponent.cpp\",\"workspaceRelativePath\":\"Sour",
          "hardError": null
        },
        {
          "name": "read_file",
          "args": {
            "path": "Source/Project_MJS/Public/Character/Player/Component/DodgeComponent.h"
          },
          "ms": 155,
          "preview": "[path-metadata: {\"resolvedRootType\":\"active_project\",\"projectRelativePath\":\"Source/Project_MJS/Public/Character/Player/Component/DodgeComponent.h\",\"workspaceRelativePath\":\"Source/P",
          "hardError": null
        },
        {
          "name": "read_file",
          "args": {
            "path": "Source/Project_MJS/Private/Character/Player/Component/DodgeComponent.cpp"
          },
          "ms": 232,
          "preview": "[path-metadata: {\"resolvedRootType\":\"active_project\",\"projectRelativePath\":\"Source/Project_MJS/Private/Character/Player/Component/DodgeComponent.cpp\",\"workspaceRelativePath\":\"Sourc",
          "hardError": null
        },
        {
          "name": "read_file",
          "args": {
            "path": "Source/Project_MJS/Public/Character/Player/Component/SkillComponent.h"
          },
          "ms": 153,
          "preview": "[path-metadata: {\"resolvedRootType\":\"active_project\",\"projectRelativePath\":\"Source/Project_MJS/Public/Character/Player/Component/SkillComponent.h\",\"workspaceRelativePath\":\"Source/P",
          "hardError": null
        },
        {
          "name": "read_file",
          "args": {
            "path": "Source/Project_MJS/Private/Character/Player/Component/SkillComponent.cpp"
          },
          "ms": 171,
          "preview": "[path-metadata: {\"resolvedRootType\":\"active_project\",\"projectRelativePath\":\"Source/Project_MJS/Private/Character/Player/Component/SkillComponent.cpp\",\"workspaceRelativePath\":\"Sourc",
          "hardError": null
        },
        {
          "name": "read_file",
          "args": {
            "path": "Source/Project_MJS/Public/Character/Enemy/EnemyCharacter.h"
          },
          "ms": 157,
          "preview": "[path-metadata: {\"resolvedRootType\":\"active_project\",\"projectRelativePath\":\"Source/Project_MJS/Public/Character/Enemy/EnemyCharacter.h\",\"workspaceRelativePath\":\"Source/Project_MJS/",
          "hardError": null
        },
        {
          "name": "read_file",
          "args": {
            "path": "Source/Project_MJS/Private/Character/Enemy/EnemyCharacter.cpp"
          },
          "ms": 155,
          "preview": "[path-metadata: {\"resolvedRootType\":\"active_project\",\"projectRelativePath\":\"Source/Project_MJS/Private/Character/Enemy/EnemyCharacter.cpp\",\"workspaceRelativePath\":\"Source/Project_M",
          "hardError": null
        },
        {
          "name": "read_file",
          "args": {
            "path": "Source/Project_MJS/Public/Character/SharedComponent/HealthComponent.h"
          },
          "ms": 167,
          "preview": "[path-metadata: {\"resolvedRootType\":\"active_project\",\"projectRelativePath\":\"Source/Project_MJS/Public/Character/SharedComponent/HealthComponent.h\",\"workspaceRelativePath\":\"Source/P",
          "hardError": null
        }
      ],
      "listDirectory": 0,
      "listBlocked": 0
    },
    {
      "turnIndex": 3,
      "prompt": "시네마틱 관련해서 구현된것들 더 구체적으로 알려줘.",
      "ms": 115405,
      "chars": 5259,
      "preview": "I have enough concrete information now from the actual source files to give a detailed breakdown of what’s implemented for cinematic-related systems. I’ll summarize by component: CinematicDirectorSubsystem, CinematicActionComponent, CinematicTriggerActor, ICinematicParticipant in",
      "toolCalls": [
        {
          "name": "get_active_project",
          "args": {},
          "ms": 169,
          "preview": "{\n  \"activeProject\": \"C:\\\\Users\\\\sster\\\\Documents\\\\Git\\\\Project_MJS\\\\Project_MJS.uproject\",\n  \"details\": {\n    \"projectPath\": \"C:\\\\Users\\\\sster\\\\Documents\\\\Git\\\\Project_MJS\\\\Projec",
          "hardError": null
        },
        {
          "name": "read_file",
          "args": {
            "path": "Source/Project_MJS/Public/Cinematic/CinematicDirectorSubsystem.h"
          },
          "ms": 225,
          "preview": "[path-metadata: {\"resolvedRootType\":\"active_project\",\"projectRelativePath\":\"Source/Project_MJS/Public/Cinematic/CinematicDirectorSubsystem.h\",\"workspaceRelativePath\":\"Source/Projec",
          "hardError": null
        },
        {
          "name": "read_file",
          "args": {
            "path": "Source/Project_MJS/Public/Cinematic/CinematicActionComponent.h"
          },
          "ms": 151,
          "preview": "[path-metadata: {\"resolvedRootType\":\"active_project\",\"projectRelativePath\":\"Source/Project_MJS/Public/Cinematic/CinematicActionComponent.h\",\"workspaceRelativePath\":\"Source/Project_",
          "hardError": null
        },
        {
          "name": "read_file",
          "args": {
            "path": "Source/Project_MJS/Public/Cinematic/CinematicParticipant.h"
          },
          "ms": 1,
          "preview": "{\n  \"ok\": false,\n  \"errorCode\": \"PARALLEL_TOOL_BUDGET_EXCEEDED\",\n  \"error\": \"Only 3 tool calls are executed per model round.\",\n  \"stopCurrentWorkflow\": false,\n  \"retryable\": false,",
          "hardError": null
        },
        {
          "name": "read_file",
          "args": {
            "path": "Source/Project_MJS/Public/Cinematic/CinematicParticipantComponent.h"
          },
          "ms": 0,
          "preview": "{\n  \"ok\": false,\n  \"errorCode\": \"PARALLEL_TOOL_BUDGET_EXCEEDED\",\n  \"error\": \"Only 3 tool calls are executed per model round.\",\n  \"stopCurrentWorkflow\": false,\n  \"retryable\": false,",
          "hardError": null
        },
        {
          "name": "read_file",
          "args": {
            "path": "Source/Project_MJS/Public/Cinematic/CinematicTriggerActor.h"
          },
          "ms": 1,
          "preview": "{\n  \"ok\": false,\n  \"errorCode\": \"PARALLEL_TOOL_BUDGET_EXCEEDED\",\n  \"error\": \"Only 3 tool calls are executed per model round.\",\n  \"stopCurrentWorkflow\": false,\n  \"retryable\": false,",
          "hardError": null
        },
        {
          "name": "read_file",
          "args": {
            "path": "Source/Project_MJS/Public/Cinematic/CinematicInputLockSubsystem.h"
          },
          "ms": 1,
          "preview": "{\n  \"ok\": false,\n  \"errorCode\": \"PARALLEL_TOOL_BUDGET_EXCEEDED\",\n  \"error\": \"Only 3 tool calls are executed per model round.\",\n  \"stopCurrentWorkflow\": false,\n  \"retryable\": false,",
          "hardError": null
        },
        {
          "name": "read_file",
          "args": {
            "path": "Source/Project_MJS/Public/Cinematic/CinematicParticipant.h"
          },
          "ms": 153,
          "preview": "[path-metadata: {\"resolvedRootType\":\"active_project\",\"projectRelativePath\":\"Source/Project_MJS/Public/Cinematic/CinematicParticipant.h\",\"workspaceRelativePath\":\"Source/Project_MJS/",
          "hardError": null
        },
        {
          "name": "read_file",
          "args": {
            "path": "Source/Project_MJS/Public/Cinematic/CinematicTriggerActor.h"
          },
          "ms": 151,
          "preview": "[path-metadata: {\"resolvedRootType\":\"active_project\",\"projectRelativePath\":\"Source/Project_MJS/Public/Cinematic/CinematicTriggerActor.h\",\"workspaceRelativePath\":\"Source/Project_MJS",
          "hardError": null
        },
        {
          "name": "read_file",
          "args": {
            "path": "Source/Project_MJS/Public/Cinematic/CinematicInputLockSubsystem.h"
          },
          "ms": 150,
          "preview": "[path-metadata: {\"resolvedRootType\":\"active_project\",\"projectRelativePath\":\"Source/Project_MJS/Public/Cinematic/CinematicInputLockSubsystem.h\",\"workspaceRelativePath\":\"Source/Proje",
          "hardError": null
        },
        {
          "name": "read_file",
          "args": {
            "path": "Source/Project_MJS/Private/Cinematic/CinematicDirectorSubsystem.cpp"
          },
          "ms": 154,
          "preview": "[path-metadata: {\"resolvedRootType\":\"active_project\",\"projectRelativePath\":\"Source/Project_MJS/Private/Cinematic/CinematicDirectorSubsystem.cpp\",\"workspaceRelativePath\":\"Source/Pro",
          "hardError": null
        },
        {
          "name": "read_file",
          "args": {
            "path": "Source/Project_MJS/Private/Cinematic/CinematicTriggerActor.cpp"
          },
          "ms": 151,
          "preview": "[path-metadata: {\"resolvedRootType\":\"active_project\",\"projectRelativePath\":\"Source/Project_MJS/Private/Cinematic/CinematicTriggerActor.cpp\",\"workspaceRelativePath\":\"Source/Project_",
          "hardError": null
        },
        {
          "name": "search_files",
          "args": {
            "query": "ICinematicParticipant::OnCinematicStarted_Implementation",
            "path": "Source/Project_MJS"
          },
          "ms": 221,
          "preview": "{\n  \"path\": {\n    \"resolvedRootType\": \"active_project\",\n    \"projectRelativePath\": \"Source/Project_MJS\",\n    \"workspaceRelativePath\": \"Source/Project_MJS\",\n    \"absolutePath\": \"C:\\",
          "hardError": null
        }
      ],
      "listDirectory": 0,
      "listBlocked": 0
    },
    {
      "turnIndex": 4,
      "prompt": "플레이어 관련해서 구현된것들  더 구체적으로 알려줘.",
      "ms": 163628,
      "chars": 7252,
      "preview": "Now I have enough to give a concrete, file-based summary of what’s implemented for the player. I’ll organize by: - PlayerCharacter core (movement, input routing, damage handling) - Attack system (combo, hit detection, knockback/damage) - Dodge system (normal dodge, just-dodge, co",
      "toolCalls": [
        {
          "name": "read_file",
          "args": {
            "path": "Source/Project_MJS/Public/Character/Player/CPlayerCharacter.h",
            "detailLevel": "large"
          },
          "ms": 152,
          "preview": "[path-metadata: {\"resolvedRootType\":\"active_project\",\"projectRelativePath\":\"Source/Project_MJS/Public/Character/Player/CPlayerCharacter.h\",\"workspaceRelativePath\":\"Source/Project_M",
          "hardError": null
        },
        {
          "name": "read_file",
          "args": {
            "path": "Source/Project_MJS/Private/Character/Player/CPlayerCharacter.cpp",
            "detailLevel": "large"
          },
          "ms": 226,
          "preview": "[path-metadata: {\"resolvedRootType\":\"active_project\",\"projectRelativePath\":\"Source/Project_MJS/Private/Character/Player/CPlayerCharacter.cpp\",\"workspaceRelativePath\":\"Source/Projec",
          "hardError": null
        },
        {
          "name": "read_file",
          "args": {
            "path": "Source/Project_MJS/Public/Character/Player/Component/AttackComponent.h",
            "detailLevel": "large"
          },
          "ms": 149,
          "preview": "[path-metadata: {\"resolvedRootType\":\"active_project\",\"projectRelativePath\":\"Source/Project_MJS/Public/Character/Player/Component/AttackComponent.h\",\"workspaceRelativePath\":\"Source/",
          "hardError": null
        },
        {
          "name": "read_file",
          "args": {
            "path": "Source/Project_MJS/Private/Character/Player/Component/AttackComponent.cpp",
            "detailLevel": "large"
          },
          "ms": 0,
          "preview": "{\n  \"ok\": false,\n  \"errorCode\": \"PARALLEL_TOOL_BUDGET_EXCEEDED\",\n  \"error\": \"Only 3 tool calls are executed per model round.\",\n  \"stopCurrentWorkflow\": false,\n  \"retryable\": false,",
          "hardError": null
        },
        {
          "name": "read_file",
          "args": {
            "path": "Source/Project_MJS/Private/Character/Player/Component/AttackComponent.cpp",
            "detailLevel": "large"
          },
          "ms": 153,
          "preview": "[path-metadata: {\"resolvedRootType\":\"active_project\",\"projectRelativePath\":\"Source/Project_MJS/Private/Character/Player/Component/AttackComponent.cpp\",\"workspaceRelativePath\":\"Sour",
          "hardError": null
        },
        {
          "name": "read_file",
          "args": {
            "path": "Source/Project_MJS/Public/Character/Player/Component/DodgeComponent.h",
            "detailLevel": "large"
          },
          "ms": 150,
          "preview": "[path-metadata: {\"resolvedRootType\":\"active_project\",\"projectRelativePath\":\"Source/Project_MJS/Public/Character/Player/Component/DodgeComponent.h\",\"workspaceRelativePath\":\"Source/P",
          "hardError": null
        },
        {
          "name": "read_file",
          "args": {
            "path": "Source/Project_MJS/Public/Character/Player/Component/SkillComponent.h",
            "detailLevel": "large"
          },
          "ms": 281,
          "preview": "[path-metadata: {\"resolvedRootType\":\"active_project\",\"projectRelativePath\":\"Source/Project_MJS/Public/Character/Player/Component/SkillComponent.h\",\"workspaceRelativePath\":\"Source/P",
          "hardError": null
        }
      ],
      "listDirectory": 0,
      "listBlocked": 0
    },
    {
      "turnIndex": 5,
      "prompt": "적 캐릭터 관련해서 구현된것들 더 구체적으로 알려줘.",
      "ms": 297652,
      "chars": 9307,
      "preview": "Now I have all the key enemy-related source files: EnemyCharacter, EnemyFSMComponent, EnemyActionDataAsset, AnimNotify_ChangeFSMState, GroupCombatSubsystem. I can now give a precise, concrete summary of what’s implemented for enemies in this project, based strictly on these files",
      "toolCalls": [
        {
          "name": "get_active_project",
          "args": {},
          "ms": 277,
          "preview": "{\n  \"activeProject\": \"C:\\\\Users\\\\sster\\\\Documents\\\\Git\\\\Project_MJS\\\\Project_MJS.uproject\",\n  \"details\": {\n    \"projectPath\": \"C:\\\\Users\\\\sster\\\\Documents\\\\Git\\\\Project_MJS\\\\Projec",
          "hardError": null
        },
        {
          "name": "read_file",
          "args": {
            "path": "Source/Project_MJS/Public/Character/Enemy/EnemyCharacter.h",
            "detailLevel": "large"
          },
          "ms": 177,
          "preview": "[path-metadata: {\"resolvedRootType\":\"active_project\",\"projectRelativePath\":\"Source/Project_MJS/Public/Character/Enemy/EnemyCharacter.h\",\"workspaceRelativePath\":\"Source/Project_MJS/",
          "hardError": null
        },
        {
          "name": "read_file",
          "args": {
            "path": "Source/Project_MJS/Private/Character/Enemy/EnemyCharacter.cpp",
            "detailLevel": "large"
          },
          "ms": 254,
          "preview": "[path-metadata: {\"resolvedRootType\":\"active_project\",\"projectRelativePath\":\"Source/Project_MJS/Private/Character/Enemy/EnemyCharacter.cpp\",\"workspaceRelativePath\":\"Source/Project_M",
          "hardError": null
        },
        {
          "name": "search_files",
          "args": {
            "query": "EnemyFSMComponent.h",
            "path": "Source/Project_MJS/Public",
            "matchFileNames": true
          },
          "ms": 277,
          "preview": "{\n  \"path\": {\n    \"resolvedRootType\": \"active_project\",\n    \"projectRelativePath\": \"Source/Project_MJS/Public\",\n    \"workspaceRelativePath\": \"Source/Project_MJS/Public\",\n    \"absol",
          "hardError": null
        },
        {
          "name": "read_file",
          "args": {
            "path": "Source/Project_MJS/Public/Character/Enemy/EnemyFSMComponent.h",
            "detailLevel": "large"
          },
          "ms": 170,
          "preview": "[path-metadata: {\"resolvedRootType\":\"active_project\",\"projectRelativePath\":\"Source/Project_MJS/Public/Character/Enemy/EnemyFSMComponent.h\",\"workspaceRelativePath\":\"Source/Project_M",
          "hardError": null
        },
        {
          "name": "read_file",
          "args": {
            "path": "Source/Project_MJS/Private/Character/Enemy/EnemyFSMComponent.cpp",
            "detailLevel": "large"
          },
          "ms": 171,
          "preview": "[path-metadata: {\"resolvedRootType\":\"active_project\",\"projectRelativePath\":\"Source/Project_MJS/Private/Character/Enemy/EnemyFSMComponent.cpp\",\"workspaceRelativePath\":\"Source/Projec",
          "hardError": null
        },
        {
          "name": "search_files",
          "args": {
            "query": "EnemyActionDataAsset.h",
            "path": "Source/Project_MJS/Public",
            "matchFileNames": true
          },
          "ms": 223,
          "preview": "{\n  \"path\": {\n    \"resolvedRootType\": \"active_project\",\n    \"projectRelativePath\": \"Source/Project_MJS/Public\",\n    \"workspaceRelativePath\": \"Source/Project_MJS/Public\",\n    \"absol",
          "hardError": null
        },
        {
          "name": "read_file",
          "args": {
            "path": "Source/Project_MJS/Public/Character/Enemy/EnemyActionDataAsset.h",
            "detailLevel": "large"
          },
          "ms": 172,
          "preview": "[path-metadata: {\"resolvedRootType\":\"active_project\",\"projectRelativePath\":\"Source/Project_MJS/Public/Character/Enemy/EnemyActionDataAsset.h\",\"workspaceRelativePath\":\"Source/Projec",
          "hardError": null
        },
        {
          "name": "read_file",
          "args": {
            "path": "Source/Project_MJS/Public/Character/Enemy/AnimNotify_ChangeFSMState.h",
            "detailLevel": "large"
          },
          "ms": 254,
          "preview": "[path-metadata: {\"resolvedRootType\":\"active_project\",\"projectRelativePath\":\"Source/Project_MJS/Public/Character/Enemy/AnimNotify_ChangeFSMState.h\",\"workspaceRelativePath\":\"Source/P",
          "hardError": null
        },
        {
          "name": "search_files",
          "args": {
            "query": "GroupCombatSubsystem.h",
            "path": "Source/Project_MJS/Public",
            "matchFileNames": true
          },
          "ms": 218,
          "preview": "{\n  \"path\": {\n    \"resolvedRootType\": \"active_project\",\n    \"projectRelativePath\": \"Source/Project_MJS/Public\",\n    \"workspaceRelativePath\": \"Source/Project_MJS/Public\",\n    \"absol",
          "hardError": null
        },
        {
          "name": "read_file",
          "args": {
            "path": "Source/Project_MJS/Public/Character/Enemy/GroupCombatSubsystem.h",
            "detailLevel": "large"
          },
          "ms": 211,
          "preview": "[path-metadata: {\"resolvedRootType\":\"active_project\",\"projectRelativePath\":\"Source/Project_MJS/Public/Character/Enemy/GroupCombatSubsystem.h\",\"workspaceRelativePath\":\"Source/Projec",
          "hardError": null
        },
        {
          "name": "read_file",
          "args": {
            "path": "Source/Project_MJS/Private/Character/Enemy/GroupCombatSubsystem.cpp",
            "detailLevel": "large"
          },
          "ms": 190,
          "preview": "[path-metadata: {\"resolvedRootType\":\"active_project\",\"projectRelativePath\":\"Source/Project_MJS/Private/Character/Enemy/GroupCombatSubsystem.cpp\",\"workspaceRelativePath\":\"Source/Pro",
          "hardError": null
        }
      ],
      "listDirectory": 0,
      "listBlocked": 0
    },
    {
      "turnIndex": 6,
      "prompt": "서브시스템들의 대해서 구현된것들 더 구체적으로 알려줘.",
      "ms": 209125,
      "chars": 8635,
      "preview": "Now I have: - USoundManagerSubsystem (GameInstanceSubsystem) – fully read. - UCombatTimeDilationSubsystem (WorldSubsystem) – fully read. - UCinematicDirectorSubsystem header – read. - UCinematicInputLockSubsystem header – read. - UGroupCombatSubsystem header and cpp – partially k",
      "toolCalls": [
        {
          "name": "search_files",
          "args": {
            "query": "Subsystem",
            "path": "Source/Project_MJS/Public",
            "matchFileNames": true,
            "maxResults": 60
          },
          "ms": 215,
          "preview": "{\n  \"path\": {\n    \"resolvedRootType\": \"active_project\",\n    \"projectRelativePath\": \"Source/Project_MJS/Public\",\n    \"workspaceRelativePath\": \"Source/Project_MJS/Public\",\n    \"absol",
          "hardError": null
        },
        {
          "name": "read_file",
          "args": {
            "path": "Source/Project_MJS/Public/System/Audio/SoundManagerSubsystem.h",
            "detailLevel": "large"
          },
          "ms": 202,
          "preview": "[path-metadata: {\"resolvedRootType\":\"active_project\",\"projectRelativePath\":\"Source/Project_MJS/Public/System/Audio/SoundManagerSubsystem.h\",\"workspaceRelativePath\":\"Source/Project_",
          "hardError": null
        },
        {
          "name": "read_file",
          "args": {
            "path": "Source/Project_MJS/Public/System/Combat/CombatTimeDilationSubsystem.h",
            "detailLevel": "large"
          },
          "ms": 175,
          "preview": "[path-metadata: {\"resolvedRootType\":\"active_project\",\"projectRelativePath\":\"Source/Project_MJS/Public/System/Combat/CombatTimeDilationSubsystem.h\",\"workspaceRelativePath\":\"Source/P",
          "hardError": null
        },
        {
          "name": "read_file",
          "args": {
            "path": "Source/Project_MJS/Public/Cinematic/CinematicDirectorSubsystem.h",
            "detailLevel": "large"
          },
          "ms": 186,
          "preview": "[path-metadata: {\"resolvedRootType\":\"active_project\",\"projectRelativePath\":\"Source/Project_MJS/Public/Cinematic/CinematicDirectorSubsystem.h\",\"workspaceRelativePath\":\"Source/Projec",
          "hardError": null
        },
        {
          "name": "read_file",
          "args": {
            "path": "Source/Project_MJS/Public/Cinematic/CinematicInputLockSubsystem.h",
            "detailLevel": "large"
          },
          "ms": 0,
          "preview": "{\n  \"ok\": false,\n  \"errorCode\": \"PARALLEL_TOOL_BUDGET_EXCEEDED\",\n  \"error\": \"Only 3 tool calls are executed per model round.\",\n  \"stopCurrentWorkflow\": false,\n  \"retryable\": false,",
          "hardError": null
        },
        {
          "name": "read_file",
          "args": {
            "path": "Source/Project_MJS/Public/System/Debug/DevConsoleSubsystem.h",
            "detailLevel": "large"
          },
          "ms": 0,
          "preview": "{\n  \"ok\": false,\n  \"errorCode\": \"PARALLEL_TOOL_BUDGET_EXCEEDED\",\n  \"error\": \"Only 3 tool calls are executed per model round.\",\n  \"stopCurrentWorkflow\": false,\n  \"retryable\": false,",
          "hardError": null
        },
        {
          "name": "read_file",
          "args": {
            "path": "Source/Project_MJS/Public/Cinematic/CinematicInputLockSubsystem.h",
            "detailLevel": "large"
          },
          "ms": 169,
          "preview": "[path-metadata: {\"resolvedRootType\":\"active_project\",\"projectRelativePath\":\"Source/Project_MJS/Public/Cinematic/CinematicInputLockSubsystem.h\",\"workspaceRelativePath\":\"Source/Proje",
          "hardError": null
        },
        {
          "name": "read_file",
          "args": {
            "path": "Source/Project_MJS/Private/System/Audio/SoundManagerSubsystem.cpp",
            "detailLevel": "large"
          },
          "ms": 174,
          "preview": "[path-metadata: {\"resolvedRootType\":\"active_project\",\"projectRelativePath\":\"Source/Project_MJS/Private/System/Audio/SoundManagerSubsystem.cpp\",\"workspaceRelativePath\":\"Source/Proje",
          "hardError": null
        },
        {
          "name": "read_file",
          "args": {
            "path": "Source/Project_MJS/Private/System/Combat/CombatTimeDilationSubsystem.cpp",
            "detailLevel": "large"
          },
          "ms": 169,
          "preview": "[path-metadata: {\"resolvedRootType\":\"active_project\",\"projectRelativePath\":\"Source/Project_MJS/Private/System/Combat/CombatTimeDilationSubsystem.cpp\",\"workspaceRelativePath\":\"Sourc",
          "hardError": null
        }
      ],
      "listDirectory": 0,
      "listBlocked": 0
    },
    {
      "turnIndex": 7,
      "prompt": "카메라 시스템 관련해서 구현된것들 더 구체적으로 알려줘.",
      "ms": 169663,
      "chars": 6442,
      "preview": "Now I have a clear picture of the camera system implementation in this project. Let me summarize it concretely based on actual code, not assumptions. Key components: - ACameraRigActor - UCameraMoveComponent - UCameraDirectingComponent - AnimNotify_CameraFOV / AnimNotifyState_Came",
      "toolCalls": [
        {
          "name": "get_active_project",
          "args": {},
          "ms": 283,
          "preview": "{\n  \"activeProject\": \"C:\\\\Users\\\\sster\\\\Documents\\\\Git\\\\Project_MJS\\\\Project_MJS.uproject\",\n  \"details\": {\n    \"projectPath\": \"C:\\\\Users\\\\sster\\\\Documents\\\\Git\\\\Project_MJS\\\\Projec",
          "hardError": null
        },
        {
          "name": "search_files",
          "args": {
            "query": "Camera",
            "path": "Source/Project_MJS",
            "matchFileNames": true,
            "maxResults": 100
          },
          "ms": 268,
          "preview": "{\n  \"path\": {\n    \"resolvedRootType\": \"active_project\",\n    \"projectRelativePath\": \"Source/Project_MJS\",\n    \"workspaceRelativePath\": \"Source/Project_MJS\",\n    \"absolutePath\": \"C:\\",
          "hardError": null
        },
        {
          "name": "read_file",
          "args": {
            "path": "Source/Project_MJS/Public/Camera/CameraDirectingComponent.h",
            "detailLevel": "large"
          },
          "ms": 254,
          "preview": "[path-metadata: {\"resolvedRootType\":\"active_project\",\"projectRelativePath\":\"Source/Project_MJS/Public/Camera/CameraDirectingComponent.h\",\"workspaceRelativePath\":\"Source/Project_MJS",
          "hardError": null
        },
        {
          "name": "read_file",
          "args": {
            "path": "Source/Project_MJS/Public/Camera/CameraMoveComponent.h",
            "detailLevel": "large"
          },
          "ms": 173,
          "preview": "[path-metadata: {\"resolvedRootType\":\"active_project\",\"projectRelativePath\":\"Source/Project_MJS/Public/Camera/CameraMoveComponent.h\",\"workspaceRelativePath\":\"Source/Project_MJS/Publ",
          "hardError": null
        },
        {
          "name": "read_file",
          "args": {
            "path": "Source/Project_MJS/Public/Camera/CameraRigActor.h",
            "detailLevel": "large"
          },
          "ms": 179,
          "preview": "[path-metadata: {\"resolvedRootType\":\"active_project\",\"projectRelativePath\":\"Source/Project_MJS/Public/Camera/CameraRigActor.h\",\"workspaceRelativePath\":\"Source/Project_MJS/Public/Ca",
          "hardError": null
        },
        {
          "name": "read_file",
          "args": {
            "path": "Source/Project_MJS/Private/Camera/CameraRigActor.cpp",
            "detailLevel": "large"
          },
          "ms": 318,
          "preview": "[path-metadata: {\"resolvedRootType\":\"active_project\",\"projectRelativePath\":\"Source/Project_MJS/Private/Camera/CameraRigActor.cpp\",\"workspaceRelativePath\":\"Source/Project_MJS/Privat",
          "hardError": null
        },
        {
          "name": "read_file",
          "args": {
            "path": "Source/Project_MJS/Private/Camera/CameraMoveComponent.cpp",
            "detailLevel": "large"
          },
          "ms": 186,
          "preview": "[path-metadata: {\"resolvedRootType\":\"active_project\",\"projectRelativePath\":\"Source/Project_MJS/Private/Camera/CameraMoveComponent.cpp\",\"workspaceRelativePath\":\"Source/Project_MJS/P",
          "hardError": null
        },
        {
          "name": "read_file",
          "args": {
            "path": "Source/Project_MJS/Private/Camera/CameraDirectingComponent.cpp",
            "detailLevel": "large"
          },
          "ms": 181,
          "preview": "[path-metadata: {\"resolvedRootType\":\"active_project\",\"projectRelativePath\":\"Source/Project_MJS/Private/Camera/CameraDirectingComponent.cpp\",\"workspaceRelativePath\":\"Source/Project_",
          "hardError": null
        }
      ],
      "listDirectory": 0,
      "listBlocked": 0
    },
    {
      "turnIndex": 8,
      "prompt": "UI 관련해서 구현된것들 더 구체적으로 알려줘.",
      "ms": 129351,
      "chars": 5789,
      "preview": "I have enough information to give a detailed breakdown of the UI-related implementations in this project based on what I've read so far. Let me summarize concretely by system: - Main Menu UI (MainMenuHUD, MainMenuWidget) - Gameplay HUD / In-game UI (CPlayerHUD, GamePlayWidget, Ta",
      "toolCalls": [
        {
          "name": "search_files",
          "args": {
            "query": "UUserWidget|Slate|UMG|HUD|UI|Menu|WidgetBlueprint|WidgetComponent",
            "path": "project://Source/Project_MJS/Public",
            "regex": true,
            "maxResults": 120
          },
          "ms": 351,
          "preview": "{\n  \"path\": {\n    \"resolvedRootType\": \"active_project\",\n    \"projectRelativePath\": \"Source/Project_MJS/Public\",\n    \"workspaceRelativePath\": \"Source/Project_MJS/Public\",\n    \"absol",
          "hardError": null
        },
        {
          "name": "search_files",
          "args": {
            "query": "UUserWidget|Slate|UMG|HUD|UI|Menu|WidgetBlueprint|WidgetComponent",
            "path": "project://Source/Project_MJS/Private",
            "regex": true,
            "maxResults": 120
          },
          "ms": 256,
          "preview": "{\n  \"path\": {\n    \"resolvedRootType\": \"active_project\",\n    \"projectRelativePath\": \"Source/Project_MJS/Private\",\n    \"workspaceRelativePath\": \"Source/Project_MJS/Private\",\n    \"abs",
          "hardError": null
        },
        {
          "name": "read_file",
          "args": {
            "path": "project://Source/Project_MJS/Public/UI/GamePlayWidget.h",
            "detailLevel": "medium"
          },
          "ms": 169,
          "preview": "[path-metadata: {\"resolvedRootType\":\"active_project\",\"projectRelativePath\":\"Source/Project_MJS/Public/UI/GamePlayWidget.h\",\"workspaceRelativePath\":\"Source/Project_MJS/Public/UI/Gam",
          "hardError": null
        },
        {
          "name": "read_file",
          "args": {
            "path": "project://Source/Project_MJS/Public/UI/MainMenuHUD.h",
            "detailLevel": "medium"
          },
          "ms": 256,
          "preview": "[path-metadata: {\"resolvedRootType\":\"active_project\",\"projectRelativePath\":\"Source/Project_MJS/Public/UI/MainMenuHUD.h\",\"workspaceRelativePath\":\"Source/Project_MJS/Public/UI/MainMe",
          "hardError": null
        },
        {
          "name": "read_file",
          "args": {
            "path": "project://Source/Project_MJS/Public/UI/MainMenuWidget.h",
            "detailLevel": "medium"
          },
          "ms": 172,
          "preview": "[path-metadata: {\"resolvedRootType\":\"active_project\",\"projectRelativePath\":\"Source/Project_MJS/Public/UI/MainMenuWidget.h\",\"workspaceRelativePath\":\"Source/Project_MJS/Public/UI/Mai",
          "hardError": null
        },
        {
          "name": "read_file",
          "args": {
            "path": "project://Source/Project_MJS/Public/Character/Player/CPlayerHUD.h",
            "detailLevel": "medium"
          },
          "ms": 1,
          "preview": "{\n  \"ok\": false,\n  \"errorCode\": \"PARALLEL_TOOL_BUDGET_EXCEEDED\",\n  \"error\": \"Only 3 tool calls are executed per model round.\",\n  \"stopCurrentWorkflow\": false,\n  \"retryable\": false,",
          "hardError": null
        },
        {
          "name": "read_file",
          "args": {
            "path": "project://Source/Project_MJS/Public/System/Debug/DevConsoleWidgetBase.h",
            "detailLevel": "medium"
          },
          "ms": 0,
          "preview": "{\n  \"ok\": false,\n  \"errorCode\": \"PARALLEL_TOOL_BUDGET_EXCEEDED\",\n  \"error\": \"Only 3 tool calls are executed per model round.\",\n  \"stopCurrentWorkflow\": false,\n  \"retryable\": false,",
          "hardError": null
        }
      ],
      "listDirectory": 0,
      "listBlocked": 0
    },
    {
      "turnIndex": 9,
      "prompt": "플러그인 쪽을 모두 분석해봐.",
      "ms": 280095,
      "chars": 481,
      "preview": "Now I have a good picture of TrueSyncRuntimeLoading. Next I’ll read: - LmStudioGraphExporter module header to understand its editor-time export behavior. - TrueSyncEndfieldShadingSceneViewExtension.cpp (key rendering logic). I’m limited to 3 calls this turn, so I’ll do those two ",
      "toolCalls": [
        {
          "name": "get_active_project",
          "args": {},
          "ms": 197,
          "preview": "{\n  \"activeProject\": \"C:\\\\Users\\\\sster\\\\Documents\\\\Git\\\\Project_MJS\\\\Project_MJS.uproject\",\n  \"details\": {\n    \"projectPath\": \"C:\\\\Users\\\\sster\\\\Documents\\\\Git\\\\Project_MJS\\\\Projec",
          "hardError": null
        },
        {
          "name": "list_directory",
          "args": {
            "path": "Plugins",
            "maxDepth": 4,
            "maxEntries": 200
          },
          "ms": 187,
          "preview": "{\n  \"path\": {\n    \"resolvedRootType\": \"active_project\",\n    \"projectRelativePath\": \"Plugins\",\n    \"workspaceRelativePath\": \"Plugins\",\n    \"absolutePath\": \"C:\\\\Users\\\\sster\\\\Documen",
          "hardError": null
        },
        {
          "name": "list_directory",
          "args": {
            "path": "Plugins/FMODStudio",
            "maxDepth": 4,
            "maxEntries": 200
          },
          "ms": 180,
          "preview": "{\n  \"path\": {\n    \"resolvedRootType\": \"active_project\",\n    \"projectRelativePath\": \"Plugins/FMODStudio\",\n    \"workspaceRelativePath\": \"Plugins/FMODStudio\",\n    \"absolutePath\": \"C:\\",
          "hardError": null
        },
        {
          "name": "list_directory",
          "args": {
            "path": "Plugins/FMODStudioNiagara",
            "maxDepth": 4,
            "maxEntries": 200
          },
          "ms": 173,
          "preview": "{\n  \"path\": {\n    \"resolvedRootType\": \"active_project\",\n    \"projectRelativePath\": \"Plugins/FMODStudioNiagara\",\n    \"workspaceRelativePath\": \"Plugins/FMODStudioNiagara\",\n    \"absol",
          "hardError": null
        },
        {
          "name": "list_directory",
          "args": {
            "path": "Plugins/LmStudioGraphExporter",
            "maxDepth": 4,
            "maxEntries": 200
          },
          "ms": 262,
          "preview": "{\n  \"path\": {\n    \"resolvedRootType\": \"active_project\",\n    \"projectRelativePath\": \"Plugins/LmStudioGraphExporter\",\n    \"workspaceRelativePath\": \"Plugins/LmStudioGraphExporter\",\n  ",
          "hardError": null
        },
        {
          "name": "list_directory",
          "args": {
            "path": "Plugins/TrueSyncEndfieldShading",
            "maxDepth": 4,
            "maxEntries": 200
          },
          "ms": 259,
          "preview": "{\n  \"path\": {\n    \"resolvedRootType\": \"active_project\",\n    \"projectRelativePath\": \"Plugins/TrueSyncEndfieldShading\",\n    \"workspaceRelativePath\": \"Plugins/TrueSyncEndfieldShading\"",
          "hardError": null
        },
        {
          "name": "list_directory",
          "args": {
            "path": "Plugins/TrueSyncRuntimeLoading",
            "maxDepth": 4,
            "maxEntries": 200
          },
          "ms": 177,
          "preview": "{\n  \"path\": {\n    \"resolvedRootType\": \"active_project\",\n    \"projectRelativePath\": \"Plugins/TrueSyncRuntimeLoading\",\n    \"workspaceRelativePath\": \"Plugins/TrueSyncRuntimeLoading\",\n",
          "hardError": null
        },
        {
          "name": "read_file",
          "args": {
            "path": "Plugins/FMODStudio/FMODStudio.uplugin",
            "detailLevel": "medium"
          },
          "ms": 188,
          "preview": "[path-metadata: {\"resolvedRootType\":\"active_project\",\"projectRelativePath\":\"Plugins/FMODStudio/FMODStudio.uplugin\",\"workspaceRelativePath\":\"Plugins/FMODStudio/FMODStudio.uplugin\",\"",
          "hardError": null
        },
        {
          "name": "read_file",
          "args": {
            "path": "Plugins/FMODStudioNiagara/FMODStudioNiagara.uplugin",
            "detailLevel": "medium"
          },
          "ms": 191,
          "preview": "[path-metadata: {\"resolvedRootType\":\"active_project\",\"projectRelativePath\":\"Plugins/FMODStudioNiagara/FMODStudioNiagara.uplugin\",\"workspaceRelativePath\":\"Plugins/FMODStudioNiagara/",
          "hardError": null
        },
        {
          "name": "read_file",
          "args": {
            "path": "Plugins/LmStudioGraphExporter/LmStudioGraphExporter.uplugin",
            "detailLevel": "medium"
          },
          "ms": 180,
          "preview": "[path-metadata: {\"resolvedRootType\":\"active_project\",\"projectRelativePath\":\"Plugins/LmStudioGraphExporter/LmStudioGraphExporter.uplugin\",\"workspaceRelativePath\":\"Plugins/LmStudioGr",
          "hardError": null
        },
        {
          "name": "read_file",
          "args": {
            "path": "Plugins/TrueSyncEndfieldShading/TrueSyncEndfieldShading.uplugin",
            "detailLevel": "medium"
          },
          "ms": 186,
          "preview": "[path-metadata: {\"resolvedRootType\":\"active_project\",\"projectRelativePath\":\"Plugins/TrueSyncEndfieldShading/TrueSyncEndfieldShading.uplugin\",\"workspaceRelativePath\":\"Plugins/TrueSy",
          "hardError": null
        },
        {
          "name": "read_file",
          "args": {
            "path": "Plugins/TrueSyncRuntimeLoading/TrueSyncRuntimeLoading.uplugin",
            "detailLevel": "medium"
          },
          "ms": 168,
          "preview": "[path-metadata: {\"resolvedRootType\":\"active_project\",\"projectRelativePath\":\"Plugins/TrueSyncRuntimeLoading/TrueSyncRuntimeLoading.uplugin\",\"workspaceRelativePath\":\"Plugins/TrueSync",
          "hardError": null
        },
        {
          "name": "list_directory",
          "args": {
            "path": "Plugins/LmStudioGraphExporter/Source",
            "maxDepth": 4,
            "maxEntries": 200
          },
          "ms": 0,
          "preview": "{\n  \"ok\": false,\n  \"errorCode\": \"LIST_DIRECTORY_BUDGET_EXCEEDED\",\n  \"error\": \"list_directory budget exceeded (6/turn).\",\n  \"stopCurrentWorkflow\": false,\n  \"retryable\": false,\n  \"ag",
          "hardError": null
        },
        {
          "name": "list_directory",
          "args": {
            "path": "Plugins/TrueSyncEndfieldShading/Source",
            "maxDepth": 4,
            "maxEntries": 200
          },
          "ms": 1,
          "preview": "{\n  \"ok\": false,\n  \"errorCode\": \"LIST_DIRECTORY_BUDGET_EXCEEDED\",\n  \"error\": \"list_directory budget exceeded (6/turn).\",\n  \"stopCurrentWorkflow\": false,\n  \"retryable\": false,\n  \"ag",
          "hardError": null
        },
        {
          "name": "list_directory",
          "args": {
            "path": "Plugins/TrueSyncRuntimeLoading/Source",
            "maxDepth": 4,
            "maxEntries": 200
          },
          "ms": 1,
          "preview": "{\n  \"ok\": false,\n  \"errorCode\": \"LIST_DIRECTORY_BUDGET_EXCEEDED\",\n  \"error\": \"list_directory budget exceeded (6/turn).\",\n  \"stopCurrentWorkflow\": false,\n  \"retryable\": false,\n  \"ag",
          "hardError": null
        },
        {
          "name": "search_files",
          "args": {
            "query": "\\.Build\\.cs$",
            "path": "Plugins",
            "regex": true,
            "maxResults": 50
          },
          "ms": 841,
          "preview": "{\n  \"path\": {\n    \"resolvedRootType\": \"active_project\",\n    \"projectRelativePath\": \"Plugins\",\n    \"workspaceRelativePath\": \"Plugins\",\n    \"absolutePath\": \"C:\\\\Users\\\\sster\\\\Documen",
          "hardError": null
        },
        {
          "name": "read_file",
          "args": {
            "path": "Plugins/LmStudioGraphExporter/Source/LmStudioGraphExporter/LmStudioGraphExporter.Build.cs",
            "detailLevel": "medium"
          },
          "ms": 173,
          "preview": "[path-metadata: {\"resolvedRootType\":\"active_project\",\"projectRelativePath\":\"Plugins/LmStudioGraphExporter/Source/LmStudioGraphExporter/LmStudioGraphExporter.Build.cs\",\"workspaceRel",
          "hardError": null
        },
        {
          "name": "read_file",
          "args": {
            "path": "Plugins/TrueSyncRuntimeLoading/Source/TrueSyncRuntimeLoading/Public/TrueSyncRuntimeLoading.h",
            "detailLevel": "medium"
          },
          "ms": 170,
          "preview": "{\n  \"summary\": \"ERROR — not found: Plugins/TrueSyncRuntimeLoading/Source/TrueSyncRuntimeLoading/Public/TrueSyncRuntimeLoading.h\",\n  \"ok\": false,\n  \"error\": \"not found: Plugins/True",
          "hardError": null
        },
        {
          "name": "read_file",
          "args": {
            "path": "Plugins/TrueSyncEndfieldShading/Source/TrueSyncEndfieldShading/Public/TrueSyncEndfieldShading.h",
            "detailLevel": "medium"
          },
          "ms": 261,
          "preview": "{\n  \"summary\": \"ERROR — not found: Plugins/TrueSyncEndfieldShading/Source/TrueSyncEndfieldShading/Public/TrueSyncEndfieldShading.h\",\n  \"ok\": false,\n  \"error\": \"not found: Plugins/T",
          "hardError": null
        },
        {
          "name": "search_files",
          "args": {
            "query": "TrueSyncRuntimeLoading.h",
            "path": "Plugins/TrueSyncRuntimeLoading",
            "matchFileNames": true,
            "maxResults": 20
          },
          "ms": 181,
          "preview": "{\n  \"path\": {\n    \"resolvedRootType\": \"active_project\",\n    \"projectRelativePath\": \"Plugins/TrueSyncRuntimeLoading\",\n    \"workspaceRelativePath\": \"Plugins/TrueSyncRuntimeLoading\",\n",
          "hardError": null
        },
        {
          "name": "search_files",
          "args": {
            "query": "TrueSyncEndfieldShading.h",
            "path": "Plugins/TrueSyncEndfieldShading",
            "matchFileNames": true,
            "maxResults": 20
          },
          "ms": 190,
          "preview": "{\n  \"path\": {\n    \"resolvedRootType\": \"active_project\",\n    \"projectRelativePath\": \"Plugins/TrueSyncEndfieldShading\",\n    \"workspaceRelativePath\": \"Plugins/TrueSyncEndfieldShading\"",
          "hardError": null
        },
        {
          "name": "search_files",
          "args": {
            "query": "TrueSyncRuntimeLoading",
            "path": "Plugins/TrueSyncRuntimeLoading",
            "maxResults": 40
          },
          "ms": 338,
          "preview": "{\n  \"path\": {\n    \"resolvedRootType\": \"active_project\",\n    \"projectRelativePath\": \"Plugins/TrueSyncRuntimeLoading\",\n    \"workspaceRelativePath\": \"Plugins/TrueSyncRuntimeLoading\",\n",
          "hardError": null
        },
        {
          "name": "read_file",
          "args": {
            "path": "Plugins/TrueSyncRuntimeLoading/Source/TrueSyncRuntimeLoading/TrueSyncRuntimeLoading.Build.cs",
            "detailLevel": "medium"
          },
          "ms": 248,
          "preview": "[path-metadata: {\"resolvedRootType\":\"active_project\",\"projectRelativePath\":\"Plugins/TrueSyncRuntimeLoading/Source/TrueSyncRuntimeLoading/TrueSyncRuntimeLoading.Build.cs\",\"workspace",
          "hardError": null
        },
        {
          "name": "read_file",
          "args": {
            "path": "Plugins/TrueSyncRuntimeLoading/Source/TrueSyncRuntimeLoading/Public/TrueSyncLoadingSubsystem.h",
            "detailLevel": "medium"
          },
          "ms": 196,
          "preview": "[path-metadata: {\"resolvedRootType\":\"active_project\",\"projectRelativePath\":\"Plugins/TrueSyncRuntimeLoading/Source/TrueSyncRuntimeLoading/Public/TrueSyncLoadingSubsystem.h\",\"workspa",
          "hardError": null
        },
        {
          "name": "read_file",
          "args": {
            "path": "Plugins/TrueSyncRuntimeLoading/Source/TrueSyncRuntimeLoading/Public/TrueSyncLoadManifest.h",
            "detailLevel": "medium"
          },
          "ms": 176,
          "preview": "[path-metadata: {\"resolvedRootType\":\"active_project\",\"projectRelativePath\":\"Plugins/TrueSyncRuntimeLoading/Source/TrueSyncRuntimeLoading/Public/TrueSyncLoadManifest.h\",\"workspaceRe",
          "hardError": null
        },
        {
          "name": "search_files",
          "args": {
            "query": "LmStudioGraphExporterModule.h",
            "path": "Plugins/LmStudioGraphExporter",
            "matchFileNames": true,
            "maxResults": 10
          },
          "ms": 174,
          "preview": "{\n  \"path\": {\n    \"resolvedRootType\": \"active_project\",\n    \"projectRelativePath\": \"Plugins/LmStudioGraphExporter\",\n    \"workspaceRelativePath\": \"Plugins/LmStudioGraphExporter\",\n  ",
          "hardError": null
        }
      ],
      "listDirectory": 6,
      "listBlocked": 3
    },
    {
      "turnIndex": 10,
      "prompt": "셰이더 플러그인 쪽 더 구체적으로 알려줘.",
      "ms": 192600,
      "chars": 5069,
      "preview": "Now I have enough concrete information about the shader plugin to give a detailed, accurate explanation in Korean. I’ll summarize: - Plugin identity and purpose - How it integrates (SceneViewExtension + RDG post-process) - Zone classification logic (Sky / Character / Environment)",
      "toolCalls": [
        {
          "name": "get_active_project",
          "args": {},
          "ms": 198,
          "preview": "{\n  \"activeProject\": \"C:\\\\Users\\\\sster\\\\Documents\\\\Git\\\\Project_MJS\\\\Project_MJS.uproject\",\n  \"details\": {\n    \"projectPath\": \"C:\\\\Users\\\\sster\\\\Documents\\\\Git\\\\Project_MJS\\\\Projec",
          "hardError": null
        },
        {
          "name": "list_directory",
          "args": {
            "path": "Plugins/TrueSyncEndfieldShading"
          },
          "ms": 171,
          "preview": "{\n  \"path\": {\n    \"resolvedRootType\": \"active_project\",\n    \"projectRelativePath\": \"Plugins/TrueSyncEndfieldShading\",\n    \"workspaceRelativePath\": \"Plugins/TrueSyncEndfieldShading\"",
          "hardError": null
        },
        {
          "name": "read_file",
          "args": {
            "path": "Plugins/TrueSyncEndfieldShading/TrueSyncEndfieldShading.uplugin"
          },
          "ms": 173,
          "preview": "[path-metadata: {\"resolvedRootType\":\"active_project\",\"projectRelativePath\":\"Plugins/TrueSyncEndfieldShading/TrueSyncEndfieldShading.uplugin\",\"workspaceRelativePath\":\"Plugins/TrueSy",
          "hardError": null
        },
        {
          "name": "list_directory",
          "args": {
            "path": "Plugins/TrueSyncEndfieldShading/Shaders"
          },
          "ms": 266,
          "preview": "{\n  \"path\": {\n    \"resolvedRootType\": \"active_project\",\n    \"projectRelativePath\": \"Plugins/TrueSyncEndfieldShading/Shaders\",\n    \"workspaceRelativePath\": \"Plugins/TrueSyncEndfield",
          "hardError": null
        },
        {
          "name": "list_directory",
          "args": {
            "path": "Plugins/TrueSyncEndfieldShading/Source"
          },
          "ms": 171,
          "preview": "{\n  \"path\": {\n    \"resolvedRootType\": \"active_project\",\n    \"projectRelativePath\": \"Plugins/TrueSyncEndfieldShading/Source\",\n    \"workspaceRelativePath\": \"Plugins/TrueSyncEndfieldS",
          "hardError": null
        },
        {
          "name": "list_directory",
          "args": {
            "path": "Plugins/TrueSyncEndfieldShading/Shaders/Public"
          },
          "ms": 178,
          "preview": "{\n  \"path\": {\n    \"resolvedRootType\": \"active_project\",\n    \"projectRelativePath\": \"Plugins/TrueSyncEndfieldShading/Shaders/Public\",\n    \"workspaceRelativePath\": \"Plugins/TrueSyncE",
          "hardError": null
        },
        {
          "name": "list_directory",
          "args": {
            "path": "Plugins/TrueSyncEndfieldShading/Shaders/Private"
          },
          "ms": 204,
          "preview": "{\n  \"path\": {\n    \"resolvedRootType\": \"active_project\",\n    \"projectRelativePath\": \"Plugins/TrueSyncEndfieldShading/Shaders/Private\",\n    \"workspaceRelativePath\": \"Plugins/TrueSync",
          "hardError": null
        },
        {
          "name": "read_file",
          "args": {
            "path": "Plugins/TrueSyncEndfieldShading/Source/TrueSyncEndfieldShading/TrueSyncEndfieldShading.Build.cs"
          },
          "ms": 291,
          "preview": "[path-metadata: {\"resolvedRootType\":\"active_project\",\"projectRelativePath\":\"Plugins/TrueSyncEndfieldShading/Source/TrueSyncEndfieldShading/TrueSyncEndfieldShading.Build.cs\",\"worksp",
          "hardError": null
        },
        {
          "name": "list_directory",
          "args": {
            "path": "Plugins/TrueSyncEndfieldShading/Source/TrueSyncEndfieldShading/Public"
          },
          "ms": 1,
          "preview": "{\n  \"ok\": false,\n  \"errorCode\": \"LIST_DIRECTORY_DEPTH_EXCEEDED\",\n  \"error\": \"list_directory depth 5 exceeds max 4.\",\n  \"stopCurrentWorkflow\": false,\n  \"retryable\": false,\n  \"agentI",
          "hardError": null
        },
        {
          "name": "list_directory",
          "args": {
            "path": "Plugins/TrueSyncEndfieldShading/Source/TrueSyncEndfieldShading/Private"
          },
          "ms": 1,
          "preview": "{\n  \"ok\": false,\n  \"errorCode\": \"LIST_DIRECTORY_DEPTH_EXCEEDED\",\n  \"error\": \"list_directory depth 5 exceeds max 4.\",\n  \"stopCurrentWorkflow\": false,\n  \"retryable\": false,\n  \"agentI",
          "hardError": null
        },
        {
          "name": "search_files",
          "args": {
            "query": ".*\\.h$",
            "path": "Plugins/TrueSyncEndfieldShading/Source/TrueSyncEndfieldShading/Public",
            "matchFileNames": true,
            "maxResults": 30
          },
          "ms": 231,
          "preview": "{\n  \"path\": {\n    \"resolvedRootType\": \"active_project\",\n    \"projectRelativePath\": \"Plugins/TrueSyncEndfieldShading/Source/TrueSyncEndfieldShading/Public\",\n    \"workspaceRelativePa",
          "hardError": null
        },
        {
          "name": "search_files",
          "args": {
            "query": ".*\\.cpp$",
            "path": "Plugins/TrueSyncEndfieldShading/Source/TrueSyncEndfieldShading/Private",
            "matchFileNames": true,
            "maxResults": 30
          },
          "ms": 159,
          "preview": "{\n  \"path\": {\n    \"resolvedRootType\": \"active_project\",\n    \"projectRelativePath\": \"Plugins/TrueSyncEndfieldShading/Source/TrueSyncEndfieldShading/Private\",\n    \"workspaceRelativeP",
          "hardError": null
        },
        {
          "name": "read_file",
          "args": {
            "path": "Plugins/TrueSyncEndfieldShading/Source/TrueSyncEndfieldShading/Public/TrueSyncEndfieldShadingModule.h"
          },
          "ms": 176,
          "preview": "[path-metadata: {\"resolvedRootType\":\"active_project\",\"projectRelativePath\":\"Plugins/TrueSyncEndfieldShading/Source/TrueSyncEndfieldShading/Public/TrueSyncEndfieldShadingModule.h\",\"",
          "hardError": null
        },
        {
          "name": "read_file",
          "args": {
            "path": "Plugins/TrueSyncEndfieldShading/Source/TrueSyncEndfieldShading/Private/TrueSyncEndfieldShadingSceneViewExtension.cpp"
          },
          "ms": 172,
          "preview": "[path-metadata: {\"resolvedRootType\":\"active_project\",\"projectRelativePath\":\"Plugins/TrueSyncEndfieldShading/Source/TrueSyncEndfieldShading/Private/TrueSyncEndfieldShadingSceneViewE",
          "hardError": null
        },
        {
          "name": "read_file",
          "args": {
            "path": "Plugins/TrueSyncEndfieldShading/Shaders/Private/TrueSyncEndfieldComposite.usf",
            "maxBytes": 16384
          },
          "ms": 228,
          "preview": "[path-metadata: {\"resolvedRootType\":\"active_project\",\"projectRelativePath\":\"Plugins/TrueSyncEndfieldShading/Shaders/Private/TrueSyncEndfieldComposite.usf\",\"workspaceRelativePath\":\"",
          "hardError": null
        }
      ],
      "listDirectory": 5,
      "listBlocked": 2
    },
    {
      "turnIndex": 11,
      "prompt": "로딩 플러그인쪽 더 구체적으로 알려줘.",
      "ms": 144250,
      "chars": 5498,
      "preview": "Now I have all the core files for TrueSyncRuntimeLoading: - .uplugin - Build.cs - TrueSyncLoadingSubsystem.h/.cpp - TrueSyncLoadManifest.h - TrueSyncLoadingTypes.h I can now give a precise, concrete explanation of how this loading plugin works in Project_MJS, including: - Its rol",
      "toolCalls": [
        {
          "name": "read_file",
          "args": {
            "path": "Plugins/TrueSyncRuntimeLoading/TrueSyncRuntimeLoading.uplugin",
            "detailLevel": "full"
          },
          "ms": 177,
          "preview": "[path-metadata: {\"resolvedRootType\":\"active_project\",\"projectRelativePath\":\"Plugins/TrueSyncRuntimeLoading/TrueSyncRuntimeLoading.uplugin\",\"workspaceRelativePath\":\"Plugins/TrueSync",
          "hardError": null
        },
        {
          "name": "read_file",
          "args": {
            "path": "Plugins/TrueSyncRuntimeLoading/Source/TrueSyncRuntimeLoading/TrueSyncRuntimeLoading.Build.cs",
            "detailLevel": "full"
          },
          "ms": 167,
          "preview": "[path-metadata: {\"resolvedRootType\":\"active_project\",\"projectRelativePath\":\"Plugins/TrueSyncRuntimeLoading/Source/TrueSyncRuntimeLoading/TrueSyncRuntimeLoading.Build.cs\",\"workspace",
          "hardError": null
        },
        {
          "name": "read_file",
          "args": {
            "path": "Plugins/TrueSyncRuntimeLoading/Source/TrueSyncRuntimeLoading/Public/TrueSyncLoadingSubsystem.h",
            "detailLevel": "full"
          },
          "ms": 250,
          "preview": "[path-metadata: {\"resolvedRootType\":\"active_project\",\"projectRelativePath\":\"Plugins/TrueSyncRuntimeLoading/Source/TrueSyncRuntimeLoading/Public/TrueSyncLoadingSubsystem.h\",\"workspa",
          "hardError": null
        },
        {
          "name": "read_file",
          "args": {
            "path": "Plugins/TrueSyncRuntimeLoading/Source/TrueSyncRuntimeLoading/Private/TrueSyncLoadingSubsystem.cpp",
            "detailLevel": "full"
          },
          "ms": 0,
          "preview": "{\n  \"ok\": false,\n  \"errorCode\": \"PARALLEL_TOOL_BUDGET_EXCEEDED\",\n  \"error\": \"Only 3 tool calls are executed per model round.\",\n  \"stopCurrentWorkflow\": false,\n  \"retryable\": false,",
          "hardError": null
        },
        {
          "name": "read_file",
          "args": {
            "path": "Plugins/TrueSyncRuntimeLoading/Source/TrueSyncRuntimeLoading/Public/TrueSyncLoadManifest.h",
            "detailLevel": "full"
          },
          "ms": 1,
          "preview": "{\n  \"ok\": false,\n  \"errorCode\": \"PARALLEL_TOOL_BUDGET_EXCEEDED\",\n  \"error\": \"Only 3 tool calls are executed per model round.\",\n  \"stopCurrentWorkflow\": false,\n  \"retryable\": false,",
          "hardError": null
        },
        {
          "name": "read_file",
          "args": {
            "path": "Plugins/TrueSyncRuntimeLoading/Source/TrueSyncRuntimeLoading/Private/TrueSyncLoadingSubsystem.cpp",
            "detailLevel": "full"
          },
          "ms": 172,
          "preview": "[path-metadata: {\"resolvedRootType\":\"active_project\",\"projectRelativePath\":\"Plugins/TrueSyncRuntimeLoading/Source/TrueSyncRuntimeLoading/Private/TrueSyncLoadingSubsystem.cpp\",\"work",
          "hardError": null
        },
        {
          "name": "read_file",
          "args": {
            "path": "Plugins/TrueSyncRuntimeLoading/Source/TrueSyncRuntimeLoading/Public/TrueSyncLoadingTypes.h",
            "detailLevel": "full"
          },
          "ms": 188,
          "preview": "[path-metadata: {\"resolvedRootType\":\"active_project\",\"projectRelativePath\":\"Plugins/TrueSyncRuntimeLoading/Source/TrueSyncRuntimeLoading/Public/TrueSyncLoadingTypes.h\",\"workspaceRe",
          "hardError": null
        },
        {
          "name": "read_file",
          "args": {
            "path": "Plugins/TrueSyncRuntimeLoading/Source/TrueSyncRuntimeLoading/Public/TrueSyncLoadManifest.h",
            "detailLevel": "full"
          },
          "ms": 252,
          "preview": "[path-metadata: {\"resolvedRootType\":\"active_project\",\"projectRelativePath\":\"Plugins/TrueSyncRuntimeLoading/Source/TrueSyncRuntimeLoading/Public/TrueSyncLoadManifest.h\",\"workspaceRe",
          "hardError": null
        }
      ],
      "listDirectory": 0,
      "listBlocked": 0
    },
    {
      "turnIndex": 12,
      "prompt": "로딩 플러그인 쪽의 개선 방향 더 구체적으로 알려줘.",
      "ms": 132165,
      "chars": 6244,
      "preview": "Good. Now I have a clear picture of the current loading plugin implementation: - It’s a simple wrapper around StreamableManager with Ticket-based tracking. - Supports: - StartLoad (soft object array) - StartManifestLoad (from UTrueSyncLoadManifest) - GetLoadStatus, CancelLoad, Re",
      "toolCalls": [
        {
          "name": "unreal_get_active_project",
          "args": {},
          "ms": 77,
          "preview": "{\n  \"activeProject\": \"C:\\\\Users\\\\sster\\\\Documents\\\\Git\\\\Project_MJS\\\\Project_MJS.uproject\",\n  \"activeProjectNames\": [\n    \"Project_MJS\"\n  ],\n  \"sharedConfigPath\": \"C:\\\\Users\\\\sster",
          "hardError": null
        },
        {
          "name": "read_file",
          "args": {
            "path": "Plugins/TrueSyncRuntimeLoading/Source/TrueSyncRuntimeLoading/Public/TrueSyncLoadingSubsystem.h",
            "detailLevel": "full"
          },
          "ms": 169,
          "preview": "{\n  \"ok\": true,\n  \"cached\": true,\n  \"evidenceStatus\": \"cached\",\n  \"repeatDetected\": true,\n  \"doNotRepeatRead\": true,\n  \"stopCurrentWorkflow\": false,\n  \"errorCode\": \"READ_REPEAT_DET",
          "hardError": null
        },
        {
          "name": "read_file",
          "args": {
            "path": "Plugins/TrueSyncRuntimeLoading/Source/TrueSyncRuntimeLoading/Public/TrueSyncLoadingTypes.h",
            "detailLevel": "full"
          },
          "ms": 271,
          "preview": "{\n  \"ok\": true,\n  \"cached\": true,\n  \"evidenceStatus\": \"cached\",\n  \"repeatDetected\": true,\n  \"doNotRepeatRead\": true,\n  \"stopCurrentWorkflow\": false,\n  \"errorCode\": \"READ_REPEAT_DET",
          "hardError": null
        },
        {
          "name": "read_file_range",
          "args": {
            "path": "Plugins/TrueSyncRuntimeLoading/Source/TrueSyncRuntimeLoading/Private/TrueSyncLoadingSubsystem.cpp",
            "startLine": 1,
            "endLine": 260,
            "detailLevel": "full"
          },
          "ms": 193,
          "preview": "File: project://Plugins/TrueSyncRuntimeLoading/Source/TrueSyncRuntimeLoading/Private/TrueSyncLoadingSubsystem.cpp\nPath-Metadata: {\"resolvedRootType\":\"active_project\",\"projectRelati",
          "hardError": null
        },
        {
          "name": "read_file",
          "args": {
            "path": "Plugins/TrueSyncRuntimeLoading/Source/TrueSyncRuntimeLoading/Private/TrueSyncRuntimeLoadingModule.cpp",
            "detailLevel": "full"
          },
          "ms": 174,
          "preview": "[path-metadata: {\"resolvedRootType\":\"active_project\",\"projectRelativePath\":\"Plugins/TrueSyncRuntimeLoading/Source/TrueSyncRuntimeLoading/Private/TrueSyncRuntimeLoadingModule.cpp\",\"",
          "hardError": null
        }
      ],
      "listDirectory": 0,
      "listBlocked": 0
    },
    {
      "turnIndex": 13,
      "prompt": "로딩 플러그인 쪽의 개선 계획안만 짜고서 수정은 하지말 것.",
      "ms": 94185,
      "chars": 7248,
      "preview": "The user wants an improvement plan for the loading plugin (TrueSyncRuntimeLoading) only, without modifying files. I already have enough context from previous reads and the project info to outline a concrete, focused plan based on what we know: - It’s a runtime async loading subsy",
      "toolCalls": [
        {
          "name": "get_active_project",
          "args": {},
          "ms": 249,
          "preview": "{\n  \"activeProject\": \"C:\\\\Users\\\\sster\\\\Documents\\\\Git\\\\Project_MJS\\\\Project_MJS.uproject\",\n  \"details\": {\n    \"projectPath\": \"C:\\\\Users\\\\sster\\\\Documents\\\\Git\\\\Project_MJS\\\\Projec",
          "hardError": null
        },
        {
          "name": "read_file",
          "args": {
            "path": "Plugins/TrueSyncRuntimeLoading/Source/TrueSyncRuntimeLoading/TrueSyncRuntimeLoading.Build.cs",
            "detailLevel": "full"
          },
          "ms": 170,
          "preview": "{\n  \"ok\": true,\n  \"cached\": true,\n  \"evidenceStatus\": \"cached\",\n  \"repeatDetected\": true,\n  \"doNotRepeatRead\": true,\n  \"stopCurrentWorkflow\": false,\n  \"errorCode\": \"READ_REPEAT_DET",
          "hardError": null
        },
        {
          "name": "read_file",
          "args": {
            "path": "Plugins/TrueSyncRuntimeLoading/Source/TrueSyncRuntimeLoading/Public/TrueSyncLoadingSubsystem.h",
            "detailLevel": "full"
          },
          "ms": 150,
          "preview": "{\n  \"summary\": \"ERROR — Evidence read stagnating — no new line coverage or soft budget exhausted.\",\n  \"ok\": false,\n  \"error\": \"Evidence read stagnating — no new line coverage or so",
          "hardError": null
        }
      ],
      "listDirectory": 0,
      "listBlocked": 0
    },
    {
      "turnIndex": 14,
      "prompt": "타겟팅 시스템 관련해서 좀더 알고 싶어.",
      "ms": 205209,
      "chars": 5133,
      "preview": "Now I have a clear picture of the targeting system. Let me summarize it in Korean for the user, focusing on: - Overall architecture (UTargetingComponent + interfaces) - Soft/Auto target logic - Hard target logic (local and ranged) - HUD integration - How skills/attacks use target",
      "toolCalls": [
        {
          "name": "unreal_get_active_project",
          "args": {},
          "ms": 69,
          "preview": "{\n  \"activeProject\": \"C:\\\\Users\\\\sster\\\\Documents\\\\Git\\\\Project_MJS\\\\Project_MJS.uproject\",\n  \"activeProjectNames\": [\n    \"Project_MJS\"\n  ],\n  \"sharedConfigPath\": \"C:\\\\Users\\\\sster",
          "hardError": null
        },
        {
          "name": "search_files",
          "args": {
            "query": "Targeting|TargetSystem|TargetSelector|TargetLock|TargetAcquire|TargetPriority",
            "path": "Source/Project_MJS",
            "regex": true,
            "maxResults": 120
          },
          "ms": 247,
          "preview": "{\n  \"path\": {\n    \"resolvedRootType\": \"active_project\",\n    \"projectRelativePath\": \"Source/Project_MJS\",\n    \"workspaceRelativePath\": \"Source/Project_MJS\",\n    \"absolutePath\": \"C:\\",
          "hardError": null
        },
        {
          "name": "read_file",
          "args": {
            "path": "Source/Project_MJS/Public/Character/Player/Component/TargetingComponent.h",
            "detailLevel": "full"
          },
          "ms": 150,
          "preview": "[path-metadata: {\"resolvedRootType\":\"active_project\",\"projectRelativePath\":\"Source/Project_MJS/Public/Character/Player/Component/TargetingComponent.h\",\"workspaceRelativePath\":\"Sour",
          "hardError": null
        },
        {
          "name": "read_file",
          "args": {
            "path": "Source/Project_MJS/Public/Character/Player/Component/TargetingTypes.h",
            "detailLevel": "full"
          },
          "ms": 226,
          "preview": "[path-metadata: {\"resolvedRootType\":\"active_project\",\"projectRelativePath\":\"Source/Project_MJS/Public/Character/Player/Component/TargetingTypes.h\",\"workspaceRelativePath\":\"Source/P",
          "hardError": null
        },
        {
          "name": "read_file_range",
          "args": {
            "path": "Source/Project_MJS/Private/Character/Player/Component/TargetingComponent.cpp",
            "startLine": 1,
            "endLine": 200,
            "detailLevel": "full"
          },
          "ms": 225,
          "preview": "File: project://Source/Project_MJS/Private/Character/Player/Component/TargetingComponent.cpp\nPath-Metadata: {\"resolvedRootType\":\"active_project\",\"projectRelativePath\":\"Source/Proje",
          "hardError": null
        },
        {
          "name": "read_file_range",
          "args": {
            "path": "Source/Project_MJS/Private/Character/Player/Component/TargetingComponent.cpp",
            "startLine": 200,
            "endLine": 420,
            "detailLevel": "full"
          },
          "ms": 155,
          "preview": "File: project://Source/Project_MJS/Private/Character/Player/Component/TargetingComponent.cpp\nPath-Metadata: {\"resolvedRootType\":\"active_project\",\"projectRelativePath\":\"Source/Proje",
          "hardError": null
        },
        {
          "name": "read_file_range",
          "args": {
            "path": "Source/Project_MJS/Private/Character/Player/Component/TargetingComponent.cpp",
            "startLine": 420,
            "endLine": 581,
            "detailLevel": "full"
          },
          "ms": 153,
          "preview": "File: project://Source/Project_MJS/Private/Character/Player/Component/TargetingComponent.cpp\nPath-Metadata: {\"resolvedRootType\":\"active_project\",\"projectRelativePath\":\"Source/Proje",
          "hardError": null
        }
      ],
      "listDirectory": 0,
      "listBlocked": 0
    },
    {
      "turnIndex": 15,
      "prompt": "스킬 시스템은 어떻게 돌아가고 있는거야?",
      "ms": 174141,
      "chars": 5611,
      "preview": "Now I have enough to explain the skill system clearly. I’ll synthesize: - How skills are defined (SkillDataAsset). - How they’re triggered from input via PlayerController/Character. - The role of SkillComponent vs AttackComponent. - How stamina, animation, and cinematics integrat",
      "toolCalls": [
        {
          "name": "unreal_get_active_project",
          "args": {},
          "ms": 76,
          "preview": "{\n  \"activeProject\": \"C:\\\\Users\\\\sster\\\\Documents\\\\Git\\\\Project_MJS\\\\Project_MJS.uproject\",\n  \"activeProjectNames\": [\n    \"Project_MJS\"\n  ],\n  \"sharedConfigPath\": \"C:\\\\Users\\\\sster",
          "hardError": null
        },
        {
          "name": "read_file",
          "args": {
            "path": "Source/Project_MJS/Public/Character/Player/Component/SkillComponent.h",
            "detailLevel": "full"
          },
          "ms": 184,
          "preview": "[path-metadata: {\"resolvedRootType\":\"active_project\",\"projectRelativePath\":\"Source/Project_MJS/Public/Character/Player/Component/SkillComponent.h\",\"workspaceRelativePath\":\"Source/P",
          "hardError": null
        },
        {
          "name": "read_file_range",
          "args": {
            "path": "Source/Project_MJS/Private/Character/Player/Component/SkillComponent.cpp",
            "startLine": 1,
            "endLine": 260,
            "detailLevel": "full"
          },
          "ms": 176,
          "preview": "{\n  \"summary\": \"ERROR — Requested line range is already covered by prior reads.\",\n  \"ok\": false,\n  \"error\": \"Requested line range is already covered by prior reads.\",\n  \"phase\": \"f",
          "hardError": null
        },
        {
          "name": "read_file",
          "args": {
            "path": "Source/Project_MJS/Public/Character/Player/Data/SkillDataAsset.h",
            "detailLevel": "full"
          },
          "ms": 267,
          "preview": "[path-metadata: {\"resolvedRootType\":\"active_project\",\"projectRelativePath\":\"Source/Project_MJS/Public/Character/Player/Data/SkillDataAsset.h\",\"workspaceRelativePath\":\"Source/Projec",
          "hardError": null
        },
        {
          "name": "read_file",
          "args": {
            "path": "Source/Project_MJS/Public/Character/Player/Component/AttackComponent.h",
            "detailLevel": "full"
          },
          "ms": 181,
          "preview": "[path-metadata: {\"resolvedRootType\":\"active_project\",\"projectRelativePath\":\"Source/Project_MJS/Public/Character/Player/Component/AttackComponent.h\",\"workspaceRelativePath\":\"Source/",
          "hardError": null
        },
        {
          "name": "read_file_range",
          "args": {
            "path": "Source/Project_MJS/Private/Character/Player/Component/AttackComponent.cpp",
            "startLine": 1,
            "endLine": 260,
            "detailLevel": "full"
          },
          "ms": 207,
          "preview": "{\n  \"summary\": \"ERROR — Requested line range is already covered by prior reads.\",\n  \"ok\": false,\n  \"error\": \"Requested line range is already covered by prior reads.\",\n  \"phase\": \"f",
          "hardError": null
        },
        {
          "name": "search_files",
          "args": {
            "query": "ActivateSkill|RequestAttack",
            "path": "Source/Project_MJS/Private/Character/Player",
            "regex": true,
            "maxResults": 60
          },
          "ms": 177,
          "preview": "{\n  \"path\": {\n    \"resolvedRootType\": \"active_project\",\n    \"projectRelativePath\": \"Source/Project_MJS/Private/Character/Player\",\n    \"workspaceRelativePath\": \"Source/Project_MJS/P",
          "hardError": null
        }
      ],
      "listDirectory": 0,
      "listBlocked": 0
    },
    {
      "turnIndex": 16,
      "prompt": "게임 인스턴스 확장이 가능하다면 어떻게 할지 수정은 하지말고 말로만 알려줘",
      "ms": 64901,
      "chars": 3969,
      "preview": "Now I have a clear picture: the project already has UProjectGameInstance extending UGameInstance and uses GameInstanceSubsystem (e.g., USoundManagerSubsystem). The user wants to know how to extend the game instance further, without modifying files—just explain options. I’ll outli",
      "toolCalls": [
        {
          "name": "unreal_get_active_project",
          "args": {},
          "ms": 83,
          "preview": "{\n  \"activeProject\": \"C:\\\\Users\\\\sster\\\\Documents\\\\Git\\\\Project_MJS\\\\Project_MJS.uproject\",\n  \"activeProjectNames\": [\n    \"Project_MJS\"\n  ],\n  \"sharedConfigPath\": \"C:\\\\Users\\\\sster",
          "hardError": null
        },
        {
          "name": "search_files",
          "args": {
            "query": "GameInstance|UGameInstance|FGameInstance",
            "path": "Source/Project_MJS",
            "regex": true,
            "maxResults": 60
          },
          "ms": 252,
          "preview": "{\n  \"path\": {\n    \"resolvedRootType\": \"active_project\",\n    \"projectRelativePath\": \"Source/Project_MJS\",\n    \"workspaceRelativePath\": \"Source/Project_MJS\",\n    \"absolutePath\": \"C:\\",
          "hardError": null
        }
      ],
      "listDirectory": 0,
      "listBlocked": 0
    },
    {
      "turnIndex": 17,
      "prompt": "컴뱃 시스템 구조 분석해줘.",
      "ms": 135604,
      "chars": 5742,
      "preview": "I’ve read CombatTimeDilationSubsystem, AttackComponent, SkillComponent headers; DodgeComponent failed due to parallel budget. I’ll continue reading remaining key files in the next rounds: DodgeComponent, TargetingComponent/Types, HealthComponent, EnemyFSMComponent, GroupCombatSub",
      "toolCalls": [
        {
          "name": "get_active_project",
          "args": {},
          "ms": 201,
          "preview": "{\n  \"activeProject\": \"C:\\\\Users\\\\sster\\\\Documents\\\\Git\\\\Project_MJS\\\\Project_MJS.uproject\",\n  \"details\": {\n    \"projectPath\": \"C:\\\\Users\\\\sster\\\\Documents\\\\Git\\\\Project_MJS\\\\Projec",
          "hardError": null
        },
        {
          "name": "list_directory",
          "args": {
            "path": "Source/Project_MJS/Public/System/Combat"
          },
          "ms": 1,
          "preview": "{\n  \"ok\": false,\n  \"errorCode\": \"LIST_DIRECTORY_DEPTH_EXCEEDED\",\n  \"error\": \"list_directory depth 5 exceeds max 4.\",\n  \"stopCurrentWorkflow\": false,\n  \"retryable\": false,\n  \"agentI",
          "hardError": null
        },
        {
          "name": "list_directory",
          "args": {
            "path": "Source/Project_MJS/Private/System/Combat"
          },
          "ms": 1,
          "preview": "{\n  \"ok\": false,\n  \"errorCode\": \"LIST_DIRECTORY_DEPTH_EXCEEDED\",\n  \"error\": \"list_directory depth 5 exceeds max 4.\",\n  \"stopCurrentWorkflow\": false,\n  \"retryable\": false,\n  \"agentI",
          "hardError": null
        },
        {
          "name": "search_files",
          "args": {
            "query": "Combat|Attack|Skill|Targeting|Dodge|Health|GroupCombat",
            "path": "Source/Project_MJS/Public/System/Combat",
            "regex": true,
            "maxResults": 60
          },
          "ms": 187,
          "preview": "{\n  \"path\": {\n    \"resolvedRootType\": \"active_project\",\n    \"projectRelativePath\": \"Source/Project_MJS/Public/System/Combat\",\n    \"workspaceRelativePath\": \"Source/Project_MJS/Publi",
          "hardError": null
        },
        {
          "name": "search_files",
          "args": {
            "query": "Combat|Attack|Skill|Targeting|Dodge|Health|GroupCombat",
            "path": "Source/Project_MJS/Private/System/Combat",
            "regex": true,
            "maxResults": 60
          },
          "ms": 183,
          "preview": "{\n  \"path\": {\n    \"resolvedRootType\": \"active_project\",\n    \"projectRelativePath\": \"Source/Project_MJS/Private/System/Combat\",\n    \"workspaceRelativePath\": \"Source/Project_MJS/Priv",
          "hardError": null
        },
        {
          "name": "read_file",
          "args": {
            "path": "Source/Project_MJS/Public/System/Combat/CombatTimeDilationSubsystem.h"
          },
          "ms": 273,
          "preview": "[path-metadata: {\"resolvedRootType\":\"active_project\",\"projectRelativePath\":\"Source/Project_MJS/Public/System/Combat/CombatTimeDilationSubsystem.h\",\"workspaceRelativePath\":\"Source/P",
          "hardError": null
        },
        {
          "name": "read_file",
          "args": {
            "path": "Source/Project_MJS/Public/Character/Player/Component/AttackComponent.h"
          },
          "ms": 182,
          "preview": "[path-metadata: {\"resolvedRootType\":\"active_project\",\"projectRelativePath\":\"Source/Project_MJS/Public/Character/Player/Component/AttackComponent.h\",\"workspaceRelativePath\":\"Source/",
          "hardError": null
        },
        {
          "name": "read_file",
          "args": {
            "path": "Source/Project_MJS/Public/Character/Player/Component/SkillComponent.h"
          },
          "ms": 182,
          "preview": "[path-metadata: {\"resolvedRootType\":\"active_project\",\"projectRelativePath\":\"Source/Project_MJS/Public/Character/Player/Component/SkillComponent.h\",\"workspaceRelativePath\":\"Source/P",
          "hardError": null
        },
        {
          "name": "read_file",
          "args": {
            "path": "Source/Project_MJS/Public/Character/Player/Component/DodgeComponent.h"
          },
          "ms": 1,
          "preview": "{\n  \"ok\": false,\n  \"errorCode\": \"PARALLEL_TOOL_BUDGET_EXCEEDED\",\n  \"error\": \"Only 3 tool calls are executed per model round.\",\n  \"stopCurrentWorkflow\": false,\n  \"retryable\": false,",
          "hardError": null
        }
      ],
      "listDirectory": 0,
      "listBlocked": 2
    }
  ]
}
EXIT=0 
