Using bundled DotNet SDK version: 10.0 win-x64
Running UnrealBuildTool: dotnet "..\..\Engine\Binaries\DotNET\UnrealBuildTool\UnrealBuildTool.dll" -Mode=ValidatePlatforms -OutputSDKs  -AllPlatforms  -project="C:/Users/sster/Documents/Git/O-Mock/O_Mock.uproject" -log="C:/Users/sster/Documents/Git/O-Mock/Saved/Logs/AutoSDKInfo.txt" -verbose -timestamps
Log file: C:\Users\sster\Documents\Git\O-Mock\Saved\Logs\AutoSDKInfo.txt
##PlatformValidate: Win64 VALID 10.0.22621.0
##PlatformValidate: Mac INVALID 26.1.1
##PlatformValidate: IOS INVALID 26.1.1
##PlatformValidate: Android INVALID r27c
##PlatformValidate: Linux INVALID v26_clang-20.1.8-rockylinux8
##PlatformValidate: LinuxArm64 INVALID <UNKNOWN>
##PlatformValidate: TVOS INVALID 26.1.1
##PlatformValidate: VisionOS INVALID <UNKNOWN>
Unable to find required SDK version 'MainVersion' for platform LinuxArm64. Check your SDK.json files
Unable to find required SDK version 'MainVersion' for platform VisionOS. Check your SDK.json files
Trace written to file C:\Users\sster\AppData\Local\UnrealBuildTool\Trace.uba with size 313b


----- Saved/O_Mock.log -----
2][  0]LogConfig: Set CVar [[r.HeterogeneousVolumes.Shadows.Precision:0]]
[2026.08.03-14.58.00:522][  0]LogConfig: Set CVar [[r.HeterogeneousVolumes.UseExistenceMask:0]]
[2026.08.03-14.58.00:522][  0]LogConfig: Applying CVar settings from Section [FoliageQuality@3] File [Scalability]
[2026.08.03-14.58.00:522][  0]LogConfig: Set CVar [[foliage.DensityScale:1.0]]
[2026.08.03-14.58.00:522][  0]LogConfig: Set CVar [[grass.DensityScale:1.0]]
[2026.08.03-14.58.00:522][  0]LogConfig: CVar [[pcg.Quality:3]] deferred - dummy variable created
[2026.08.03-14.58.00:522][  0]LogConfig: Applying CVar settings from Section [ShadingQuality@3] File [Scalability]
[2026.08.03-14.58.00:522][  0]LogConfig: Set CVar [[r.HairStrands.SkyLighting.IntegrationType:2]]
[2026.08.03-14.58.00:522][  0]LogConfig: Set CVar [[r.HairStrands.SkyAO.SampleCount:4]]
[2026.08.03-14.58.00:522][  0]LogConfig: Set CVar [[r.HairStrands.Visibility.MSAA.SamplePerPixel:4]]
[2026.08.03-14.58.00:522][  0]LogConfig: Set CVar [[r.AnisotropicMaterials:1]]
[2026.08.03-14.58.00:522][  0]LogConfig: Applying CVar settings from Section [LandscapeQuality@3] File [Scalability]
[2026.08.03-14.58.00:523][  0]LogInit: Selected Device Profile: [WindowsEditor]
[2026.08.03-14.58.00:523][  0]LogHAL: Display: Platform has ~ 32 GB [33449082880 / 34359738368 / 32], which maps to Largest [LargestMinGB=32, LargerMinGB=12, DefaultMinGB=8, SmallerMinGB=6, SmallestMinGB=0)
[2026.08.03-14.58.00:523][  0]LogDeviceProfileManager: Going up to parent DeviceProfile [Windows]
[2026.08.03-14.58.00:523][  0]LogDeviceProfileManager: Going up to parent DeviceProfile []
[2026.08.03-14.58.00:523][  0]LogDeviceProfileManager: Pushing Device Profile CVar: [[UI.SlateSDFText.RasterizationMode:Bitmap -> Msdf]]
[2026.08.03-14.58.00:523][  0]LogDeviceProfileManager: Pushing Device Profile CVar: [[UI.SlateSDFText.ResolutionLevel:2 -> 2]]
[2026.08.03-14.58.00:523][  0]LogConfig: Applying CVar settings from Section [ViewDistanceQuality@0] File [Scalability]
[2026.08.03-14.58.00:523][  0]LogConfig: Set CVar [[r.SkeletalMeshLODBias:2]]
[2026.08.03-14.58.00:523][  0]LogConfig: Set CVar [[r.ViewDistanceScale:0.4]]
[2026.08.03-14.58.00:523][  0]LogConfig: Applying CVar settings from Section [AntiAliasingQuality@0] File [Scalability]
[2026.08.03-14.58.00:523][  0]LogConfig: Set CVar [[r.FXAA.Quality:0]]
[2026.08.03-14.58.00:523][  0]LogConfig: Set CVar [[r.TemporalAA.Quality:0]]
[2026.08.03-14.58.00:523][  0]LogConfig: Set CVar [[r.TSR.History.ScreenPercentage:100]]
[2026.08.03-14.58.00:523][  0]LogConfig: Set CVar [[r.TSR.History.UpdateQuality:0]]
[2026.08.03-14.58.00:523][  0]LogConfig: Set CVar [[r.TSR.ShadingRejection.Flickering:0]]
[2026.08.03-14.58.00:523][  0]LogConfig: Set CVar [[r.TSR.RejectionAntiAliasingQuality:0]]
[2026.08.03-14.58.00:523][  0]LogConfig: Set CVar [[r.TSR.ReprojectionField:0]]
[2026.08.03-14.58.00:523][  0]LogConfig: Set CVar [[r.TSR.Resurrection:0]]
[2026.08.03-14.58.00:523][  0]LogConfig: Applying CVar settings from Section [ShadowQuality@2] File [Scalability]
[2026.08.03-14.58.00:523][  0]LogConfig: Set CVar [[r.Shadow.CSM.MaxCascades:4]]
[2026.08.03-14.58.00:523][  0]LogConfig: Set CVar [[r.Shadow.MaxResolution:1024]]
[2026.08.03-14.58.00:523][  0]LogConfig: Set CVar [[r.Shadow.RadiusThreshold:0.04]]
[2026.08.03-14.58.00:523][  0]LogConfig: Set CVar [[r.Shadow.DistanceScale:0.85]]
[2026.08.03-14.58.00:523][  0]LogConfig: Set CVar [[r.Shadow.CSM.TransitionScale:0.8]]
[2026.08.03-14.58.00:523][  0]LogConfig: Set CVar [[r.Shadow.PreShadowResolutionFactor:0.5]]
[2026.08.03-14.58.00:523][  0]LogConfig: Set CVar [[r.VolumetricFog.GridPixelSize:16]]
[2026.08.03-14.58.00:523][  0]LogConfig: Set CVar [[r.VolumetricFog.GridSizeZ:64]]
[2026.08.03-14.58.00:523][  0]LogConfig: Set CVar [[r.Shadow.Virtual.MaxPhysicalPages:2048]]
[2026.08.03-14.58.00:523][  0]LogConfig: Set CVar [[r.Shadow.Virtual.ResolutionLodBiasDirectional:0.0]]
[2026.08.03-14.58.00:523][  0]LogConfig: Set CVar [[r.Shadow.Virtual.ResolutionLodBiasDirectionalMoving:0.0]]
[2026.08.03-14.58.00:523][  0]LogConfig: Set CVar [[r.Shadow.Virtual.SMRT.RayCountLocal:4]]
[2026.08.03-14.58.00:523][  0]LogConfig: Set CVar [[r.Shadow.Virtual.MarkCoarsePagesLocal:2]]
[2026.08.03-14.58.00:523][  0]LogConfig: Set CVar [[r.MegaLights.Volume.GridPixelSize:16]]
[2026.08.03-14.58.00:523][  0]LogConfig: Set CVar [[r.MegaLights.Volume.GridSizeZ:64]]
[2026.08.03-14.58.00:523][  0]LogConfig: Applying CVar settings from Section [GlobalIlluminationQuality@2] File [Scalability]
[2026.08.03-14.58.00:523][  0]LogConfig: Set CVar [[r.AOQuality:1]]
[2026.08.03-14.58.00:523][  0]LogConfig: Set CVar [[r.LumenScene.SurfaceCache.AtlasSize:3584]]
[2026.08.03-14.58.00:523][  0]LogConfig: Set CVar [[r.LumenScene.SurfaceCache.CardMinResolution:4]]
[2026.08.03-14.58.00:523][  0]LogConfig: Set CVar [[r.LumenScene.DirectLighting.MaxLightsPerTile:4]]
[2026.08.03-14.58.00:523][  0]LogConfig: Set CVar [[r.LumenScene.DirectLighting.UpdateFactor:64]]
[2026.08.03-14.58.00:523][  0]LogConfig: Set CVar [[r.LumenScene.Radiosity.UpdateFactor:128]]
[2026.08.03-14.58.00:523][  0]LogConfig: Set CVar [[r.LumenScene.Radiosity.ProbeSpacing:8]]
[2026.08.03-14.58.00:523][  0]LogConfig: Set CVar [[r.LumenScene.Radiosity.HemisphereProbeResolution:3]]
[2026.08.03-14.58.00:523][  0]LogConfig: Set CVar [[r.Lumen.TraceMeshSDFs.Allow:0]]
[2026.08.03-14.58.00:523][  0]LogConfig: Set CVar [[r.Lumen.ScreenProbeGather.RadianceCache.ProbeResolution:16]]
[2026.08.03-14.58.00:523][  0]LogConfig: Set CVar [[r.Lumen.ScreenProbeGather.RadianceCache.NumProbesToTraceBudget:100]]
[2026.08.03-14.58.00:523][  0]LogConfig: Set CVar [[r.Lumen.ScreenProbeGather.DownsampleFactor:32]]
[2026.08.03-14.58.00:523][  0]LogConfig: Set CVar [[r.Lumen.ScreenProbeGather.NumAdaptiveProbes:16]]
[2026.08.03-14.58.00:523][  0]LogConfig: Set CVar [[r.Lumen.ScreenProbeGather.IrradianceFormat:1]]
[2026.08.03-14.58.00:523][  0]LogConfig: Set CVar [[r.Lumen.ScreenProbeGather.StochasticInterpolation:1]]
[2026.08.03-14.58.00:523][  0]LogConfig: Set CVar [[r.Lumen.ScreenProbeGather.TwoSidedFoliageBackfaceDiffuse:0]]
[2026.08.03-14.58.00:523][  0]LogConfig: Set CVar [[r.Lumen.ScreenProbeGather.ShortRangeAO.DownsampleFactor:2]]
[2026.08.03-14.58.00:523][  0]LogConfig: Set CVar [[r.Lumen.ScreenProbeGather.ShortRangeAO.BentNormal:0]]
[2026.08.03-14.58.00:523][  0]LogConfig: Set CVar [[r.Lumen.ScreenProbeGather.ShortRangeAO.HorizonSearch.HZB:1]]
[2026.08.03-14.58.00:523][  0]LogConfig: Set CVar [[r.Lumen.ScreenProbeGather.ShortRangeAO.HorizonSearch.ForegroundSampleRejectPower:1.5]]
[2026.08.03-14.58.00:523][  0]LogConfig: Set CVar [[r.Lumen.TranslucencyVolume.GridPixelSize:64]]
[2026.08.03-14.58.00:523][  0]LogConfig: Set CVar [[r.Lumen.TranslucencyVolume.TraceFromVolume:0]]
[2026.08.03-14.58.00:523][  0]LogConfig: Set CVar [[r.Lumen.TranslucencyVolume.RadianceCache.NumProbesToTraceBudget:70]]
[2026.08.03-14.58.00:523][  0]LogConfig: Set CVar [[r.Lumen.HardwareRayTracing.HitLighting.Allowed:0]]
[2026.08.03-14.58.00:523][  0]LogConfig: Set CVar [[r.RayTracing.Scene.BuildMode:0]]
[2026.08.03-14.58.00:523][  0]LogConfig: Applying CVar settings from Section [ReflectionQuality@2] File [Scalability]
[2026.08.03-14.58.00:523][  0]LogConfig: Set CVar [[r.SSR.Quality:2]]
[2026.08.03-14.58.00:523][  0]LogConfig: Set CVar [[r.SSR.HalfResSceneColor:1]]
[2026.08.03-14.58.00:523][  0]LogConfig: Set CVar [[r.Lumen.Reflections.DownsampleFactor:2]]
[2026.08.03-14.58.00:523][  0]LogConfig: Set CVar [[r.Lumen.Reflections.MaxRoughnessToTraceForFoliage:0.2]]
[2026.08.03-14.58.00:523][  0]LogConfig: Set CVar [[r.Lumen.ScreenProbeGather.MaxRoughnessToEvaluateRoughSpecularForFoliage:0.4]]
[2026.08.03-14.58.00:523][  0]LogConfig: Set CVar [[r.Lumen.Reflections.ScreenSpaceReconstruction.NumSamples:3]]
[2026.08.03-14.58.00:523][  0]LogConfig: Set CVar [[r.Lumen.Reflections.ScreenSpaceReconstruction.MinWeight:1]]
[2026.08.03-14.58.00:523][  0]LogConfig: Set CVar [[r.Lumen.TranslucencyReflections.FrontLayer.Allow:0]]
[2026.08.03-14.58.00:523][  0]LogConfig: Applying CVar settings from Section [PostProcessQuality@2] File [Scalability]
[2026.08.03-14.58.00:523][  0]LogConfig: Set CVar [[r.MotionBlurQuality:3]]
[2026.08.03-14.58.00:523][  0]LogConfig: Set CVar [[r.AmbientOcclusionMipLevelFactor:0.6]]
[2026.08.03-14.58.00:523][  0]LogConfig: Set CVar [[r.AmbientOcclusionRadiusScale:1.5]]
[2026.08.03-14.58.00:523][  0]LogConfig: Set CVar [[r.FastBlurThreshold:3]]
[2026.08.03-14.58.00:523][  0]LogConfig: Set CVar [[r.Upscale.Quality:2]]
[2026.08.03-14.58.00:523][  0]LogConfig: Set CVar [[r.Filter.SizeScale:0.8]]
[2026.08.03-14.58.00:523][  0]LogConfig: Set CVar [[r.DOF.Gather.AccumulatorQuality:0        ; lower gathering accumulator quality]]
[2026.08.03-14.58.00:523][  0]LogConfig: Set CVar [[r.DOF.Gather.PostfilterMethod:2          ; Max3x3 postfilering method]]
[2026.08.03-14.58.00:523][  0]LogConfig: Set CVar [[r.DOF.Scatter.BackgroundCompositing:1    ; no background occlusion]]
[2026.08.03-14.58.00:523][  0]LogConfig: Set CVar [[r.DOF.Scatter.EnableBokehSettings:0      ; no bokeh simulation when scattering]]
[2026.08.03-14.58.00:523][  0]LogConfig: Set CVar [[r.DOF.Scatter.MaxSpriteRatio:0.04        ; only a maximum of 4% of scattered bokeh]]
[2026.08.03-14.58.00:523][  0]LogConfig: Set CVar [[r.DOF.Recombine.Quality:0                ; no slight out of focus]]
[2026.08.03-14.58.00:523][  0]LogConfig: Set CVar [[r.DOF.TemporalAAQuality:0                ; faster temporal accumulation]]
[2026.08.03-14.58.00:523][  0]LogConfig: Set CVar [[r.DOF.Kernel.MaxForegroundRadius:0.012   ; required because of AccumulatorQuality=0]]
[2026.08.03-14.58.00:523][  0]LogConfig: Set CVar [[r.DOF.Kernel.MaxBackgroundRadius:0.012   ; required because of AccumulatorQuality=0]]
[2026.08.03-14.58.00:523][  0]LogConfig: Applying CVar settings from Section [TextureQuality@2] File [Scalability]
[2026.08.03-14.58.00:523][  0]LogConfig: Set CVar [[r.MaxAnisotropy:4]]
[2026.08.03-14.58.00:523][  0]LogConfig: Set CVar [[r.Streaming.LimitPoolSizeToVRAM:1]]
[2026.08.03-14.58.00:523][  0]LogConfig: Set CVar [[r.Streaming.PoolSize:800]]
[2026.08.03-14.58.00:523][  0]LogConfig: Applying CVar settings from Section [EffectsQuality@2] File [Scalability]
[2026.08.03-14.58.00:523][  0]LogConfig: Set CVar [[r.TranslucencyLightingVolume.Dim:48]]
[2026.08.03-14.58.00:523][  0]LogConfig: Set CVar [[r.SceneColorFormat:3]]
[2026.08.03-14.58.00:523][  0]LogConfig: Set CVar [[r.DetailMode:1]]
[2026.08.03-14.58.00:523][  0]LogConfig: Set CVar [[r.SSS.SampleSet:1]]
[2026.08.03-14.58.00:523][  0]LogConfig: Set CVar [[r.SSS.Quality:-1]]
[2026.08.03-14.58.00:523][  0]LogConfig: Set CVar [[r.SSS.HalfRes:1]]
[2026.08.03-14.58.00:523][  0]LogConfig: Set CVar [[r.SSGI.Quality:2]]
[2026.08.03-14.58.00:523][  0]LogConfig: Set CVar [[r.EmitterSpawnRateScale:0.5]]
[2026.08.03-14.58.00:523][  0]LogConfig: Set CVar [[r.ParticleLightQuality:1]]
[2026.08.03-14.58.00:523][  0]LogConfig: Set CVar [[r.SkyAtmosphere.AerialPerspectiveLUT.SampleCountMaxPerSlice:2]]
[2026.08.03-14.58.00:523][  0]LogConfig: Set CVar [[r.SkyAtmosphere.FastSkyLUT.SampleCountMax:64.0]]
[2026.08.03-14.58.00:523][  0]LogConfig: Set CVar [[r.SkyAtmosphere.SampleCountMax:64.0]]
[2026.08.03-14.58.00:523][  0]LogConfig: Set CVar [[r.Fog.SeparateComposition:0		; Force fog separate composition disabled, forcing FSSS disabled for better performance]]
[2026.08.03-14.58.00:523][  0]LogConfig: Set CVar [[fx.Niagara.QualityLevel:2]]
[2026.08.03-14.58.00:523][  0]LogConfig: Set CVar [[r.HeterogeneousVolumes.MaxStepCount:96]]
[2026.08.03-14.58.00:523][  0]LogConfig: Set CVar [[r.HeterogeneousVolumes.Shadows.Resolution:256]]
[2026.08.03-14.58.00:523][  0]LogConfig: Applying CVar settings from Section [FoliageQuality@0] File [Scalability]
[2026.08.03-14.58.00:523][  0]LogConfig: Set CVar [[foliage.DensityScale:0]]
[2026.08.03-14.58.00:523][  0]LogConfig: Set CVar [[grass.DensityScale:0]]
[2026.08.03-14.58.00:523][  0]LogConfig: CVar [[pcg.Quality:0]] deferred - dummy variable created
[2026.08.03-14.58.00:523][  0]LogConfig: Applying CVar settings from Section [ShadingQuality@2] File [Scalability]
[2026.08.03-14.58.00:523][  0]LogConfig: Applying CVar settings from Section [LandscapeQuality@0] File [Scalability]
[2026.08.03-14.58.00:523][  0]LogConfig: Applying CVar settings from Section [Startup] File [../../../Engine/Config/ConsoleVariables.ini]
[2026.08.03-14.58.00:523][  0]LogConfig: Set CVar [[p.chaos.AllowCreatePhysxBodies:1]]
[2026.08.03-14.58.00:523][  0]LogConfig: Set CVar [[fx.SkipVectorVMBackendOptimizations:1]]
[2026.08.03-14.58.00:523][  0]LogConfig: Applying CVar settings from Section [Startup_Windows] File [../../../Engine/Config/ConsoleVariables.ini]
[2026.08.03-14.58.00:523][  0]LogConfig: Applying CVar settings from Section [ConsoleVariables] File [Engine]
[2026.08.03-14.58.00:523][  0]LogConfig: Set CVar [[WindowsApplication.UseWorkerThreadForRawInput:0]]
[2026.08.03-14.58.00:523][  0]LogConfig: Set CVar [[r.PSOPrecache.KeepInMemoryForActiveMaterials:1]]
[2026.08.03-14.58.00:523][  0]LogConfig: Applying CVar settings from Section [ConsoleVariables] File [C:/Users/sster/Documents/Git/O-Mock/Saved/Config/WindowsEditor/Editor.ini]
[2026.08.03-14.58.00:524][  0]LogConfig: Set CVar [[SplineComponent.OnlyUpdateActiveSpline:0]]
[2026.08.03-14.58.00:524][  0]LogInit: Computer: YONGSEOKPARK
[2026.08.03-14.58.00:524][  0]LogInit: User: sster
[2026.08.03-14.58.00:524][  0]LogInit: CPU Page size=4096, Cores=12
[2026.08.03-14.58.00:524][  0]LogInit: High frequency timer resolution =10.000000 MHz
[2026.08.03-14.58.00:524][  0]LogInit: Gaming Handheld Device: 0
[2026.08.03-14.58.00:534][  0]LogMemory: Process is running as part of a Windows Job with separate resource limits
[2026.08.03-14.58.00:534][  0]LogMemory: Memory total: Physical=31.2GB (32GB approx) Virtual=63.1GB
[2026.08.03-14.58.00:534][  0]LogMemory: Platform Memory Stats for WindowsEditor
[2026.08.03-14.58.00:534][  0]LogMemory: Process Physical Memory: 612.21 MB used, 612.21 MB peak
[2026.08.03-14.58.00:534][  0]LogMemory: Process Virtual Memory: 616.11 MB used, 616.11 MB peak
[2026.08.03-14.58.00:534][  0]LogMemory: Physical Memory: 26238.19 MB used,  5661.34 MB free, 31899.53 MB total
[2026.08.03-14.58.00:534][  0]LogMemory: Virtual Memory: 55073.89 MB used,  9580.57 MB free, 64654.45 MB total
[2026.08.03-14.58.00:534][  0]LogCsvProfiler: Display: Metadata set : extradevelopmentmemorymb="0"
[2026.08.03-14.58.00:535][  0]LogModuleManager: InternalLoadLibrary: 'IoStoreOnDemandCore' ('C:/Program Files/Epic Games/UE_5.8/Engine/Binaries/Win64/UnrealEditor-IoStoreOnDemandCore.dll')
[2026.08.03-14.58.00:535][  0]LogModuleManager: InternalLoadLibrary: 'BandwidthDebugDelegates' ('C:/Program Files/Epic Games/UE_5.8/Engine/Binaries/Win64/UnrealEditor-BandwidthDebugDelegates.dll')
[2026.08.03-14.58.00:535][  0]LogModuleManager: InternalLoadLibrary: 'ClientBandwidthDebugVisualizer' ('C:/Program Files/Epic Games/UE_5.8/Engine/Binaries/Win64/UnrealEditor-ClientBandwidthDebugVisualizer.dll')
[2026.08.03-14.58.00:537][  0]LogModuleManager: InternalLoadLibrary: 'BandwidthMeasurementTool' ('C:/Program Files/Epic Games/UE_5.8/Engine/Binaries/Win64/UnrealEditor-BandwidthMeasurementTool.dll')
[2026.08.03-14.58.00:537][  0]LogModuleManager: InternalLoadLibrary: 'DownlinkBandwidthManager' ('C:/Program Files/Epic Games/UE_5.8/Engine/Binaries/Win64/UnrealEditor-DownlinkBandwidthManager.dll')
[2026.08.03-14.58.00:537][  0]LogObj: Display: Attempting to load config data for Default__DownlinkBandwidthManagerConfig before the Class has been constructed/registered/linked (likely during module loading or early startup). This will result in the load silently failing and should be fixed.
[2026.08.03-14.58.00:539][  0]LogWindows: WindowsPlatformFeatures enabled
[2026.08.03-14.58.00:539][  0]LogModuleManager: InternalLoadLibrary: 'WindowsPlatformFeatures' ('C:/Program Files/Epic Games/UE_5.8/Engine/Binaries/Win64/UnrealEditor-WindowsPlatformFeatures.dll')
[2026.08.03-14.58.00:542][  0]LogModuleManager: InternalLoadLibrary: 'GameplayMediaEncoder' ('C:/Program Files/Epic Games/UE_5.8/Engine/Binaries/Win64/UnrealEditor-GameplayMediaEncoder.dll')
[2026.08.03-14.58.00:542][  0]LogModuleManager: InternalLoadLibrary: 'AVEncoder' ('C:/Program Files/Epic Games/UE_5.8/Engine/Binaries/Win64/UnrealEditor-AVEncoder.dll')
[2026.08.03-14.58.00:542][  0]LogModuleManager: InternalLoadLibrary: 'Chaos' ('C:/Program Files/Epic Games/UE_5.8/Engine/Binaries/Win64/UnrealEditor-Chaos.dll')
[2026.08.03-14.58.00:543][  0]LogModuleManager: InternalLoadLibrary: 'GeometryCore' ('C:/Program Files/Epic Games/UE_5.8/Engine/Binaries/Win64/UnrealEditor-GeometryCore.dll')
[2026.08.03-14.58.00:543][  0]LogSpline: Registered spline type: TypeId=0x54E3AD22, Impl=MultiSpline, Value=Vector
[2026.08.03-14.58.00:543][  0]LogModuleManager: InternalLoadLibrary: 'ChaosSolverEngine' ('C:/Program Files/Epic Games/UE_5.8/Engine/Binaries/Win64/UnrealEditor-ChaosSolverEngine.dll')
[2026.08.03-14.58.00:543][  0]LogChaosDD: Chaos Debug Draw Startup
[2026.08.03-14.58.00:543][  0]LogInit: Physics initialised using underlying interface: Chaos
[2026.08.03-14.58.00:544][  0]LogModuleManager: InternalLoadLibrary: 'DirectoryWatcher' ('C:/Program Files/Epic Games/UE_5.8/Engine/Binaries/Win64/UnrealEditor-DirectoryWatcher.dll')
[2026.08.03-14.58.00:544][  0]LogInit: Using OS detected language (ko-KR).
[2026.08.03-14.58.00:544][  0]LogInit: Using OS detected locale (ko-KR).
[2026.08.03-14.58.00:555][  0]LogTextLocalizationManager: No specific localization for 'ko-KR' exists, so 'ko' will be used for the language.
[2026.08.03-14.58.00:873][  0]LogWindowsTouchpad: Display: CacheForceMaxTouchpadSensitivityMode SetMaxTouchpadSensitivity
[2026.08.03-14.58.00:874][  0]LogInputDeviceRegistry: RegisterDevice: DeviceId=0 InputDeviceName=WindowsApplication HardwareDeviceIdentifier=KBM (changed=true)
[2026.08.03-14.58.00:875][  0]LogObj: Display: Attempting to load config data for Default__SlateThemeManager before the Class has been constructed/registered/linked (likely during module loading or early startup). This will result in the load silently failing and should be fixed.
[2026.08.03-14.58.00:878][  0]LogModuleManager: InternalLoadLibrary: 'Settings' ('C:/Program Files/Epic Games/UE_5.8/Engine/Binaries/Win64/UnrealEditor-Settings.dll')
[2026.08.03-14.58.00:878][  0]LogModuleManager: InternalLoadLibrary: 'InputCore' ('C:/Program Files/Epic Games/UE_5.8/Engine/Binaries/Win64/UnrealEditor-InputCore.dll')
[2026.08.03-14.58.00:879][  0]LogSlate: New Slate User Created. Platform User Id 0, User Index 0, Is Virtual User: 0
[2026.08.03-14.58.00:879][  0]LogSlate: Slate User Registered.  User Index 0, Is Virtual User: 0
[2026.08.03-14.58.01:077][  0]LogInit: Running DelayedAutoRegister Phase PreRHIInit
[2026.08.03-14.58.01:081][  0]LogModuleManager: InternalLoadLibrary: 'NullDrv' ('C:/Program Files/Epic Games/UE_5.8/Engine/Binaries/Win64/UnrealEditor-NullDrv.dll')
[2026.08.03-14.58.01:083][  0]LogVRS: Current RHI does not support Variable Rate Shading
[2026.08.03-14.58.01:084][  0]LogRHI: Render tracing channels set: 'Submission' -> 0xf
[2026.08.03-14.58.01:084][  0]LogCsvProfiler: Display: Metadata set : verbatimrhiname="Null"
[2026.08.03-14.58.01:084][  0]LogCsvProfiler: Display: Metadata set : rhiname="Null"
[2026.08.03-14.58.01:084][  0]LogCsvProfiler: Display: Metadata set : rhifeaturelevel="SM6"
[2026.08.03-14.58.01:084][  0]LogCsvProfiler: Display: Metadata set : shaderplatform="PCD3D_SM6"
[2026.08.03-14.58.01:084][  0]LogCsvProfiler: Display: Metadata set : gpu=""
[2026.08.03-14.58.01:084][  0]LogCsvProfiler: Display: Metadata set : gpudriver=""
[2026.08.03-14.58.01:084][  0]LogInit: Initializing FReadOnlyCVARCache
[2026.08.03-14.58.01:084][  0]LogModuleManager: InternalLoadLibrary: 'TurnkeySupport' ('C:/Program Files/Epic Games/UE_5.8/Engine/Binaries/Win64/UnrealEditor-TurnkeySupport.dll')
[2026.08.03-14.58.01:087][  0]LogTargetPlatformManager: UBT AutoSDK ReturnCode: 0
[2026.08.03-14.58.01:087][  0]LogModuleManager: InternalLoadLibrary: 'TextureFormat' ('C:/Program Files/Epic Games/UE_5.8/Engine/Binaries/Win64/UnrealEditor-TextureFormat.dll')
[2026.08.03-14.58.01:088][  0]LogModuleManager: InternalLoadLibrary: 'TextureFormatASTC' ('C:/Program Files/Epic Games/UE_5.8/Engine/Binaries/Win64/UnrealEditor-TextureFormatASTC.dll')
[2026.08.03-14.58.01:090][  0]LogModuleManager: InternalLoadLibrary: 'TextureFormatDXT' ('C:/Program Files/Epic Games/UE_5.8/Engine/Binaries/Win64/UnrealEditor-TextureFormatDXT.dll')
[2026.08.03-14.58.01:092][  0]LogModuleManager: InternalLoadLibrary: 'TextureFormatETC2' ('C:/Program Files/Epic Games/UE_5.8/Engine/Binaries/Win64/UnrealEditor-TextureFormatETC2.dll')
[2026.08.03-14.58.01:093][  0]LogModuleManager: InternalLoadLibrary: 'TextureFormatIntelISPCTexComp' ('C:/Program Files/Epic Games/UE_5.8/Engine/Binaries/Win64/UnrealEditor-TextureFormatIntelISPCTexComp.dll')
[2026.08.03-14.58.01:094][  0]LogModuleManager: InternalLoadLibrary: 'TextureFormatOodle' ('C:/Program Files/Epic Games/UE_5.8/Engine/Binaries/Win64/UnrealEditor-TextureFormatOodle.dll')
[2026.08.03-14.58.01:096][  0]LogModuleManager: InternalLoadLibrary: 'TextureFormatUncompressed' ('C:/Program Files/Epic Games/UE_5.8/Engine/Binaries/Win64/UnrealEditor-TextureFormatUncompressed.dll')
[2026.08.03-14.58.01:097][  0]LogTextureFormatASTC: Display: ASTCEnc version 5.0.1 library loaded
[2026.08.03-14.58.01:098][  0]LogTextureFormatManager: Display: Loaded Base TextureFormat: TextureFormatASTC
[2026.08.03-14.58.01:098][  0]LogTextureFormatManager: Display: Loaded Base TextureFormat: TextureFormatDXT
[2026.08.03-14.58.01:098][  0]LogTextureFormatManager: Display: Loaded Base TextureFormat: TextureFormatETC2
[2026.08.03-14.58.01:098][  0]LogTextureFormatManager: Display: Loaded Base TextureFormat: TextureFormatIntelISPCTexComp
[2026.08.03-14.58.01:098][  0]LogTextureFormatOodle: Display: Oodle Texture TFO init; latest sdk version = 2.9.16
[2026.08.03-14.58.01:098][  0]LogTextureFormatOodle: Display: Oodle Texture loading DLL: oo2tex_win64_2.9.16.dll
[2026.08.03-14.58.01:099][  0]LogTextureFormatManager: Display: Loaded Base TextureFormat: TextureFormatOodle
[2026.08.03-14.58.01:099][  0]LogTextureFormatManager: Display: Loaded Base TextureFormat: TextureFormatUncompressed
[2026.08.03-14.58.01:111][  0]LogModuleManager: InternalLoadLibrary: 'AndroidTargetPlatform' ('C:/Program Files/Epic Games/UE_5.8/Engine/Binaries/Win64/Android/UnrealEditor-AndroidTargetPlatform.dll')
[2026.08.03-14.58.01:111][  0]LogModuleManager: InternalLoadLibrary: 'AndroidTargetPlatformSettings' ('C:/Program Files/Epic Games/UE_5.8/Engine/Binaries/Win64/Android/UnrealEditor-AndroidTargetPlatformSettings.dll')
[2026.08.03-14.58.01:182][  0]LogTargetPlatformManager: Display: Failed to SetupSDK for platform 'Android'
[2026.08.03-14.58.01:182][  0]LogModuleManager: InternalLoadLibrary: 'IOSTargetPlatform' ('C:/Program Files/Epic Games/UE_5.8/Engine/Binaries/Win64/IOS/UnrealEditor-IOSTargetPlatform.dll')
[2026.08.03-14.58.01:183][  0]LogModuleManager: InternalLoadLibrary: 'IOSTargetPlatformSettings' ('C:/Program Files/Epic Games/UE_5.8/Engine/Binaries/Win64/IOS/UnrealEditor-IOSTargetPlatformSettings.dll')
[2026.08.03-14.58.01:239][  0]LogTargetPlatformManager: Display: Failed to SetupSDK for platform 'IOS'
[2026.08.03-14.58.01:239][  0]LogModuleManager: InternalLoadLibrary: 'LinuxTargetPlatform' ('C:/Program Files/Epic Games/UE_5.8/Engine/Binaries/Win64/Linux/UnrealEditor-LinuxTargetPlatform.dll')
[2026.08.03-14.58.01:240][  0]LogModuleManager: InternalLoadLibrary: 'LinuxTargetPlatformSettings' ('C:/Program Files/Epic Games/UE_5.8/Engine/Binaries/Win64/Linux/UnrealEditor-LinuxTargetPlatformSettings.dll')
[2026.08.03-14.58.01:298][  0]LogTargetPlatformManager: Display: Failed to SetupSDK for platform 'Linux'
[2026.08.03-14.58.01:298][  0]LogModuleManager: InternalLoadLibrary: 'MacTargetPlatform' ('C:/Program Files/Epic Games/UE_5.8/Engine/Binaries/Win64/UnrealEditor-MacTargetPlatform.dll')
[2026.08.03-14.58.01:300][  0]LogModuleManager: InternalLoadLibrary: 'MacTargetPlatformSettings' ('C:/Program Files/Epic Games/UE_5.8/Engine/Binaries/Win64/UnrealEditor-MacTargetPlatformSettings.dll')
[2026.08.03-14.58.01:373][  0]LogTargetPlatformManager: Display: Failed to SetupSDK for platform 'Mac'
[2026.08.03-14.58.01:373][  0]LogModuleManager: InternalLoadLibrary: 'TVOSTargetPlatform' ('C:/Program Files/Epic Games/UE_5.8/Engine/Binaries/Win64/IOS/UnrealEditor-TVOSTargetPlatform.dll')
[2026.08.03-14.58.01:374][  0]LogModuleManager: InternalLoadLibrary: 'TVOSTargetPlatformSettings' ('C:/Program Files/Epic Games/UE_5.8/Engine/Binaries/Win64/IOS/UnrealEditor-TVOSTargetPlatformSettings.dll')
[2026.08.03-14.58.01:375][  0]LogTargetPlatformManager: Display: Failed to SetupSDK for platform 'TVOS'
[2026.08.03-14.58.01:376][  0]LogModuleManager: InternalLoadLibrary: 'WindowsTargetPlatform' ('C:/Program Files/Epic Games/UE_5.8/Engine/Binaries/Win64/UnrealEditor-WindowsTargetPlatform.dll')
[2026.08.03-14.58.01:377][  0]LogModuleManager: InternalLoadLibrary: 'WindowsTargetPlatformSettings' ('C:/Program Files/Epic Games/UE_5.8/Engine/Binaries/Win64/UnrealEditor-WindowsTargetPlatformSettings.dll')
[2026.08.03-14.58.01:457][  0]LogModuleManager: InternalLoadLibrary: 'WindowsTargetPlatformControls' ('C:/Program Files/Epic Games/UE_5.8/Engine/Binaries/Win64/UnrealEditor-WindowsTargetPlatformControls.dll')
[2026.08.03-14.58.01:459][  0]LogTargetPlatformManager: Display: Loaded TargetPlatform 'Windows'
[2026.08.03-14.58.01:459][  0]LogTargetPlatformManager: Display: Loaded TargetPlatform 'WindowsEditor'
[2026.08.03-14.58.01:459][  0]LogTargetPlatformManager: Display: Loaded TargetPlatform 'WindowsServer'
[2026.08.03-14.58.01:459][  0]LogTargetPlatformManager: Display: Loaded TargetPlatform 'WindowsClient'
[2026.08.03-14.58.01:459][  0]LogTargetPlatformManager: Display: Building Assets For WindowsEditor
[2026.08.03-14.58.01:459][  0]LogModuleManager: InternalLoadLibrary: 'AudioFormatOPUS' ('C:/Program Files/Epic Games/UE_5.8/Engine/Binaries/Win64/UnrealEditor-AudioFormatOpus.dll')
[2026.08.03-14.58.01:462][  0]LogModuleManager: InternalLoadLibrary: 'AudioFormatOGG' ('C:/Program Files/Epic Games/UE_5.8/Engine/Binaries/Win64/UnrealEditor-AudioFormatOgg.dll')
[2026.08.03-14.58.01:467][  0]LogAudioDebug: Display: Lib vorbis DLL was dynamically loaded.
[2026.08.03-14.58.01:467][  0]LogModuleManager: InternalLoadLibrary: 'AudioFormatADPCM' ('C:/Program Files/Epic Games/UE_5.8/Engine/Binaries/Win64/UnrealEditor-AudioFormatADPCM.dll')
[2026.08.03-14.58.01:469][  0]LogModuleManager: InternalLoadLibrary: 'AudioFormatBINK' ('C:/Program Files/Epic Games/UE_5.8/Engine/Binaries/Win64/UnrealEditor-AudioFormatBink.dll')
[2026.08.03-14.58.01:470][  0]LogModuleManager: InternalLoadLibrary: 'AudioFormatRAD' ('C:/Program Files/Epic Games/UE_5.8/Engine/Binaries/Win64/UnrealEditor-AudioFormatRad.dll')
[2026.08.03-14.58.01:472][  0]LogModuleManager: InternalLoadLibrary: 'ShaderFormatD3D' ('C:/Program Files/Epic Games/UE_5.8/Engine/Binaries/Win64/UnrealEditor-ShaderFormatD3D.dll')
[2026.08.03-14.58.01:533][  0]LogModuleManager: InternalLoadLibrary: 'ShaderFormatOpenGL' ('C:/Program Files/Epic Games/UE_5.8/Engine/Binaries/Win64/UnrealEditor-ShaderFormatOpenGL.dll')
[2026.08.03-14.58.01:544][  0]LogModuleManager: InternalLoadLibrary: 'VulkanShaderFormat' ('C:/Program Files/Epic Games/UE_5.8/Engine/Binaries/Win64/UnrealEditor-VulkanShaderFormat.dll')
[2026.08.03-14.58.01:546][  0]LogModuleManager: InternalLoadLibrary: 'ShaderFormatVectorVM' ('C:/Program Files/Epic Games/UE_5.8/Engine/Binaries/Win64/UnrealEditor-ShaderFormatVectorVM.dll')
[2026.08.03-14.58.01:549][  0]LogRendererCore: Ray tracing is disabled. Reason: not supported by current RHI.
[2026.08.03-14.58.01:549][  0]LogModuleManager: InternalLoadLibrary: 'DerivedDataCache' ('C:/Program Files/Epic Games/UE_5.8/Engine/Binaries/Win64/UnrealEditor-DerivedDataCache.dll')
[2026.08.03-14.58.01:554][  0]LogDerivedDataCache: ProjectPak: Pak cache file ../../../../../../Users/sster/Documents/Git/O-Mock/DerivedDataCache/DDC.ddp not found, will not use a pak cache.
[2026.08.03-14.58.01:554][  0]LogDerivedDataCache: InstalledProjectPak: Pak cache file ../../../../../../Users/sster/Documents/Git/O-Mock/DerivedDataCache/Compressed.ddp not found, will not use a pak cache.
[2026.08.03-14.58.01:875][  0]LogDerivedDataCache: Display: ../../../Engine/DerivedDataCache/Compressed.ddp: Opened pak cache for reading. (1667 MiB)
[2026.08.03-14.58.01:876][  0]LogDerivedDataCache: EnterprisePak: Pak cache file ../../../Enterprise/DerivedDataCache/Compressed.ddp not found, will not use a pak cache.
[2026.08.03-14.58.01:877][  0]LogZenServiceInstance: Found Zen config default=C:/Users/sster/AppData/Local/UnrealEngine/Common/Zen/Data
[2026.08.03-14.58.01:877][  0]LogZenServiceInstance: Display: Launching zen utility 'C:/Program Files/Epic Games/UE_5.8/Engine/Binaries/Win64/zen.exe service status'.
[2026.08.03-14.58.02:187][  0]LogZenServiceInstance: Display: Writing plugin version info to 'C:/Users/sster/AppData/Local/UnrealEngine/Common/Zen/Install/zen_plugin_versions.json'
[2026.08.03-14.58.02:188][  0]LogZenServiceInstance: Display: Read zen version cache file from 'C:/Users/sster/AppData/Local/UnrealEngine/5.8/Saved/Zen/zen.version', version: '5.8.13-202605190912-windows-x64-release-094f62c2'
[2026.08.03-14.58.02:188][  0]LogZenServiceInstance: InTree version at 'C:/Program Files/Epic Games/UE_5.8/Engine/Binaries/Win64/zenserver.exe' is '5.8.13-202605190912-windows-x64-release-094f62c2'
[2026.08.03-14.58.02:189][  0]LogZenServiceInstance: Display: Read zen version cache file from 'C:/Users/sster/AppData/Local/UnrealEngine/Common/Zen/Install/zen.version', version: '5.8.13-202605190912-windows-x64-release-094f62c2'
[2026.08.03-14.58.02:189][  0]LogZenServiceInstance: Installed version at 'C:/Users/sster/AppData/Local/UnrealEngine/Common/Zen/Install/zenserver.exe' is '5.8.13-202605190912-windows-x64-release-094f62c2'
[2026.08.03-14.58.02:189][  0]LogZenServiceInstance: Display: Installed service at 'C:/Users/sster/AppData/Local/UnrealEngine/Common/Zen/Install/zenserver.exe' is up to date
[2026.08.03-14.58.02:190][  0]LogZenServiceInstance: No current process using the data dir found, launching a new instance
[2026.08.03-14.58.02:190][  0]LogZenServiceInstance: Display: Launching executable 'C:/Users/sster/AppData/Local/UnrealEngine/Common/Zen/Install/zenserver.exe', working dir 'C:/Users/sster/AppData/Local/UnrealEngine/Common/Zen/Install', data dir 'C:/Users/sster/AppData/Local/UnrealEngine/Common/Zen/Data', args '--port 8558 --data-dir C:\Users\sster\AppData\Local\UnrealEngine\Common\Zen\Data --http asio --gc-cache-duration-seconds 1209600 --gc-interval-seconds 21600 --gc-low-diskspace-threshold 2147483648 --cache-bucket-limit-overwrites --quiet --restrict-content-types --allow-external-oidctoken-exe=false --plugins-config "C:/Users/sster/AppData/Local/UnrealEngine/Common/Zen/Install/zen_plugins_v1.json" --security-config-path "C:/Users/sster/AppData/Local/UnrealEngine/Common/Zen/Install/security-config.json" --owner-pid 13740  --child-id Zen_13740_Startup'
[2026.08.03-14.58.04:584][  0]LogZenServiceInstance: Display: Unreal Zen Storage Server HTTP service at http://[::1]:8558 status: OK!.
[2026.08.03-14.58.04:584][  0]LogZenServiceInstance: Local ZenServer AutoLaunch initialization completed in 2.398 seconds
[2026.08.03-14.58.04:585][  0]LogDerivedDataCache: Display: ZenLocal: Using ZenServer HTTP service at [::1] with namespace ue.ddc. Status: OK!.
[2026.08.03-14.58.04:592][  0]LogDerivedDataCache: C:/Users/sster/AppData/Local/UnrealEngine/Common/DerivedDataCache: Speed tests took 0.01 seconds.
[2026.08.03-14.58.04:592][  0]LogDerivedDataCache: Display: C:/Users/sster/AppData/Local/UnrealEngine/Common/DerivedDataCache: Performance: Latency=0.05ms. RandomReadSpeed=978.72MBs, RandomWriteSpeed=187.27MBs. Assigned SpeedClass 'Local'
[2026.08.03-14.58.04:593][  0]LogDerivedDataCache: Local: Using data cache path C:/Users/sster/AppData/Local/UnrealEngine/Common/DerivedDataCache: Writable
[2026.08.03-14.58.04:593][  0]LogDerivedDataCache: ZenShared: Disabled because Host is set to 'None'
[2026.08.03-14.58.04:593][  0]LogDerivedDataCache: Shared: Disabled because no path is configured.
[2026.08.03-14.58.04:593][  0]LogDerivedDataCache: Cloud: Disabled because Host is set to 'None'
[2026.08.03-14.58.04:594][  0]LogModuleManager: InternalLoadLibrary: 'ShaderPreprocessor' ('C:/Program Files/Epic Games/UE_5.8/Engine/Binaries/Win64/UnrealEditor-ShaderPreprocessor.dll')
[2026.08.03-14.58.04:594][  0]LogShaderCompilers: Guid format shader working directory is -5 characters bigger than the processId version (../../../../../../Users/sster/Documents/Git/O-Mock/Intermediate/Shaders/WorkingDirectory/13740/).
[2026.08.03-14.58.04:594][  0]LogShaderCompilers: Cleaned the shader compiler working directory 'C:/Users/sster/AppData/Local/Temp/UnrealShaderWorkingDir/8A0997AE4370A90D61BC0C80E5469CA1/'.
[2026.08.03-14.58.04:594][  0]LogXGEController: Cannot use XGE Controller as Incredibuild is not installed on this machine.
[2026.08.03-14.58.04:595][  0]LogUbaHorde: Display: UBA/Horde Configuration [Uba.Provider.Horde]: Not Enabled
[2026.08.03-14.58.04:595][  0]LogShaderCompilers: Display: No distributed shader compiler controller found
[2026.08.03-14.58.04:595][  0]LogShaderCompilers: Display: Using 12 local workers for shader compilation
[2026.08.03-14.58.04:596][  0]LogModuleManager: InternalLoadLibrary: 'MetalShaderFormat' ('C:/Program Files/Epic Games/UE_5.8/Engine/Binaries/Win64/UnrealEditor-MetalShaderFormat.dll')
[2026.08.03-14.58.04:604][  0]LogShaderCompilers: Display: Compiling shader autogen file: ../../../../../../Users/sster/Documents/Git/O-Mock/Intermediate/ShaderAutogen/PCD3D_SM6/AutogenShaderHeaders.ush
[2026.08.03-14.58.04:604][  0]LogShaderCompilers: Display: Autogen file is unchanged, skipping write.
[2026.08.03-14.58.04:982][  0]LogInit: Running DelayedAutoRegister Phase ShaderTypesReady
[2026.08.03-14.58.04:982][  0]LogModuleManager: InternalLoadLibrary: 'SlateNullRenderer' ('C:/Program Files/Epic Games/UE_5.8/Engine/Binaries/Win64/UnrealEditor-SlateNullRenderer.dll')
[2026.08.03-14.58.04:983][  0]LogSlate: Using FreeType 2.14.1
[2026.08.03-14.58.04:983][  0]LogSlate: SlateFontServices - WITH_FREETYPE: 1, WITH_HARFBUZZ: 1
[2026.08.03-14.58.04:984][  0]LogModuleManager: InternalLoadLibrary: 'NullInstallBundleManager' ('C:/Program Files/Epic Games/UE_5.8/Engine/Binaries/Win64/UnrealEditor-NullInstallBundleManager.dll')
[2026.08.03-14.58.04:986][  0]LogModuleManager: InternalLoadLibrary: 'AssetRegistry' ('C:/Program Files/Epic Games/UE_5.8/Engine/Binaries/Win64/UnrealEditor-AssetRegistry.dll')
[2026.08.03-14.58.04:988][  0]LogAssetRegistry: ActiveMountsLoading is disabled.
[2026.08.03-14.58.04:988][  0]LogAssetRegistry: FAssetRegistry took 0.0017 seconds to start up
[2026.08.03-14.58.04:989][  0]LogEditorDomain: Display: EditorDomain is Disabled
[2026.08.03-14.58.04:990][  0]LogInit: Running DelayedAutoRegister Phase PreObjectSystemReady
[2026.08.03-14.58.05:076][  0]LogAssetRegistry: Display: AssetDataGatherer spent 0.000s loading caches from ../../../../../../Users/sster/Documents/Git/O-Mock/Intermediate/CachedAssetRegistry.
[2026.08.03-14.58.05:224][  0]LogDeviceProfileManager: Display: Deviceprofile LinuxArm64Editor not found.
[2026.08.03-14.58.05:224][  0]LogDeviceProfileManager: Display: Deviceprofile LinuxArm64 not found.
[2026.08.03-14.58.05:258][  0]LogDeviceProfileManager: Active device profile: [000002C57ADB9880][000002C57B137800 82] WindowsEditor
[2026.08.03-14.58.05:258][  0]LogCsvProfiler: Display: Metadata set : deviceprofile="WindowsEditor"
[2026.08.03-14.58.05:258][  0]LogInit: Running DelayedAutoRegister Phase DeviceProfileManagerReady
[2026.08.03-14.58.05:260][  0]LogStreaming: Display: FlushAsyncLoading(1): 1 QueuedPackages, 0 AsyncPackages
[2026.08.03-14.58.05:279][  0]LogTextureEncodingSettings: Display: Texture Encode Speed: FinalIfAvailable (editor).
[2026.08.03-14.58.05:279][  0]LogTextureEncodingSettings: Display: Oodle Texture Encode Speed settings: Fast: RDO Off Lambda=0, Effort=Normal Final: RDO Off Lambda=0, Effort=Normal
[2026.08.03-14.58.05:279][  0]LogTextureEncodingSettings: Display: Shared linear texture encoding: Disabled
[2026.08.03-14.58.05:284][  0]LogModuleManager: InternalLoadLibrary: 'MeshUtilities' ('C:/Program Files/Epic Games/UE_5.8/Engine/Binaries/Win64/UnrealEditor-MeshUtilities.dll')
[2026.08.03-14.58.05:290][  0]LogModuleManager: InternalLoadLibrary: 'MaterialBaking' ('C:/Program Files/Epic Games/UE_5.8/Engine/Binaries/Win64/UnrealEditor-MaterialBaking.dll')
[2026.08.03-14.58.05:290][  0]LogModuleManager: InternalLoadLibrary: 'MeshMergeUtilities' ('C:/Program Files/Epic Games/UE_5.8/Engine/Binaries/Win64/UnrealEditor-MeshMergeUtilities.dll')
[2026.08.03-14.58.05:291][  0]LogModuleManager: InternalLoadLibrary: 'MeshReductionInterface' ('C:/Program Files/Epic Games/UE_5.8/Engine/Binaries/Win64/UnrealEditor-MeshReductionInterface.dll')
[2026.08.03-14.58.05:292][  0]LogModuleManager: InternalLoadLibrary: 'QuadricMeshReduction' ('C:/Program Files/Epic Games/UE_5.8/Engine/Binaries/Win64/UnrealEditor-QuadricMeshReduction.dll')
[2026.08.03-14.58.05:293][  0]LogModuleManager: InternalLoadLibrary: 'ProxyLODMeshReduction' ('C:/Program Files/Epic Games/UE_5.8/Engine/Plugins/Editor/ProxyLODPlugin/Binaries/Win64/UnrealEditor-ProxyLODMeshReduction.dll')
[2026.08.03-14.58.05:298][  0]LogModuleManager: InternalLoadLibrary: 'SkeletalMeshReduction' ('C:/Program Files/Epic Games/UE_5.8/Engine/Plugins/Experimental/SkeletalReduction/Binaries/Win64/UnrealEditor-SkeletalMeshReduction.dll')
[2026.08.03-14.58.05:299][  0]LogModuleManager: InternalLoadLibrary: 'MeshBoneReduction' ('C:/Program Files/Epic Games/UE_5.8/Engine/Binaries/Win64/UnrealEditor-MeshBoneReduction.dll')
[2026.08.03-14.58.05:299][  0]LogMeshReduction: Display: Using QuadricMeshReduction for automatic static mesh reduction
[2026.08.03-14.58.05:299][  0]LogMeshReduction: Display: Using SkeletalMeshReduction for automatic skeletal mesh reduction
[2026.08.03-14.58.05:299][  0]LogMeshReduction: Display: Using ProxyLODMeshReduction for automatic mesh merging
[2026.08.03-14.58.05:299][  0]LogMeshReduction: Display: No distributed automatic mesh merging module available
[2026.08.03-14.58.05:299][  0]LogMeshMerging: No distributed automatic mesh merging module available
[2026.08.03-14.58.05:299][  0]LogModuleManager: InternalLoadLibrary: 'StaticMeshDescription' ('C:/Program Files/Epic Games/UE_5.8/Engine/Binaries/Win64/UnrealEditor-StaticMeshDescription.dll')
[2026.08.03-14.58.05:300][  0]LogModuleManager: InternalLoadLibrary: 'GeometryProcessingInterfaces' ('C:/Program Files/Epic Games/UE_5.8/Engine/Binaries/Win64/UnrealEditor-GeometryProcessingInterfaces.dll')
[2026.08.03-14.58.05:300][  0]LogModuleManager: InternalLoadLibrary: 'NaniteBuilder' ('C:/Program Files/Epic Games/UE_5.8/Engine/Binaries/Win64/UnrealEditor-NaniteBuilder.dll')
[2026.08.03-14.58.05:303][  0]LogModuleManager: InternalLoadLibrary: 'MeshBuilder' ('C:/Program Files/Epic Games/UE_5.8/Engine/Binaries/Win64/UnrealEditor-MeshBuilder.dll')
[2026.08.03-14.58.05:335][  0]LogModuleManager: InternalLoadLibrary: 'KismetCompiler' ('C:/Program Files/Epic Games/UE_5.8/Engine/Binaries/Win64/UnrealEditor-KismetCompiler.dll')
[2026.08.03-14.58.05:335][  0]LogModuleManager: InternalLoadLibrary: 'MovieSceneTools' ('C:/Program Files/Epic Games/UE_5.8/Engine/Binaries/Win64/UnrealEditor-MovieSceneTools.dll')
[2026.08.03-14.58.05:336][  0]LogModuleManager: InternalLoadLibrary: 'Sequencer' ('C:/Program Files/Epic Games/UE_5.8/Engine/Binaries/Win64/UnrealEditor-Sequencer.dll')
[2026.08.03-14.58.05:336][  0]LogModuleManager: InternalLoadLibrary: 'CurveEditor' ('C:/Program Files/Epic Games/UE_5.8/Engine/Binaries/Win64/UnrealEditor-CurveEditor.dll')
[2026.08.03-14.58.05:336][  0]LogModuleManager: InternalLoadLibrary: 'SequencerCore' ('C:/Program Files/Epic Games/UE_5.8/Engine/Binaries/Win64/UnrealEditor-SequencerCore.dll')
[2026.08.03-14.58.05:353][  0]LogModuleManager: InternalLoadLibrary: 'AssetDefinition' ('C:/Program Files/Epic Games/UE_5.8/Engine/Binaries/Win64/UnrealEditor-AssetDefinition.dll')
[2026.08.03-14.58.05:425][  0]LogConfig: Applying CVar settings from Section [/Script/CQTest.CQTestSettings] File [Engine]
[2026.08.03-14.58.05:449][  0]LogShaderCompilers: Display: Compiling shader autogen file: ../../../../../../Users/sster/Documents/Git/O-Mock/Intermediate/ShaderAutogen/PCD3D_SM5/AutogenShaderHeaders.ush
[2026.08.03-14.58.05:449][  0]LogShaderCompilers: Display: Autogen file is unchanged, skipping write.
[2026.08.03-14.58.05:450][  0]LogVirtualization: Display: VirtualizationSystem name found in ini file: None
[2026.08.03-14.58.05:450][  0]LogVirtualization: Display: FNullVirtualizationSystem mounted, virtualization will be disabled
[2026.08.03-14.58.05:450][  0]LogInit: Running DelayedAutoRegister Phase ObjectSystemReady
[2026.08.03-14.58.05:450][  0]LogModuleManager: StartProcessingNewlyLoadedObjects
[2026.08.03-14.58.05:450][  0]LogModuleManager: InternalLoadLibrary: 'Core' ('C:/Program Files/Epic Games/UE_5.8/Engine/Binaries/Win64/UnrealEditor-Core.dll')
[2026.08.03-14.58.05:450][  0]LogModuleManager: InternalLoadLibrary: 'Networking' ('C:/Program Files/Epic Games/UE_5.8/Engine/Binaries/Win64/UnrealEditor-Networking.dll')
[2026.08.03-14.58.05:451][  0]LogModuleManager: InternalLoadLibrary: 'LiveCoding' ('C:/Program Files/Epic Games/UE_5.8/Engine/Binaries/Win64/UnrealEditor-LiveCoding.dll')
[2026.08.03-14.58.05:453][  0]LogModuleManager: InternalLoadLibrary: 'HeadMountedDisplay' ('C:/Program Files/Epic Games/UE_5.8/Engine/Binaries/Win64/UnrealEditor-HeadMountedDisplay.dll')
[2026.08.03-14.58.05:453][  0]LogModuleManager: InternalLoadLibrary: 'SourceCodeAccess' ('C:/Program Files/Epic Games/UE_5.8/Engine/Binaries/Win64/UnrealEditor-SourceCodeAccess.dll')
[2026.08.03-14.58.05:454][  0]LogModuleManager: InternalLoadLibrary: 'Messaging' ('C:/Program Files/Epic Games/UE_5.8/Engine/Binaries/Win64/UnrealEditor-Messaging.dll')
[2026.08.03-14.58.05:455][  0]LogModuleManager: InternalLoadLibrary: 'MRMesh' ('C:/Program Files/Epic Games/UE_5.8/Engine/Binaries/Win64/UnrealEditor-MRMesh.dll')
[2026.08.03-14.58.05:456][  0]LogModuleManager: InternalLoadLibrary: 'UnrealEd' ('C:/Program Files/Epic Games/UE_5.8/Engine/Binaries/Win64/UnrealEditor-UnrealEd.dll')
[2026.08.03-14.58.05:457][  0]LogModuleManager: InternalLoadLibrary: 'LandscapeEditorUtilities' ('C:/Program Files/Epic Games/UE_5.8/Engine/Binaries/Win64/UnrealEditor-LandscapeEditorUtilities.dll')
[2026.08.03-14.58.05:458][  0]LogModuleManager: InternalLoadLibrary: 'SubobjectDataInterface' ('C:/Program Files/Epic Games/UE_5.8/Engine/Binaries/Win64/UnrealEditor-SubobjectDataInterface.dll')
[2026.08.03-14.58.05:458][  0]LogModuleManager: InternalLoadLibrary: 'SlateCore' ('C:/Program Files/Epic Games/UE_5.8/Engine/Binaries/Win64/UnrealEditor-SlateCore.dll')
[2026.08.03-14.58.05:458][  0]LogModuleManager: InternalLoadLibrary: 'Slate' ('C:/Program Files/Epic Games/UE_5.8/Engine/Binaries/Win64/UnrealEditor-Slate.dll')
[2026.08.03-14.58.05:459][  0]LogModuleManager: InternalLoadLibrary: 'SlateReflector' ('C:/Program Files/Epic Games/UE_5.8/Engine/Binaries/Win64/UnrealEditor-SlateReflector.dll')
[2026.08.03-14.58.05:459][  0]LogModuleManager: InternalLoadLibrary: 'EditorStyle' ('C:/Program Files/Epic Games/UE_5.8/Engine/Binaries/Win64/UnrealEditor-EditorStyle.dll')
[2026.08.03-14.58.05:459][  0]LogSlate: InvalidateAllWidgets triggered.  All widgets were invalidated
[2026.08.03-14.58.05:459][  0]LogSlate: InvalidateAllWidgets triggered.  All widgets were invalidated
[2026.08.03-14.58.05:466][  0]LogSlate: Border
[2026.08.03-14.58.05:466][  0]LogSlate: BreadcrumbButton
[2026.08.03-14.58.05:466][  0]LogSlate: Brushes.Title
[2026.08.03-14.58.05:466][  0]LogSlate: ColorPicker.ColorThemes
[2026.08.03-14.58.05:466][  0]LogSlate: Default
[2026.08.03-14.58.05:466][  0]LogSlate: Icons.Save
[2026.08.03-14.58.05:466][  0]LogSlate: Icons.Toolbar.Settings
[2026.08.03-14.58.05:466][  0]LogSlate: ListView
[2026.08.03-14.58.05:466][  0]LogSlate: SoftwareCursor_CardinalCross
[2026.08.03-14.58.05:466][  0]LogSlate: SoftwareCursor_Grab
[2026.08.03-14.58.05:466][  0]LogSlate: TableView.DarkRow
[2026.08.03-14.58.05:466][  0]LogSlate: TableView.Row
[2026.08.03-14.58.05:466][  0]LogSlate: TreeView
[2026.08.03-14.58.05:466][  0]LogModuleManager: InternalLoadLibrary: 'UMG' ('C:/Program Files/Epic Games/UE_5.8/Engine/Binaries/Win64/UnrealEditor-UMG.dll')
[2026.08.03-14.58.05:467][  0]LogModuleManager: InternalLoadLibrary: 'UMGEditor' ('C:/Program Files/Epic Games/UE_5.8/Engine/Binaries/Win64/UnrealEditor-UMGEditor.dll')
[2026.08.03-14.58.05:467][  0]LogModuleManager: InternalLoadLibrary: 'ScriptableEditorWidgets' ('C:/Program Files/Epic Games/UE_5.8/Engine/Binaries/Win64/UnrealEditor-ScriptableEditorWidgets.dll')
[2026.08.03-14.58.05:468][  0]LogModuleManager: InternalLoadLibrary: 'CollisionAnalyzer' ('C:/Program Files/Epic Games/UE_5.8/Engine/Binaries/Win64/UnrealEditor-CollisionAnalyzer.dll')
[2026.08.03-14.58.05:469][  0]LogModuleManager: InternalLoadLibrary: 'WorkspaceMenuStructure' ('C:/Program Files/Epic Games/UE_5.8/Engine/Binaries/Win64/UnrealEditor-WorkspaceMenuStructure.dll')
[2026.08.03-14.58.05:470][  0]LogModuleManager: InternalLoadLibrary: 'FunctionalTesting' ('C:/Program Files/Epic Games/UE_5.8/Engine/Binaries/Win64/UnrealEditor-FunctionalTesting.dll')
[2026.08.03-14.58.05:477][  0]LogModuleManager: InternalLoadLibrary: 'BehaviorTreeEditor' ('C:/Program Files/Epic Games/UE_5.8/Engine/Binaries/Win64/UnrealEditor-BehaviorTreeEditor.dll')
[2026.08.03-14.58.05:481][  0]LogModuleManager: InternalLoadLibrary: 'GameplayTasksEditor' ('C:/Program Files/Epic Games/UE_5.8/Engine/Binaries/Win64/UnrealEditor-GameplayTasksEditor.dll')
[2026.08.03-14.58.05:482][  0]LogModuleManager: InternalLoadLibrary: 'StringTableEditor' ('C:/Program Files/Epic Games/UE_5.8/Engine/Binaries/Win64/UnrealEditor-StringTableEditor.dll')
[2026.08.03-14.58.05:483][  0]LogModuleManager: InternalLoadLibrary: 'AssetTools' ('C:/Program Files/Epic Games/UE_5.8/Engine/Binaries/Win64/UnrealEditor-AssetTools.dll')
[2026.08.03-14.58.05:483][  0]LogModuleManager: InternalLoadLibrary: 'VREditor' ('C:/Program Files/Epic Games/UE_5.8/Engine/Binaries/Win64/UnrealEditor-VREditor.dll')
[2026.08.03-14.58.05:484][  0]LogModuleManager: InternalLoadLibrary: 'MaterialEditor' ('C:/Program Files/Epic Games/UE_5.8/Engine/Binaries/Win64/UnrealEditor-MaterialEditor.dll')
[2026.08.03-14.58.05:484][  0]LogModuleManager: InternalLoadLibrary: 'Overlay' ('C:/Program Files/Epic Games/UE_5.8/Engine/Binaries/Win64/UnrealEditor-Overlay.dll')
[2026.08.03-14.58.05:485][  0]LogModuleManager: InternalLoadLibrary: 'OverlayEditor' ('C:/Program Files/Epic Games/UE_5.8/Engine/Binaries/Win64/UnrealEditor-OverlayEditor.dll')
[2026.08.03-14.58.05:485][  0]LogModuleManager: InternalLoadLibrary: 'MediaAssets' ('C:/Program Files/Epic Games/UE_5.8/Engine/Binaries/Win64/UnrealEditor-MediaAssets.dll')
[2026.08.03-14.58.05:486][  0]LogModuleManager: InternalLoadLibrary: 'ClothingSystemRuntimeNv' ('C:/Program Files/Epic Games/UE_5.8/Engine/Binaries/Win64/UnrealEditor-ClothingSystemRuntimeNv.dll')
[2026.08.03-14.58.05:487][  0]LogModuleManager: InternalLoadLibrary: 'ClothingSystemEditor' ('C:/Program Files/Epic Games/UE_5.8/Engine/Binaries/Win64/UnrealEditor-ClothingSystemEditor.dll')
[2026.08.03-14.58.05:487][  0]LogModuleManager: InternalLoadLibrary: 'AnimationDataController' ('C:/Program Files/Epic Games/UE_5.8/Engine/Binaries/Win64/UnrealEditor-AnimationDataController.dll')
[2026.08.03-14.58.05:488][  0]LogModuleManager: InternalLoadLibrary: 'TimeManagement' ('C:/Program Files/Epic Games/UE_5.8/Engine/Binaries/Win64/UnrealEditor-TimeManagement.dll')
[2026.08.03-14.58.05:488][  0]LogModuleManager: InternalLoadLibrary: 'AnimGraph' ('C:/Program Files/Epic Games/UE_5.8/Engine/Binaries/Win64/UnrealEditor-AnimGraph.dll')
[2026.08.03-14.58.05:489][  0]LogModuleManager: InternalLoadLibrary: 'WorldBookmark' ('C:/Program Files/Epic Games/UE_5.8/Engine/Binaries/Win64/UnrealEditor-WorldBookmark.dll')
[2026.08.03-14.58.05:493][  0]LogModuleManager: InternalLoadLibrary: 'WorldPartitionEditor' ('C:/Program Files/Epic Games/UE_5.8/Engine/Binaries/Win64/UnrealEditor-WorldPartitionEditor.dll')
[2026.08.03-14.58.05:495][  0]LogWorldPartition: Display: FWorldPartitionClassDescRegistry::Initialize started...
[2026.08.03-14.58.05:496][  0]LogWorldPartition: Display: FWorldPartitionClassDescRegistry::Initialize took 1.738 ms
[2026.08.03-14.58.05:496][  0]LogModuleManager: InternalLoadLibrary: 'SceneOutliner' ('C:/Program Files/Epic Games/UE_5.8/Engine/Binaries/Win64/UnrealEditor-SceneOutliner.dll')
[2026.08.03-14.58.05:497][  0]LogModuleManager: InternalLoadLibrary: 'PacketHandler' ('C:/Program Files/Epic Games/UE_5.8/Engine/Binaries/Win64/UnrealEditor-PacketHandler.dll')
[2026.08.03-14.58.05:497][  0]LogModuleManager: InternalLoadLibrary: 'NetworkReplayStreaming' ('C:/Program Files/Epic Games/UE_5.8/Engine/Binaries/Win64/UnrealEditor-NetworkReplayStreaming.dll')
[2026.08.03-14.58.05:497][  0]LogModuleManager: InternalLoadLibrary: 'MassEntity' ('C:/Program Files/Epic Games/UE_5.8/Engine/Binaries/Win64/UnrealEditor-MassEntity.dll')
[2026.08.03-14.58.05:503][  0]LogModuleManager: InternalLoadLibrary: 'MassEntityTestSuite' ('C:/Program Files/Epic Games/UE_5.8/Engine/Binaries/Win64/UnrealEditor-MassEntityTestSuite.dll')
[2026.08.03-14.58.05:508][  0]LogModuleManager: InternalLoadLibrary: 'BlueprintMaterialTextureNodes' ('C:/Program Files/Epic Games/UE_5.8/Engine/Plugins/Editor/BlueprintMaterialTextureNodes/Binaries/Win64/UnrealEditor-BlueprintMaterialTextureNodes.dll')
[2026.08.03-14.58.05:509][  0]LogModuleManager: InternalLoadLibrary: 'AndroidFileServer' ('C:/Program Files/Epic Games/UE_5.8/Engine/Plugins/Runtime/AndroidFileServer/Binaries/Win64/UnrealEditor-AndroidFileServer.dll')
[2026.08.03-14.58.05:511][  0]LogModuleManager: InternalLoadLibrary: 'WebMMoviePlayer' ('C:/Program Files/Epic Games/UE_5.8/Engine/Plugins/Runtime/WebMMoviePlayer/Binaries/Win64/UnrealEditor-WebMMoviePlayer.dll')
[2026.08.03-14.58.05:513][  0]LogModuleManager: InternalLoadLibrary: 'WindowsMoviePlayer' ('C:/Program Files/Epic Games/UE_5.8/Engine/Plugins/Runtime/WindowsMoviePlayer/Binaries/Win64/UnrealEditor-WindowsMoviePlayer.dll')
[2026.08.03-14.58.05:517][  0]LogModuleManager: InternalLoadLibrary: 'EnhancedInput' ('C:/Program Files/Epic Games/UE_5.8/Engine/Plugins/EnhancedInput/Binaries/Win64/UnrealEditor-EnhancedInput.dll')
[2026.08.03-14.58.05:522][  0]LogStats: UGameplayTagsManager::InitializeManager -  0.000 s
[2026.08.03-14.58.05:522][  0]LogModuleManager: InternalLoadLibrary: 'InputBlueprintNodes' ('C:/Program Files/Epic Games/UE_5.8/Engine/Plugins/EnhancedInput/Binaries/Win64/UnrealEditor-InputBlueprintNodes.dll')
[2026.08.03-14.58.05:527][  0]LogModuleManager: InternalLoadLibrary: 'BlueprintGraph' ('C:/Program Files/Epic Games/UE_5.8/Engine/Binaries/Win64/UnrealEditor-BlueprintGraph.dll')
[2026.08.03-14.58.05:528][  0]LogModuleManager: InternalLoadLibrary: 'MutableRuntime' ('C:/Program Files/Epic Games/UE_5.8/Engine/Plugins/Mutable/Binaries/Win64/UnrealEditor-MutableRuntime.dll')
[2026.08.03-14.58.05:531][  0]LogModuleManager: InternalLoadLibrary: 'CustomizableObject' ('C:/Program Files/Epic Games/UE_5.8/Engine/Plugins/Mutable/Binaries/Win64/UnrealEditor-CustomizableObject.dll')
[2026.08.03-14.58.05:538][  0]LogModuleManager: InternalLoadLibrary: 'MutableTools' ('C:/Program Files/Epic Games/UE_5.8/Engine/Plugins/Mutable/Binaries/Win64/UnrealEditor-MutableTools.dll')
[2026.08.03-14.58.05:539][  0]LogModuleManager: InternalLoadLibrary: 'MutableValidation' ('C:/Program Files/Epic Games/UE_5.8/Engine/Plugins/Mutable/Binaries/Win64/UnrealEditor-MutableValidation.dll')
[2026.08.03-14.58.05:549][  0]LogModuleManager: InternalLoadLibrary: 'AssetManagerEditor' ('C:/Program Files/Epic Games/UE_5.8/Engine/Plugins/Editor/AssetManagerEditor/Binaries/Win64/UnrealEditor-AssetManagerEditor.dll')
[2026.08.03-14.58.05:555][  0]LogModuleManager: InternalLoadLibrary: 'TreeMap' ('C:/Program Files/Epic Games/UE_5.8/Engine/Binaries/Win64/UnrealEditor-TreeMap.dll')
[2026.08.03-14.58.05:556][  0]LogModuleManager: InternalLoadLibrary: 'ContentBrowser' ('C:/Program Files/Epic Games/UE_5.8/Engine/Binaries/Win64/UnrealEditor-ContentBrowser.dll')
[2026.08.03-14.58.05:556][  0]LogModuleManager: InternalLoadLibrary: 'ContentBrowserData' ('C:/Program Files/Epic Games/UE_5.8/Engine/Binaries/Win64/UnrealEditor-ContentBrowserData.dll')
[2026.08.03-14.58.05:557][  0]LogModuleManager: InternalLoadLibrary: 'ToolMenus' ('C:/Program Files/Epic Games/UE_5.8/Engine/Binaries/Win64/UnrealEditor-ToolMenus.dll')
[2026.08.03-14.58.05:557][  0]LogModuleManager: InternalLoadLibrary: 'LevelEditor' ('C:/Program Files/Epic Games/UE_5.8/Engine/Binaries/Win64/UnrealEditor-LevelEditor.dll')
[2026.08.03-14.58.05:558][  0]LogModuleManager: InternalLoadLibrary: 'MainFrame' ('C:/Program Files/Epic Games/UE_5.8/Engine/Binaries/Win64/UnrealEditor-MainFrame.dll')
[2026.08.03-14.58.05:568][  0]LogModuleManager: InternalLoadLibrary: 'HotReload' ('C:/Program Files/Epic Games/UE_5.8/Engine/Binaries/Win64/UnrealEditor-HotReload.dll')
[2026.08.03-14.58.05:569][  0]LogModuleManager: InternalLoadLibrary: 'CommonMenuExtensions' ('C:/Program Files/Epic Games/UE_5.8/Engine/Binaries/Win64/UnrealEditor-CommonMenuExtensions.dll')
[2026.08.03-14.58.05:590][  0]LogModuleManager: InternalLoadLibrary: 'AndroidDeviceProfileSelector' ('C:/Program Files/Epic Games/UE_5.8/Engine/Plugins/Runtime/AndroidDeviceProfileSelector/Binaries/Win64/UnrealEditor-AndroidDeviceProfileSelector.dll')
[2026.08.03-14.58.05:592][  0]LogModuleManager: InternalLoadLibrary: 'IOSPreviewDeviceProfileSelector' ('C:/Program Files/Epic Games/UE_5.8/Engine/Plugins/Runtime/IOSDeviceProfileSelector/Binaries/Win64/UnrealEditor-IOSPreviewDeviceProfileSelector.dll')
[2026.08.03-14.58.05:596][  0]LogModuleManager: InternalLoadLibrary: 'PixelInspectorModule' ('C:/Program Files/Epic Games/UE_5.8/Engine/Binaries/Win64/UnrealEditor-PixelInspectorModule.dll')
[2026.08.03-14.58.05:597][  0]LogModuleManager: InternalLoadLibrary: 'DataValidation' ('C:/Program Files/Epic Games/UE_5.8/Engine/Plugins/Editor/DataValidation/Binaries/Win64/UnrealEditor-DataValidation.dll')
[2026.08.03-14.58.05:598][  0]LogModuleManager: InternalLoadLibrary: 'FacialAnimation' ('C:/Program Files/Epic Games/UE_5.8/Engine/Plugins/Editor/FacialAnimation/Binaries/Win64/UnrealEditor-FacialAnimation.dll')
[2026.08.03-14.58.05:599][  0]LogModuleManager: InternalLoadLibrary: 'FacialAnimationEditor' ('C:/Program Files/Epic Games/UE_5.8/Engine/Plugins/Editor/FacialAnimation/Binaries/Win64/UnrealEditor-FacialAnimationEditor.dll')
[2026.08.03-14.58.05:600][  0]LogModuleManager: InternalLoadLibrary: 'GameplayTagsEditor' ('C:/Program Files/Epic Games/UE_5.8/Engine/Plugins/Editor/GameplayTagsEditor/Binaries/Win64/UnrealEditor-GameplayTagsEditor.dll')
[2026.08.03-14.58.05:602][  0]LogModuleManager: InternalLoadLibrary: 'NiagaraCore' ('C:/Program Files/Epic Games/UE_5.8/Engine/Plugins/FX/Niagara/Binaries/Win64/UnrealEditor-NiagaraCore.dll')
[2026.08.03-14.58.05:602][  0]LogModuleManager: InternalLoadLibrary: 'Niagara' ('C:/Program Files/Epic Games/UE_5.8/Engine/Plugins/FX/Niagara/Binaries/Win64/UnrealEditor-Niagara.dll')
[2026.08.03-14.58.05:604][  0]LogNiagaraDebuggerClient: Niagara Debugger Client Initialized | Session: 07C5820AF35548F8800000000000F800 | Instance: AF6F09F14E49339185FDF985A76C6EE5 (YONGSEOKPARK-13740).
[2026.08.03-14.58.05:604][  0]LogModuleManager: InternalLoadLibrary: 'NiagaraEditor' ('C:/Program Files/Epic Games/UE_5.8/Engine/Plugins/FX/Niagara/Binaries/Win64/UnrealEditor-NiagaraEditor.dll')
[2026.08.03-14.58.05:637][  0]LogModuleManager: InternalLoadLibrary: 'LevelSequence' ('C:/Program Files/Epic Games/UE_5.8/Engine/Binaries/Win64/UnrealEditor-LevelSequence.dll')
[2026.08.03-14.58.05:638][  0]LogModuleManager: InternalLoadLibrary: 'NiagaraAnimNotifies' ('C:/Program Files/Epic Games/UE_5.8/Engine/Plugins/FX/Niagara/Binaries/Win64/UnrealEditor-NiagaraAnimNotifies.dll')
[2026.08.03-14.58.05:639][  0]LogModuleManager: InternalLoadLibrary: 'AnimationSharing' ('C:/Program Files/Epic Games/UE_5.8/Engine/Plugins/Developer/AnimationSharing/Binaries/Win64/UnrealEditor-AnimationSharing.dll')
[2026.08.03-14.58.05:642][  0]LogModuleManager: InternalLoadLibrary: 'NiagaraSimCaching' ('C:/Program Files/Epic Games/UE_5.8/Engine/Plugins/FX/NiagaraSimCaching/Binaries/Win64/UnrealEditor-NiagaraSimCaching.dll')
[2026.08.03-14.58.05:643][  0]LogModuleManager: InternalLoadLibrary: 'NiagaraSimCachingEditor' ('C:/Program Files/Epic Games/UE_5.8/Engine/Plugins/FX/NiagaraSimCaching/Binaries/Win64/UnrealEditor-NiagaraSimCachingEditor.dll')
[2026.08.03-14.58.05:655][  0]LogModuleManager: InternalLoadLibrary: 'ActorSequence' ('C:/Program Files/Epic Games/UE_5.8/Engine/Plugins/MovieScene/ActorSequence/Binaries/Win64/UnrealEditor-ActorSequence.dll')
[2026.08.03-14.58.05:656][  0]LogModuleManager: InternalLoadLibrary: 'PropertyAccessNode' ('C:/Program Files/Epic Games/UE_5.8/Engine/Plugins/Developer/PropertyAccessNode/Binaries/Win64/UnrealEditor-PropertyAccessNode.dll')
[2026.08.03-14.58.05:657][  0]LogModuleManager: InternalLoadLibrary: 'ChaosCaching' ('C:/Program Files/Epic Games/UE_5.8/Engine/Plugins/Experimental/ChaosCaching/Binaries/Win64/UnrealEditor-ChaosCaching.dll')
[2026.08.03-14.58.05:657][  0]LogModuleManager: InternalLoadLibrary: 'ChaosCachingEditor' ('C:/Program Files/Epic Games/UE_5.8/Engine/Plugins/Experimental/ChaosCaching/Binaries/Win64/UnrealEditor-ChaosCachingEditor.dll')
[2026.08.03-14.58.05:658][  0]LogModuleManager: InternalLoadLibrary: 'TakeRecorder' ('C:/Program Files/Epic Games/UE_5.8/Engine/Plugins/VirtualProduction/Takes/Binaries/Win64/UnrealEditor-TakeRecorder.dll')
[2026.08.03-14.58.05:659][  0]LogModuleManager: InternalLoadLibrary: 'EditorTRSGizmoTests' ('C:/Program Files/Epic Games/UE_5.8/Engine/Plugins/Experimental/EditorTRSGizmo/Binaries/Win64/UnrealEditor-EditorTRSGizmoTests.dll')
[2026.08.03-14.58.05:661][  0]LogModuleManager: InternalLoadLibrary: 'FullBodyIK' ('C:/Program Files/Epic Games/UE_5.8/Engine/Plugins/Experimental/FullBodyIK/Binaries/Win64/UnrealEditor-FullBodyIK.dll')
[2026.08.03-14.58.05:715][  0]LogModuleManager: InternalLoadLibrary: 'PBIK' ('C:/Program Files/Epic Games/UE_5.8/Engine/Plugins/Experimental/FullBodyIK/Binaries/Win64/UnrealEditor-PBIK.dll')
[2026.08.03-14.58.05:717][  0]LogModuleManager: InternalLoadLibrary: 'PythonScriptPlugin' ('C:/Program Files/Epic Games/UE_5.8/Engine/Plugins/Experimental/PythonScriptPlugin/Binaries/Win64/UnrealEditor-PythonScriptPlugin.dll')
[2026.08.03-14.58.05:722][  0]LogModuleManager: InternalLoadLibrary: 'SequenceNavigator' ('C:/Program Files/Epic Games/UE_5.8/Engine/Plugins/Experimental/SequenceNavigator/Binaries/Win64/UnrealEditor-SequenceNavigator.dll')
[2026.08.03-14.58.05:724][  0]LogModuleManager: InternalLoadLibrary: 'NNERuntimeORT' ('C:/Program Files/Epic Games/UE_5.8/Engine/Plugins/NNE/NNERuntimeORT/Binaries/Win64/UnrealEditor-NNERuntimeORT.dll')
[2026.08.03-14.58.05:749][  0]LogNNERuntimeORT: MakeRuntimeORTDml:
[2026.08.03-14.58.05:749][  0]LogNNERuntimeORT:   DirectML:  yes
[2026.08.03-14.58.05:749][  0]LogNNERuntimeORT:   RHI D3D12: no
[2026.08.03-14.58.05:749][  0]LogNNERuntimeORT:   D3D12:     n/a (checked in CanCreateModelGPU)
[2026.08.03-14.58.05:749][  0]LogNNERuntimeORT: Interface availability:
[2026.08.03-14.58.05:749][  0]LogNNERuntimeORT:   GPU: n/a (checked in CanCreateModelGPU)
[2026.08.03-14.58.05:749][  0]LogNNERuntimeORT:   RDG: no
[2026.08.03-14.58.05:749][  0]LogModuleManager: InternalLoadLibrary: 'NNEEditor' ('C:/Program Files/Epic Games/UE_5.8/Engine/Binaries/Win64/UnrealEditor-NNEEditor.dll')
[2026.08.03-14.58.05:751][  0]LogModuleManager: InternalLoadLibrary: 'AudioSynesthesiaCore' ('C:/Program Files/Epic Games/UE_5.8/Engine/Plugins/Runtime/AudioSynesthesia/Binaries/Win64/UnrealEditor-AudioSynesthesiaCore.dll')
[2026.08.03-14.58.05:752][  0]LogModuleManager: InternalLoadLibrary: 'AudioSynesthesia' ('C:/Program Files/Epic Games/UE_5.8/Engine/Plugins/Runtime/AudioSynesthesia/Binaries/Win64/UnrealEditor-AudioSynesthesia.dll')
[2026.08.03-14.58.05:755][  0]LogModuleManager: InternalLoadLibrary: 'AudioAnalyzer' ('C:/Program Files/Epic Games/UE_5.8/Engine/Binaries/Win64/UnrealEditor-AudioAnalyzer.dll')
[2026.08.03-14.58.05:755][  0]LogModuleManager: InternalLoadLibrary: 'CableComponent' ('C:/Program Files/Epic Games/UE_5.8/Engine/Plugins/Runtime/CableComponent/Binaries/Win64/UnrealEditor-CableComponent.dll')
[2026.08.03-14.58.05:756][  0]LogModuleManager: InternalLoadLibrary: 'CustomMeshComponent' ('C:/Program Files/Epic Games/UE_5.8/Engine/Plugins/Runtime/CustomMeshComponent/Binaries/Win64/UnrealEditor-CustomMeshComponent.dll')
[2026.08.03-14.58.05:757][  0]LogModuleManager: InternalLoadLibrary: 'GeometryScriptingCore' ('C:/Program Files/Epic Games/UE_5.8/Engine/Plugins/Runtime/GeometryScripting/Binaries/Win64/UnrealEditor-GeometryScriptingCore.dll')
[2026.08.03-14.58.05:780][  0]LogModuleManager: InternalLoadLibrary: 'HairStrandsDeformer' ('C:/Program Files/Epic Games/UE_5.8/Engine/Plugins/Runtime/HairStrands/Binaries/Win64/UnrealEditor-HairStrandsDeformer.dll')
[2026.08.03-14.58.05:787][  0]LogModuleManager: InternalLoadLibrary: 'HairStrandsSolver' ('C:/Program Files/Epic Games/UE_5.8/Engine/Plugins/Runtime/HairStrands/Binaries/Win64/UnrealEditor-HairStrandsSolver.dll')
[2026.08.03-14.58.05:789][  0]LogModuleManager: InternalLoadLibrary: 'LocationServicesBPLibrary' ('C:/Program Files/Epic Games/UE_5.8/Engine/Plugins/Runtime/LocationServicesBPLibrary/Binaries/Win64/UnrealEditor-LocationServicesBPLibrary.dll')
[2026.08.03-14.58.05:790][  0]LogModuleManager: InternalLoadLibrary: 'MetasoundGraphCore' ('C:/Program Files/Epic Games/UE_5.8/Engine/Plugins/Runtime/Metasound/Binaries/Win64/UnrealEditor-MetasoundGraphCore.dll')
[2026.08.03-14.58.05:791][  0]LogModuleManager: InternalLoadLibrary: 'MetasoundGenerator' ('C:/Program Files/Epic Games/UE_5.8/Engine/Plugins/Runtime/Metasound/Binaries/Win64/UnrealEditor-MetasoundGenerator.dll')
[2026.08.03-14.58.05:796][  0]LogModuleManager: InternalLoadLibrary: 'MetasoundFrontend' ('C:/Program Files/Epic Games/UE_5.8/Engine/Plugins/Runtime/Metasound/Binaries/Win64/UnrealEditor-MetasoundFrontend.dll')
[2026.08.03-14.58.05:799][  0]LogModuleManager: InternalLoadLibrary: 'AudioChannelAgnosticCore' ('C:/Program Files/Epic Games/UE_5.8/Engine/Binaries/Win64/UnrealEditor-AudioChannelAgnosticCore.dll')
[2026.08.03-14.58.05:799][  0]LogModuleManager: InternalLoadLibrary: 'MetasoundStandardNodes' ('C:/Program Files/Epic Games/UE_5.8/Engine/Plugins/Runtime/Metasound/Binaries/Win64/UnrealEditor-MetasoundStandardNodes.dll')
[2026.08.03-14.58.05:810][  0]LogModuleManager: InternalLoadLibrary: 'MetasoundEngine' ('C:/Program Files/Epic Games/UE_5.8/Engine/Plugins/Runtime/Metasound/Binaries/Win64/UnrealEditor-MetasoundEngine.dll')
[2026.08.03-14.58.05:815][  0]LogMetaSound: Display: MetaSound Page Target Initialized to 'Default'
[2026.08.03-14.58.05:815][  0]LogModuleManager: InternalLoadLibrary: 'WaveTable' ('C:/Program Files/Epic Games/UE_5.8/Engine/Plugins/Runtime/WaveTable/Binaries/Win64/UnrealEditor-WaveTable.dll')
[2026.08.03-14.58.05:817][  0]LogAudio: Display: Registering Engine Module Parameter Interfaces...
[2026.08.03-14.58.05:817][  0]LogMetaSound: MetaSound Engine Initialized
[2026.08.03-14.58.05:817][  0]LogModuleManager: InternalLoadLibrary: 'MetasoundEngineTest' ('C:/Program Files/Epic Games/UE_5.8/Engine/Plugins/Runtime/Metasound/Binaries/Win64/UnrealEditor-MetasoundEngineTest.dll')
[2026.08.03-14.58.05:829][  0]LogModuleManager: InternalLoadLibrary: 'AudioWidgets' ('C:/Program Files/Epic Games/UE_5.8/Engine/Plugins/Runtime/AudioWidgets/Binaries/Win64/UnrealEditor-AudioWidgets.dll')
[2026.08.03-14.58.05:829][  0]LogModuleManager: InternalLoadLibrary: 'AdvancedWidgets' ('C:/Program Files/Epic Games/UE_5.8/Engine/Binaries/Win64/UnrealEditor-AdvancedWidgets.dll')
[2026.08.03-14.58.05:830][  0]LogModuleManager: InternalLoadLibrary: 'MetasoundEditor' ('C:/Program Files/Epic Games/UE_5.8/Engine/Plugins/Runtime/Metasound/Binaries/Win64/UnrealEditor-MetasoundEditor.dll')
[2026.08.03-14.58.05:831][  0]LogModuleManager: InternalLoadLibrary: 'MsQuicRuntime' ('C:/Program Files/Epic Games/UE_5.8/Engine/Plugins/Runtime/MsQuic/Binaries/Win64/UnrealEditor-MsQuicRuntime.dll')
[2026.08.03-14.58.05:831][  0]LogModuleManager: InternalLoadLibrary: 'ProceduralMeshComponent' ('C:/Program Files/Epic Games/UE_5.8/Engine/Plugins/Runtime/ProceduralMeshComponent/Binaries/Win64/UnrealEditor-ProceduralMeshComponent.dll')
[2026.08.03-14.58.05:833][  0]LogModuleManager: InternalLoadLibrary: 'PropertyAccessEditor' ('C:/Program Files/Epic Games/UE_5.8/Engine/Plugins/Runtime/PropertyAccess/Binaries/Win64/UnrealEditor-PropertyAccessEditor.dll')
[2026.08.03-14.58.05:834][  0]LogModuleManager: InternalLoadLibrary: 'PropertyBindingUtils' ('C:/Program Files/Epic Games/UE_5.8/Engine/Plugins/Runtime/PropertyBindingUtils/Binaries/Win64/UnrealEditor-PropertyBindingUtils.dll')
[2026.08.03-14.58.05:835][  0]LogModuleManager: InternalLoadLibrary: 'PropertyBindingUtilsTestSuite' ('C:/Program Files/Epic Games/UE_5.8/Engine/Plugins/Runtime/PropertyBindingUtils/Binaries/Win64/UnrealEditor-PropertyBindingUtilsTestSuite.dll')
[2026.08.03-14.58.05:836][  0]LogModuleManager: InternalLoadLibrary: 'RigVM' ('C:/Program Files/Epic Games/UE_5.8/Engine/Plugins/Runtime/RigVM/Binaries/Win64/UnrealEditor-RigVM.dll')
[2026.08.03-14.58.05:836][  0]LogModuleManager: InternalLoadLibrary: 'RigVMDeveloper' ('C:/Program Files/Epic Games/UE_5.8/Engine/Plugins/Runtime/RigVM/Binaries/Win64/UnrealEditor-RigVMDeveloper.dll')
[2026.08.03-14.58.05:837][  0]LogModuleManager: InternalLoadLibrary: 'ResonanceAudio' ('C:/Program Files/Epic Games/UE_5.8/Engine/Plugins/Runtime/ResonanceAudio/Binaries/Win64/UnrealEditor-ResonanceAudio.dll')
[2026.08.03-14.58.05:838][  0]LogModuleManager: InternalLoadLibrary: 'SignificanceManager' ('C:/Program Files/Epic Games/UE_5.8/Engine/Plugins/Runtime/SignificanceManager/Binaries/Win64/UnrealEditor-SignificanceManager.dll')
[2026.08.03-14.58.05:838][  0]LogModuleManager: InternalLoadLibrary: 'SoundFields' ('C:/Program Files/Epic Games/UE_5.8/Engine/Plugins/Runtime/SoundFields/Binaries/Win64/UnrealEditor-SoundFields.dll')
[2026.08.03-14.58.05:839][  0]LogModuleManager: InternalLoadLibrary: 'StateTreeModule' ('C:/Program Files/Epic Games/UE_5.8/Engine/Plugins/Runtime/StateTree/Binaries/Win64/UnrealEditor-StateTreeModule.dll')
[2026.08.03-14.58.05:843][  0]LogModuleManager: InternalLoadLibrary: 'TraceServices' ('C:/Program Files/Epic Games/UE_5.8/Engine/Binaries/Win64/UnrealEditor-TraceServices.dll')
[2026.08.03-14.58.05:843][  0]LogModuleManager: InternalLoadLibrary: 'TraceAnalysis' ('C:/Program Files/Epic Games/UE_5.8/Engine/Binaries/Win64/UnrealEditor-TraceAnalysis.dll')
[2026.08.03-14.58.05:844][  0]LogModuleManager: InternalLoadLibrary: 'StateTreeTestSuite' ('C:/Program Files/Epic Games/UE_5.8/Engine/Plugins/Runtime/StateTree/Binaries/Win64/UnrealEditor-StateTreeTestSuite.dll')
[2026.08.03-14.58.05:850][  0]LogModuleManager: InternalLoadLibrary: 'Synthesis' ('C:/Program Files/Epic Games/UE_5.8/Engine/Plugins/Runtime/Synthesis/Binaries/Win64/UnrealEditor-Synthesis.dll')
[2026.08.03-14.58.05:855][  0]LogModuleManager: InternalLoadLibrary: 'InterchangeNodes' ('C:/Program Files/Epic Games/UE_5.8/Engine/Plugins/Interchange/Runtime/Binaries/Win64/UnrealEditor-InterchangeNodes.dll')
[2026.08.03-14.58.05:856][  0]LogModuleManager: InternalLoadLibrary: 'InterchangeFactoryNodes' ('C:/Program Files/Epic Games/UE_5.8/Engine/Plugins/Interchange/Runtime/Binaries/Win64/UnrealEditor-InterchangeFactoryNodes.dll')
[2026.08.03-14.58.05:856][  0]LogModuleManager: InternalLoadLibrary: 'InterchangeImport' ('C:/Program Files/Epic Games/UE_5.8/Engine/Plugins/Interchange/Runtime/Binaries/Win64/UnrealEditor-InterchangeImport.dll')
[2026.08.03-14.58.05:927][  0]LogModuleManager: InternalLoadLibrary: 'InterchangePipelines' ('C:/Program Files/Epic Games/UE_5.8/Engine/Plugins/Interchange/Runtime/Binaries/Win64/UnrealEditor-InterchangePipelines.dll')
[2026.08.03-14.58.05:931][  0]LogModuleManager: InternalLoadLibrary: 'ImgMediaEngine' ('C:/Program Files/Epic Games/UE_5.8/Engine/Plugins/Media/ImgMedia/Binaries/Win64/UnrealEditor-ImgMediaEngine.dll')
[2026.08.03-14.58.05:932][  0]LogModuleManager: InternalLoadLibrary: 'TcpMessaging' ('C:/Program Files/Epic Games/UE_5.8/Engine/Plugins/Messaging/TcpMessaging/Binaries/Win64/UnrealEditor-TcpMessaging.dll')
[2026.08.03-14.58.05:933][  0]LogTcpMessaging: Initializing TcpMessaging bridge
[2026.08.03-14.58.05:935][  0]LogModuleManager: InternalLoadLibrary: 'UdpMessaging' ('C:/Program Files/Epic Games/UE_5.8/Engine/Plugins/Messaging/UdpMessaging/Binaries/Win64/UnrealEditor-UdpMessaging.dll')
[2026.08.03-14.58.05:937][  0]LogUdpMessaging: Initializing bridge on interface 0.0.0.0:0 to multicast group 230.0.0.1:6666.
[2026.08.03-14.58.05:937][  0]LogUdpMessaging: Display: Unicast socket bound to '0.0.0.0:49165'.
[2026.08.03-14.58.05:940][  0]LogUdpMessaging: Display: Added local interface '192.168.0.74' to multicast group '230.0.0.1:6666'
[2026.08.03-14.58.05:940][  0]LogUdpMessaging: Display: Added local interface '127.0.0.1' to multicast group '230.0.0.1:6666'
[2026.08.03-14.58.05:942][  0]LogUdpMessaging: Display: Using asynchronous task graph for message deserialization.
[2026.08.03-14.58.05:944][  0]LogModuleManager: InternalLoadLibrary: 'Paper2D' ('C:/Program Files/Epic Games/UE_5.8/Engine/Plugins/2D/Paper2D/Binaries/Win64/UnrealEditor-Paper2D.dll')
[2026.08.03-14.58.05:950][  0]LogModuleManager: InternalLoadLibrary: 'AnimationData' ('C:/Program Files/Epic Games/UE_5.8/Engine/Plugins/Animation/AnimationData/Binaries/Win64/UnrealEditor-AnimationData.dll')
[2026.08.03-14.58.05:952][  0]LogModuleManager: InternalLoadLibrary: 'EnvironmentQueryEditor' ('C:/Program Files/Epic Games/UE_5.8/Engine/Plugins/AI/EnvironmentQueryEditor/Binaries/Win64/UnrealEditor-EnvironmentQueryEditor.dll')
[2026.08.03-14.58.05:953][  0]LogModuleManager: InternalLoadLibrary: 'AnimationModifierLibrary' ('C:/Program Files/Epic Games/UE_5.8/Engine/Plugins/Animation/AnimationModifierLibrary/Binaries/Win64/UnrealEditor-AnimationModifierLibrary.dll')
[2026.08.03-14.58.05:955][  0]LogModuleManager: InternalLoadLibrary: 'ControlRig' ('C:/Program Files/Epic Games/UE_5.8/Engine/Plugins/Animation/ControlRig/Binaries/Win64/UnrealEditor-ControlRig.dll')
[2026.08.03-14.58.05:957][  0]LogModuleManager: InternalLoadLibrary: 'Constraints' ('C:/Program Files/Epic Games/UE_5.8/Engine/Binaries/Win64/UnrealEditor-Constraints.dll')
[2026.08.03-14.58.05:957][  0]LogModuleManager: InternalLoadLibrary: 'ControlRigDeveloper' ('C:/Program Files/Epic Games/UE_5.8/Engine/Plugins/Animation/ControlRig/Binaries/Win64/UnrealEditor-ControlRigDeveloper.dll')
[2026.08.03-14.58.05:965][  0]LogModuleManager: InternalLoadLibrary: 'OptimusCore' ('C:/Program Files/Epic Games/UE_5.8/Engine/Plugins/Animation/DeformerGraph/Binaries/Win64/UnrealEditor-OptimusCore.dll')
[2026.08.03-14.58.05:966][  0]LogModuleManager: InternalLoadLibrary: 'OptimusDeveloper' ('C:/Program Files/Epic Games/UE_5.8/Engine/Plugins/Animation/DeformerGraph/Binaries/Win64/UnrealEditor-OptimusDeveloper.dll')
[2026.08.03-14.58.05:967][  0]LogModuleManager: InternalLoadLibrary: 'EngineCameras' ('C:/Program Files/Epic Games/UE_5.8/Engine/Plugins/Cameras/EngineCameras/Binaries/Win64/UnrealEditor-EngineCameras.dll')
[2026.08.03-14.58.05:970][  0]LogModuleManager: InternalLoadLibrary: 'GameplayCameras' ('C:/Program Files/Epic Games/UE_5.8/Engine/Plugins/Cameras/GameplayCameras/Binaries/Win64/UnrealEditor-GameplayCameras.dll')
[2026.08.03-14.58.05:979][  0]LogModuleManager: InternalLoadLibrary: 'RigLogicLib' ('C:/Program Files/Epic Games/UE_5.8/Engine/Plugins/Animation/RigLogic/Binaries/Win64/UnrealEditor-RigLogicLib.dll')
[2026.08.03-14.58.05:980][  0]LogModuleManager: InternalLoadLibrary: 'RigLogicLibTest' ('C:/Program Files/Epic Games/UE_5.8/Engine/Plugins/Animation/RigLogic/Binaries/Win64/UnrealEditor-RigLogicLibTest.dll')
[2026.08.03-14.58.05:986][  0]LogModuleManager: InternalLoadLibrary: 'RigLogicDeveloper' ('C:/Program Files/Epic Games/UE_5.8/Engine/Plugins/Animation/RigLogic/Binaries/Win64/UnrealEditor-RigLogicDeveloper.dll')
[2026.08.03-14.58.05:989][  0]LogModuleManager: InternalLoadLibrary: 'Concert' ('C:/Program Files/Epic Games/UE_5.8/Engine/Plugins/Developer/Concert/ConcertMain/Binaries/Win64/UnrealEditor-Concert.dll')
[2026.08.03-14.58.05:993][  0]LogModuleManager: InternalLoadLibrary: 'ConcertClient' ('C:/Program Files/Epic Games/UE_5.8/Engine/Plugins/Developer/Concert/ConcertMain/Binaries/Win64/UnrealEditor-ConcertClient.dll')
[2026.08.03-14.58.05:994][  0]LogModuleManager: InternalLoadLibrary: 'ConcertTransport' ('C:/Program Files/Epic Games/UE_5.8/Engine/Plugins/Developer/Concert/ConcertMain/Binaries/Win64/UnrealEditor-ConcertTransport.dll')
[2026.08.03-14.58.05:994][  0]LogModuleManager: InternalLoadLibrary: 'ConcertServer' ('C:/Program Files/Epic Games/UE_5.8/Engine/Plugins/Developer/Concert/ConcertMain/Binaries/Win64/UnrealEditor-ConcertServer.dll')
[2026.08.03-14.58.05:996][  0]LogModuleManager: InternalLoadLibrary: 'RD' ('C:/Program Files/Epic Games/UE_5.8/Engine/Plugins/Marketplace/Developer/RiderLink/Binaries/Win64/UnrealEditor-RD.dll')
[2026.08.03-14.58.05:997][  0]LogModuleManager: InternalLoadLibrary: 'RiderLink' ('C:/Program Files/Epic Games/UE_5.8/Engine/Plugins/Marketplace/Developer/RiderLink/Binaries/Win64/UnrealEditor-RiderLink.dll')
[2026.08.03-14.58.05:998][  0]LogModuleManager: InternalLoadLibrary: 'RiderLogging' ('C:/Program Files/Epic Games/UE_5.8/Engine/Plugins/Marketplace/Developer/RiderLink/Binaries/Win64/UnrealEditor-RiderLogging.dll')
[2026.08.03-14.58.06:002][  0]LogModuleManager: InternalLoadLibrary: 'RiderDebuggerSupport' ('C:/Program Files/Epic Games/UE_5.8/Engine/Plugins/Marketplace/Developer/RiderLink/Binaries/Win64/UnrealEditor-RiderDebuggerSupport.dll')
[2026.08.03-14.58.06:003][  0]LogModuleManager: InternalLoadLibrary: 'SQLiteCore' ('C:/Program Files/Epic Games/UE_5.8/Engine/Plugins/Runtime/Database/SQLiteCore/Binaries/Win64/UnrealEditor-SQLiteCore.dll')
[2026.08.03-14.58.06:005][  0]LogModuleManager: InternalLoadLibrary: 'Scribble' ('C:/Program Files/Epic Games/UE_5.8/Engine/Plugins/Experimental/Animation/Scribble/Binaries/Win64/UnrealEditor-Scribble.dll')
[2026.08.03-14.58.06:005][  0]LogModuleManager: InternalLoadLibrary: 'ConcertSyncCore' ('C:/Program Files/Epic Games/UE_5.8/Engine/Plugins/Developer/Concert/ConcertSync/ConcertSyncCore/Binaries/Win64/UnrealEditor-ConcertSyncCore.dll')
[2026.08.03-14.58.06:009][  0]LogModuleManager: InternalLoadLibrary: 'O_Mock' ('C:/Users/sster/Documents/Git/O-Mock/Binaries/Win64/UnrealEditor-O_Mock.dll')
[2026.08.03-14.58.06:034][  0]LogModuleManager: InternalLoadLibrary: 'AudioInsights' ('C:/Program Files/Epic Games/UE_5.8/Engine/Plugins/AudioInsights/Binaries/Win64/UnrealEditor-AudioInsights.dll')
[2026.08.03-14.58.06:039][  0]LogModuleManager: InternalLoadLibrary: 'AudioInsightsEditor' ('C:/Program Files/Epic Games/UE_5.8/Engine/Plugins/AudioInsights/Binaries/Win64/UnrealEditor-AudioInsightsEditor.dll')
[2026.08.03-14.58.06:041][  0]LogModuleManager: InternalLoadLibrary: 'AudioInsightsRuntime' ('C:/Program Files/Epic Games/UE_5.8/Engine/Plugins/AudioInsightsRuntime/Binaries/Win64/UnrealEditor-AudioInsightsRuntime.dll')
[2026.08.03-14.58.06:042][  0]LogModuleManager: InternalLoadLibrary: 'AudioModulationInsights' ('C:/Program Files/Epic Games/UE_5.8/Engine/Plugins/AudioModulationInsights/Binaries/Win64/UnrealEditor-AudioModulationInsights.dll')
[2026.08.03-14.58.06:044][  0]LogModuleManager: InternalLoadLibrary: 'ChaosClothEditor' ('C:/Program Files/Epic Games/UE_5.8/Engine/Plugins/ChaosCloth/Binaries/Win64/UnrealEditor-ChaosClothEditor.dll')
[2026.08.03-14.58.06:045][  0]LogModuleManager: InternalLoadLibrary: 'ChaosInsightsAnalysis' ('C:/Program Files/Epic Games/UE_5.8/Engine/Plugins/ChaosInsights/Binaries/Win64/UnrealEditor-ChaosInsightsAnalysis.dll')
[2026.08.03-14.58.06:046][  0]LogModuleManager: InternalLoadLibrary: 'ChaosInsightsUI' ('C:/Program Files/Epic Games/UE_5.8/Engine/Plugins/ChaosInsights/Binaries/Win64/UnrealEditor-ChaosInsightsUI.dll')
[2026.08.03-14.58.06:050][  0]LogModuleManager: InternalLoadLibrary: 'ChaosVD' ('C:/Program Files/Epic Games/UE_5.8/Engine/Plugins/ChaosVD/Binaries/Win64/UnrealEditor-ChaosVD.dll')
[2026.08.03-14.58.06:058][  0]LogModuleManager: InternalLoadLibrary: 'ChaosVDRuntime' ('C:/Program Files/Epic Games/UE_5.8/Engine/Binaries/Win64/UnrealEditor-ChaosVDRuntime.dll')
[2026.08.03-14.58.06:059][  0]LogModuleManager: InternalLoadLibrary: 'ChaosVDBlueprint' ('C:/Program Files/Epic Games/UE_5.8/Engine/Plugins/ChaosVD/Binaries/Win64/UnrealEditor-ChaosVDBlueprint.dll')
[2026.08.03-14.58.06:060][  0]LogModuleManager: InternalLoadLibrary: 'ChaosVDBuiltInExtensions' ('C:/Program Files/Epic Games/UE_5.8/Engine/Plugins/ChaosVD/Binaries/Win64/UnrealEditor-ChaosVDBuiltInExtensions.dll')
[2026.08.03-14.58.06:062][  0]LogChaosVDEditor: [FChaosVDExtensionsManager::RegisterExtension] Registering CVD Extension [FChaosVDGenericDebugDrawExtension] ...
[2026.08.03-14.58.06:062][  0]LogChaosVDEditor: [FChaosVDExtensionsManager::RegisterExtension] Registering CVD Extension [FChaosVDAccelerationStructuresExtension] ...
[2026.08.03-14.58.06:062][  0]LogChaosVDEditor: [FChaosVDExtensionsManager::RegisterExtension] Registering CVD Extension [FChaosVDCameraTracesExtension] ...
[2026.08.03-14.58.06:062][  0]LogChaosVDEditor: [FChaosVDExtensionsManager::RegisterExtension] Registering CVD Extension [FChaosVDParticleExtraDataExtension] ...
[2026.08.03-14.58.06:062][  0]LogChaosVDEditor: [FChaosVDExtensionsManager::RegisterExtension] Registering CVD Extension [FPerformanceMetricsExtension] ...
[2026.08.03-14.58.06:062][  0]LogModuleManager: InternalLoadLibrary: 'DataflowEnginePlugin' ('C:/Program Files/Epic Games/UE_5.8/Engine/Plugins/Dataflow/Binaries/Win64/UnrealEditor-DataflowEnginePlugin.dll')
[2026.08.03-14.58.06:062][  0]LogModuleManager: InternalLoadLibrary: 'DataflowEngine' ('C:/Program Files/Epic Games/UE_5.8/Engine/Binaries/Win64/UnrealEditor-DataflowEngine.dll')
[2026.08.03-14.58.06:063][  0]LogModuleManager: InternalLoadLibrary: 'DataflowSimulation' ('C:/Program Files/Epic Games/UE_5.8/Engine/Binaries/Win64/UnrealEditor-DataflowSimulation.dll')
[2026.08.03-14.58.06:063][  0]LogModuleManager: InternalLoadLibrary: 'DataflowNodes' ('C:/Program Files/Epic Games/UE_5.8/Engine/Plugins/Dataflow/Binaries/Win64/UnrealEditor-DataflowNodes.dll')
[2026.08.03-14.58.06:067][  0]LogModuleManager: InternalLoadLibrary: 'InputEditor' ('C:/Program Files/Epic Games/UE_5.8/Engine/Plugins/EnhancedInput/Binaries/Win64/UnrealEditor-InputEditor.dll')
[2026.08.03-14.58.06:068][  0]LogModuleManager: InternalLoadLibrary: 'IoStoreInsights' ('C:/Program Files/Epic Games/UE_5.8/Engine/Plugins/IoStoreInsights/Binaries/Win64/UnrealEditor-IoStoreInsights.dll')
[2026.08.03-14.58.06:069][  0]LogModuleManager: InternalLoadLibrary: 'TraceInsights' ('C:/Program Files/Epic Games/UE_5.8/Engine/Binaries/Win64/UnrealEditor-TraceInsights.dll')
[2026.08.03-14.58.06:069][  0]LogModuleManager: InternalLoadLibrary: 'TraceInsightsCore' ('C:/Program Files/Epic Games/UE_5.8/Engine/Binaries/Win64/UnrealEditor-TraceInsightsCore.dll')
[2026.08.03-14.58.06:073][  0]LogTimingProfiler: Initialize
[2026.08.03-14.58.06:073][  0]LogTimingProfiler: OnSessionChanged
[2026.08.03-14.58.06:073][  0]LogLoadingProfiler: Initialize
[2026.08.03-14.58.06:073][  0]LogLoadingProfiler: OnSessionChanged
[2026.08.03-14.58.06:073][  0]LogNetworkingProfiler: Initialize
[2026.08.03-14.58.06:073][  0]LogNetworkingProfiler: OnSessionChanged
[2026.08.03-14.58.06:073][  0]LogMemoryProfiler: Initialize
[2026.08.03-14.58.06:073][  0]LogMemoryProfiler: OnSessionChanged
[2026.08.03-14.58.06:073][  0]LogObjectProfiler: Initialize
[2026.08.03-14.58.06:073][  0]LogObjectProfiler: OnSessionChanged
[2026.08.03-14.58.06:073][  0]LogModuleManager: InternalLoadLibrary: 'MassInsightsAnalysis' ('C:/Program Files/Epic Games/UE_5.8/Engine/Plugins/MassInsights/Binaries/Win64/UnrealEditor-MassInsightsAnalysis.dll')
[2026.08.03-14.58.06:075][  0]LogModuleManager: InternalLoadLibrary: 'MassInsightsUI' ('C:/Program Files/Epic Games/UE_5.8/Engine/Plugins/MassInsights/Binaries/Win64/UnrealEditor-MassInsightsUI.dll')
[2026.08.03-14.58.06:076][  0]LogModuleManager: InternalLoadLibrary: 'MeshPaintEditorMode' ('C:/Program Files/Epic Games/UE_5.8/Engine/Plugins/MeshPainting/Binaries/Win64/UnrealEditor-MeshPaintEditorMode.dll')
[2026.08.03-14.58.06:080][  0]LogModuleManager: InternalLoadLibrary: 'MeshPaintingToolset' ('C:/Program Files/Epic Games/UE_5.8/Engine/Plugins/MeshPainting/Binaries/Win64/UnrealEditor-MeshPaintingToolset.dll')
[2026.08.03-14.58.06:080][  0]LogModuleManager: InternalLoadLibrary: 'CustomizableObjectEditor' ('C:/Program Files/Epic Games/UE_5.8/Engine/Plugins/Mutable/Binaries/Win64/UnrealEditor-CustomizableObjectEditor.dll')
[2026.08.03-14.58.06:081][  0]LogMutable: Creating Mutable Customizable Object System.
[2026.08.03-14.58.06:081][  0]LogModuleManager: InternalLoadLibrary: 'PCG' ('C:/Program Files/Epic Games/UE_5.8/Engine/Plugins/PCG/Binaries/Win64/UnrealEditor-PCG.dll')
[2026.08.03-14.58.06:108][  0]LogConfig: Applying CVar settings from Section [/Script/PCG.PCGEngineSettings] File [Engine]
[2026.08.03-14.58.06:118][  0]LogModuleManager: InternalLoadLibrary: 'PCGEditor' ('C:/Program Files/Epic Games/UE_5.8/Engine/Plugins/PCG/Binaries/Win64/UnrealEditor-PCGEditor.dll')
[2026.08.03-14.58.06:129][  0]LogModuleManager: InternalLoadLibrary: 'RenderGraphInsights' ('C:/Program Files/Epic Games/UE_5.8/Engine/Plugins/RenderGraphInsights/Binaries/Win64/UnrealEditor-RenderGraphInsights.dll')
[2026.08.03-14.58.06:130][  0]LogModuleManager: InternalLoadLibrary: 'RenderTraceInsights' ('C:/Program Files/Epic Games/UE_5.8/Engine/Plugins/RenderTraceInsights/Binaries/Win64/UnrealEditor-RenderTraceInsights.dll')
[2026.08.03-14.58.06:131][  0]LogModuleManager: InternalLoadLibrary: 'TraceUtilities' ('C:/Program Files/Epic Games/UE_5.8/Engine/Plugins/TraceUtilities/Binaries/Win64/UnrealEditor-TraceUtilities.dll')
[2026.08.03-14.58.06:131][  0]LogModuleManager: InternalLoadLibrary: 'EditorTraceUtilities' ('C:/Program Files/Epic Games/UE_5.8/Engine/Plugins/TraceUtilities/Binaries/Win64/UnrealEditor-EditorTraceUtilities.dll')
[2026.08.03-14.58.06:134][  0]LogModuleManager: InternalLoadLibrary: 'TraceTools' ('C:/Program Files/Epic Games/UE_5.8/Engine/Binaries/Win64/UnrealEditor-TraceTools.dll')
[2026.08.03-14.58.06:135][  0]LogModuleManager: InternalLoadLibrary: 'InsightsEditor' ('C:/Program Files/Epic Games/UE_5.8/Engine/Plugins/TraceUtilities/Binaries/Win64/UnrealEditor-InsightsEditor.dll')
[2026.08.03-14.58.06:136][  0]LogModuleManager: InternalLoadLibrary: 'WorldMetricsCore' ('C:/Program Files/Epic Games/UE_5.8/Engine/Plugins/WorldMetrics/Binaries/Win64/UnrealEditor-WorldMetricsCore.dll')
[2026.08.03-14.58.06:137][  0]LogModuleManager: InternalLoadLibrary: 'WorldMetricsTest' ('C:/Program Files/Epic Games/UE_5.8/Engine/Plugins/WorldMetrics/Binaries/Win64/UnrealEditor-WorldMetricsTest.dll')
[2026.08.03-14.58.06:138][  0]LogModuleManager: InternalLoadLibrary: 'CsvMetrics' ('C:/Program Files/Epic Games/UE_5.8/Engine/Plugins/WorldMetrics/Binaries/Win64/UnrealEditor-CsvMetrics.dll')
[2026.08.03-14.58.06:139][  0]LogModuleManager: InternalLoadLibrary: 'OodleNetworkHandlerComponent' ('C:/Program Files/Epic Games/UE_5.8/Engine/Plugins/Compression/OodleNetwork/Binaries/Win64/UnrealEditor-OodleNetworkHandlerComponent.dll')
[2026.08.03-14.58.06:140][  0]LogModuleManager: InternalLoadLibrary: 'ChangelistReview' ('C:/Program Files/Epic Games/UE_5.8/Engine/Plugins/Editor/ChangelistReview/Binaries/Win64/UnrealEditor-ChangelistReview.dll')
[2026.08.03-14.58.06:142][  0]LogModuleManager: InternalLoadLibrary: 'BlueprintHeaderView' ('C:/Program Files/Epic Games/UE_5.8/Engine/Plugins/Editor/BlueprintHeaderView/Binaries/Win64/UnrealEditor-BlueprintHeaderView.dll')
[2026.08.03-14.58.06:143][  0]LogModuleManager: InternalLoadLibrary: 'ColorGradingEditor' ('C:/Program Files/Epic Games/UE_5.8/Engine/Plugins/Editor/ColorGrading/Binaries/Win64/UnrealEditor-ColorGradingEditor.dll')
[2026.08.03-14.58.06:151][  0]LogModuleManager: InternalLoadLibrary: 'CurveEditorTools' ('C:/Program Files/Epic Games/UE_5.8/Engine/Plugins/Editor/CurveEditorTools/Binaries/Win64/UnrealEditor-CurveEditorTools.dll')
[2026.08.03-14.58.06:154][  0]LogModuleManager: InternalLoadLibrary: 'CryptoKeys' ('C:/Program Files/Epic Games/UE_5.8/Engine/Plugins/Editor/CryptoKeys/Binaries/Win64/UnrealEditor-CryptoKeys.dll')
[2026.08.03-14.58.06:160][  0]LogModuleManager: InternalLoadLibrary: 'CryptoKeysOpenSSL' ('C:/Program Files/Epic Games/UE_5.8/Engine/Plugins/Editor/CryptoKeys/Binaries/Win64/UnrealEditor-CryptoKeysOpenSSL.dll')
[2026.08.03-14.58.06:160][  0]LogModuleManager: InternalLoadLibrary: 'ConsoleVariablesEditor' ('C:/Program Files/Epic Games/UE_5.8/Engine/Plugins/Editor/ConsoleVariablesEditor/Binaries/Win64/UnrealEditor-ConsoleVariablesEditor.dll')
[2026.08.03-14.58.06:163][  0]LogModuleManager: InternalLoadLibrary: 'ConsoleVariablesEditorRuntime' ('C:/Program Files/Epic Games/UE_5.8/Engine/Plugins/Editor/ConsoleVariablesEditor/Binaries/Win64/UnrealEditor-ConsoleVariablesEditorRuntime.dll')
[2026.08.03-14.58.06:163][  0]LogModuleManager: InternalLoadLibrary: 'EditorDebugTools' ('C:/Program Files/Epic Games/UE_5.8/Engine/Plugins/Editor/EditorDebugTools/Binaries/Win64/UnrealEditor-EditorDebugTools.dll')
[2026.08.03-14.58.06:165][  0]LogModuleManager: InternalLoadLibrary: 'EditorScriptingUtilities' ('C:/Program Files/Epic Games/UE_5.8/Engine/Plugins/Editor/EditorScriptingUtilities/Binaries/Win64/UnrealEditor-EditorScriptingUtilities.dll')
[2026.08.03-14.58.06:165][  0]LogModuleManager: InternalLoadLibrary: 'MaterialAnalyzer' ('C:/Program Files/Epic Games/UE_5.8/Engine/Plugins/Editor/MaterialAnalyzer/Binaries/Win64/UnrealEditor-MaterialAnalyzer.dll')
[2026.08.03-14.58.06:166][  0]LogModuleManager: InternalLoadLibrary: 'MaterialAssetWizard' ('C:/Program Files/Epic Games/UE_5.8/Engine/Plugins/Editor/MaterialAssetWizard/Binaries/Win64/UnrealEditor-MaterialAssetWizard.dll')
[2026.08.03-14.58.06:167][  0]LogModuleManager: InternalLoadLibrary: 'MeshLODToolset' ('C:/Program Files/Epic Games/UE_5.8/Engine/Plugins/Editor/MeshLODToolset/Binaries/Win64/UnrealEditor-MeshLODToolset.dll')
[2026.08.03-14.58.06:167][  0]LogModuleManager: InternalLoadLibrary: 'MobileLauncherProfileWizard' ('C:/Program Files/Epic Games/UE_5.8/Engine/Plugins/Editor/MobileLauncherProfileWizard/Binaries/Win64/UnrealEditor-MobileLauncherProfileWizard.dll')
[2026.08.03-14.58.06:168][  0]LogModuleManager: InternalLoadLibrary: 'ModelingToolsEditorMode' ('C:/Program Files/Epic Games/UE_5.8/Engine/Plugins/Editor/ModelingToolsEditorMode/Binaries/Win64/UnrealEditor-ModelingToolsEditorMode.dll')
[2026.08.03-14.58.06:168][  0]LogModuleManager: InternalLoadLibrary: 'PluginBrowser' ('C:/Program Files/Epic Games/UE_5.8/Engine/Plugins/Editor/PluginBrowser/Binaries/Win64/UnrealEditor-PluginBrowser.dll')
[2026.08.03-14.58.06:170][  0]LogModuleManager: InternalLoadLibrary: 'Cascade' ('C:/Program Files/Epic Games/UE_5.8/Engine/Plugins/FX/Cascade/Binaries/Win64/UnrealEditor-Cascade.dll')
[2026.08.03-14.58.06:172][  0]LogModuleManager: InternalLoadLibrary: 'SequencerAnimTools' ('C:/Program Files/Epic Games/UE_5.8/Engine/Plugins/Editor/SequencerAnimTools/Binaries/Win64/UnrealEditor-SequencerAnimTools.dll')
[2026.08.03-14.58.06:189][  0]LogModuleManager: InternalLoadLibrary: 'SpeedTreeImporter' ('C:/Program Files/Epic Games/UE_5.8/Engine/Plugins/Editor/SpeedTreeImporter/Binaries/Win64/UnrealEditor-SpeedTreeImporter.dll')
[2026.08.03-14.58.06:202][  0]LogModuleManager: InternalLoadLibrary: 'NiagaraBlueprintNodes' ('C:/Program Files/Epic Games/UE_5.8/Engine/Plugins/FX/Niagara/Binaries/Win64/UnrealEditor-NiagaraBlueprintNodes.dll')
[2026.08.03-14.58.06:204][  0]LogModuleManager: InternalLoadLibrary: 'NiagaraEditorWidgets' ('C:/Program Files/Epic Games/UE_5.8/Engine/Plugins/FX/Niagara/Binaries/Win64/UnrealEditor-NiagaraEditorWidgets.dll')
[2026.08.03-14.58.06:206][  0]LogModuleManager: InternalLoadLibrary: 'StylusInput' ('C:/Program Files/Epic Games/UE_5.8/Engine/Plugins/Editor/StylusInput/Binaries/Win64/UnrealEditor-StylusInput.dll')
[2026.08.03-14.58.06:207][  0]LogModuleManager: InternalLoadLibrary: 'AnimationSharingEd' ('C:/Program Files/Epic Games/UE_5.8/Engine/Plugins/Developer/AnimationSharing/Binaries/Win64/UnrealEditor-AnimationSharingEd.dll')
[2026.08.03-14.58.06:207][  0]LogModuleManager: InternalLoadLibrary: 'UMGWidgetPreview' ('C:/Program Files/Epic Games/UE_5.8/Engine/Plugins/Editor/UMGWidgetPreview/Binaries/Win64/UnrealEditor-UMGWidgetPreview.dll')
[2026.08.03-14.58.06:209][  0]LogModuleManager: InternalLoadLibrary: 'NiagaraInsights' ('C:/Program Files/Epic Games/UE_5.8/Engine/Plugins/FX/NiagaraInsights/Binaries/Win64/UnrealEditor-NiagaraInsights.dll')
[2026.08.03-14.58.06:209][  0]LogModuleManager: InternalLoadLibrary: 'WorldPartitionHLODUtilities' ('C:/Program Files/Epic Games/UE_5.8/Engine/Plugins/Editor/WorldPartitionHLODUtilities/Binaries/Win64/UnrealEditor-WorldPartitionHLODUtilities.dll')
[2026.08.03-14.58.06:212][  0]LogModuleManager: InternalLoadLibrary: 'UVEditor' ('C:/Program Files/Epic Games/UE_5.8/Engine/Plugins/Editor/UVEditor/Binaries/Win64/UnrealEditor-UVEditor.dll')
[2026.08.03-14.58.06:217][  0]LogModuleManager: InternalLoadLibrary: 'UVEditorTools' ('C:/Program Files/Epic Games/UE_5.8/Engine/Plugins/Editor/UVEditor/Binaries/Win64/UnrealEditor-UVEditorTools.dll')
[2026.08.03-14.58.06:218][  0]LogModuleManager: InternalLoadLibrary: 'UVEditorToolsEditorOnly' ('C:/Program Files/Epic Games/UE_5.8/Engine/Plugins/Editor/UVEditor/Binaries/Win64/UnrealEditor-UVEditorToolsEditorOnly.dll')
[2026.08.03-14.58.06:218][  0]LogModuleManager: InternalLoadLibrary: 'NiagaraPreviewContent' ('C:/Program Files/Epic Games/UE_5.8/Engine/Plugins/FX/NiagaraPreviewContent/Binaries/Win64/UnrealEditor-NiagaraPreviewContent.dll')
[2026.08.03-14.58.06:219][  0]LogModuleManager: InternalLoadLibrary: 'CLionSourceCodeAccess' ('C:/Program Files/Epic Games/UE_5.8/Engine/Plugins/Developer/CLionSourceCodeAccess/Binaries/Win64/UnrealEditor-CLionSourceCodeAccess.dll')
[2026.08.03-14.58.06:220][  0]LogModuleManager: InternalLoadLibrary: 'DumpGPUServices' ('C:/Program Files/Epic Games/UE_5.8/Engine/Plugins/Developer/DumpGPUServices/Binaries/Win64/UnrealEditor-DumpGPUServices.dll')
[2026.08.03-14.58.06:220][  0]LogModuleManager: InternalLoadLibrary: 'GitSourceControl' ('C:/Program Files/Epic Games/UE_5.8/Engine/Plugins/Developer/GitSourceControl/Binaries/Win64/UnrealEditor-GitSourceControl.dll')
[2026.08.03-14.58.06:221][  0]SourceControl: 리비전 컨트롤이 비활성화되어 있습니다.
[2026.08.03-14.58.06:221][  0]LogModuleManager: InternalLoadLibrary: 'N10XSourceCodeAccess' ('C:/Program Files/Epic Games/UE_5.8/Engine/Plugins/Developer/N10XSourceCodeAccess/Binaries/Win64/UnrealEditor-N10XSourceCodeAccess.dll')
[2026.08.03-14.58.06:222][  0]LogModuleManager: InternalLoadLibrary: 'NamingTokens' ('C:/Program Files/Epic Games/UE_5.8/Engine/Plugins/Developer/NamingTokens/Binaries/Win64/UnrealEditor-NamingTokens.dll')
[2026.08.03-14.58.06:222][  0]LogModuleManager: InternalLoadLibrary: 'NamingTokensUI' ('C:/Program Files/Epic Games/UE_5.8/Engine/Plugins/Developer/NamingTokens/Binaries/Win64/UnrealEditor-NamingTokensUI.dll')
[2026.08.03-14.58.06:223][  0]LogModuleManager: InternalLoadLibrary: 'NamingTokensUncookedOnly' ('C:/Program Files/Epic Games/UE_5.8/Engine/Plugins/Developer/NamingTokens/Binaries/Win64/UnrealEditor-NamingTokensUncookedOnly.dll')
[2026.08.03-14.58.06:224][  0]LogModuleManager: InternalLoadLibrary: 'NamingTokensEditor' ('C:/Program Files/Epic Games/UE_5.8/Engine/Plugins/Developer/NamingTokens/Binaries/Win64/UnrealEditor-NamingTokensEditor.dll')
[2026.08.03-14.58.06:225][  0]LogModuleManager: InternalLoadLibrary: 'PluginUtils' ('C:/Program Files/Epic Games/UE_5.8/Engine/Plugins/Developer/PluginUtils/Binaries/Win64/UnrealEditor-PluginUtils.dll')
[2026.08.03-14.58.06:226][  0]LogModuleManager: InternalLoadLibrary: 'ProjectLauncher' ('C:/Program Files/Epic Games/UE_5.8/Engine/Plugins/Developer/ProjectLauncher/Binaries/Win64/UnrealEditor-ProjectLauncher.dll')
[2026.08.03-14.58.06:227][  0]LogModuleManager: InternalLoadLibrary: 'CommonLaunchExtensions' ('C:/Program Files/Epic Games/UE_5.8/Engine/Plugins/Developer/ProjectLauncher/Binaries/Win64/UnrealEditor-CommonLaunchExtensions.dll')
[2026.08.03-14.58.06:228][  0]LogModuleManager: InternalLoadLibrary: 'RiderSourceCodeAccess' ('C:/Program Files/Epic Games/UE_5.8/Engine/Plugins/Developer/RiderSourceCodeAccess/Binaries/Win64/UnrealEditor-RiderSourceCodeAccess.dll')
[2026.08.03-14.58.06:233][  0]LogModuleManager: InternalLoadLibrary: 'SubversionSourceControl' ('C:/Program Files/Epic Games/UE_5.8/Engine/Plugins/Developer/SubversionSourceControl/Binaries/Win64/UnrealEditor-SubversionSourceControl.dll')
[2026.08.03-14.58.06:234][  0]SourceControl: 리비전 컨트롤이 비활성화되어 있습니다.
[2026.08.03-14.58.06:234][  0]LogModuleManager: InternalLoadLibrary: 'VisualStudioCodeSourceCodeAccess' ('C:/Program Files/Epic Games/UE_5.8/Engine/Plugins/Developer/VisualStudioCodeSourceCodeAccess/Binaries/Win64/UnrealEditor-VisualStudioCodeSourceCodeAccess.dll')
[2026.08.03-14.58.06:235][  0]LogModuleManager: InternalLoadLibrary: 'UObjectPlugin' ('C:/Program Files/Epic Games/UE_5.8/Engine/Plugins/Developer/UObjectPlugin/Binaries/Win64/UnrealEditor-UObjectPlugin.dll')
[2026.08.03-14.58.06:236][  0]LogModuleManager: InternalLoadLibrary: 'VisualStudioSourceCodeAccess' ('C:/Program Files/Epic Games/UE_5.8/Engine/Plugins/Developer/VisualStudioSourceCodeAccess/Binaries/Win64/UnrealEditor-VisualStudioSourceCodeAccess.dll')
[2026.08.03-14.58.06:239][  0]LogModuleManager: InternalLoadLibrary: 'SequencerScripting' ('C:/Program Files/Epic Games/UE_5.8/Engine/Plugins/MovieScene/SequencerScripting/Binaries/Win64/UnrealEditor-SequencerScripting.dll')
[2026.08.03-14.58.06:239][  0]LogModuleManager: InternalLoadLibrary: 'SequencerScriptingEditor' ('C:/Program Files/Epic Games/UE_5.8/Engine/Plugins/MovieScene/SequencerScripting/Binaries/Win64/UnrealEditor-SequencerScriptingEditor.dll')
[2026.08.03-14.58.06:240][  0]LogModuleManager: InternalLoadLibrary: 'TemplateSequence' ('C:/Program Files/Epic Games/UE_5.8/Engine/Plugins/MovieScene/TemplateSequence/Binaries/Win64/UnrealEditor-TemplateSequence.dll')
[2026.08.03-14.58.06:240][  0]LogModuleManager: InternalLoadLibrary: 'AdvancedRenamer' ('C:/Program Files/Epic Games/UE_5.8/Engine/Plugins/Experimental/AdvancedRenamer/Binaries/Win64/UnrealEditor-AdvancedRenamer.dll')
[2026.08.03-14.58.06:242][  0]LogModuleManager: InternalLoadLibrary: 'AutomationUtils' ('C:/Program Files/Epic Games/UE_5.8/Engine/Plugins/Experimental/AutomationUtils/Binaries/Win64/UnrealEditor-AutomationUtils.dll')
[2026.08.03-14.58.06:243][  0]LogModuleManager: InternalLoadLibrary: 'AutomationUtilsEditor' ('C:/Program Files/Epic Games/UE_5.8/Engine/Plugins/Experimental/AutomationUtils/Binaries/Win64/UnrealEditor-AutomationUtilsEditor.dll')
[2026.08.03-14.58.06:244][  0]LogModuleManager: InternalLoadLibrary: 'BackChannel' ('C:/Program Files/Epic Games/UE_5.8/Engine/Plugins/Experimental/BackChannel/Binaries/Win64/UnrealEditor-BackChannel.dll')
[2026.08.03-14.58.06:245][  0]LogModuleManager: InternalLoadLibrary: 'FractureEditor' ('C:/Program Files/Epic Games/UE_5.8/Engine/Plugins/Experimental/ChaosEditor/Binaries/Win64/UnrealEditor-FractureEditor.dll')
[2026.08.03-14.58.06:252][  0]LogModuleManager: InternalLoadLibrary: 'ChaosNiagara' ('C:/Program Files/Epic Games/UE_5.8/Engine/Plugins/Experimental/ChaosNiagara/Binaries/Win64/UnrealEditor-ChaosNiagara.dll')
[2026.08.03-14.58.06:254][  0]LogModuleManager: InternalLoadLibrary: 'ChaosSolverEditor' ('C:/Program Files/Epic Games/UE_5.8/Engine/Plugins/Experimental/ChaosSolverPlugin/Binaries/Win64/UnrealEditor-ChaosSolverEditor.dll')
[2026.08.03-14.58.06:256][  0]LogModuleManager: InternalLoadLibrary: 'ChaosUserDataPT' ('C:/Program Files/Epic Games/UE_5.8/Engine/Plugins/Experimental/ChaosUserDataPT/Binaries/Win64/UnrealEditor-ChaosUserDataPT.dll')
[2026.08.03-14.58.06:256][  0]LogModuleManager: InternalLoadLibrary: 'ControlRigPhysics' ('C:/Program Files/Epic Games/UE_5.8/Engine/Plugins/Experimental/ControlRigPhysics/Binaries/Win64/UnrealEditor-ControlRigPhysics.dll')
[2026.08.03-14.58.06:265][  0]LogModuleManager: InternalLoadLibrary: 'ControlRigPhysicsEditor' ('C:/Program Files/Epic Games/UE_5.8/Engine/Plugins/Experimental/ControlRigPhysics/Binaries/Win64/UnrealEditor-ControlRigPhysicsEditor.dll')
[2026.08.03-14.58.06:267][  0]LogModuleManager: InternalLoadLibrary: 'TedsCore' ('C:/Program Files/Epic Games/UE_5.8/Engine/Plugins/Experimental/EditorDataStorage/Binaries/Win64/UnrealEditor-TedsCore.dll')
[2026.08.03-14.58.06:272][  0]LogModuleManager: InternalLoadLibrary: 'TypedElementFramework' ('C:/Program Files/Epic Games/UE_5.8/Engine/Binaries/Win64/UnrealEditor-TypedElementFramework.dll')
[2026.08.03-14.58.06:272][  0]LogModuleManager: InternalLoadLibrary: 'MassEntityEditor' ('C:/Program Files/Epic Games/UE_5.8/Engine/Binaries/Win64/UnrealEditor-MassEntityEditor.dll')
[2026.08.03-14.58.06:273][  0]LogModuleManager: InternalLoadLibrary: 'MassEntityDebugger' ('C:/Program Files/Epic Games/UE_5.8/Engine/Binaries/Win64/UnrealEditor-MassEntityDebugger.dll')
[2026.08.03-14.58.06:275][  0]LogModuleManager: InternalLoadLibrary: 'TedsUI' ('C:/Program Files/Epic Games/UE_5.8/Engine/Plugins/Experimental/EditorDataStorage/Binaries/Win64/UnrealEditor-TedsUI.dll')
[2026.08.03-14.58.06:276][  0]LogModuleManager: InternalLoadLibrary: 'TedsActorCompatibility' ('C:/Program Files/Epic Games/UE_5.8/Engine/Plugins/Experimental/EditorDataStorageFeatures/Binaries/Win64/UnrealEditor-TedsActorCompatibility.dll')
[2026.08.03-14.58.06:276][  0]LogModuleManager: InternalLoadLibrary: 'TedsAlerts' ('C:/Program Files/Epic Games/UE_5.8/Engine/Plugins/Experimental/EditorDataStorageFeatures/Binaries/Win64/UnrealEditor-TedsAlerts.dll')
[2026.08.03-14.58.06:277][  0]LogModuleManager: InternalLoadLibrary: 'TedsAssetData' ('C:/Program Files/Epic Games/UE_5.8/Engine/Plugins/Experimental/EditorDataStorageFeatures/Binaries/Win64/UnrealEditor-TedsAssetData.dll')
[2026.08.03-14.58.06:277][  0]LogModuleManager: InternalLoadLibrary: 'TedsContentBrowser' ('C:/Program Files/Epic Games/UE_5.8/Engine/Plugins/Experimental/EditorDataStorageFeatures/Binaries/Win64/UnrealEditor-TedsContentBrowser.dll')
[2026.08.03-14.58.06:278][  0]LogModuleManager: InternalLoadLibrary: 'TedsDebugger' ('C:/Program Files/Epic Games/UE_5.8/Engine/Plugins/Experimental/EditorDataStorageFeatures/Binaries/Win64/UnrealEditor-TedsDebugger.dll')
[2026.08.03-14.58.06:280][  0]LogModuleManager: InternalLoadLibrary: 'TedsOutliner' ('C:/Program Files/Epic Games/UE_5.8/Engine/Plugins/Experimental/EditorDataStorageFeatures/Binaries/Win64/UnrealEditor-TedsOutliner.dll')
[2026.08.03-14.58.06:280][  0]LogModuleManager: InternalLoadLibrary: 'TedsPropertyEditor' ('C:/Program Files/Epic Games/UE_5.8/Engine/Plugins/Experimental/EditorDataStorageFeatures/Binaries/Win64/UnrealEditor-TedsPropertyEditor.dll')
[2026.08.03-14.58.06:281][  0]LogModuleManager: InternalLoadLibrary: 'TedsQueryStack' ('C:/Program Files/Epic Games/UE_5.8/Engine/Plugins/Experimental/EditorDataStorageFeatures/Binaries/Win64/UnrealEditor-TedsQueryStack.dll')
[2026.08.03-14.58.06:282][  0]LogModuleManager: InternalLoadLibrary: 'TedsRevisionControl' ('C:/Program Files/Epic Games/UE_5.8/Engine/Plugins/Experimental/EditorDataStorageFeatures/Binaries/Win64/UnrealEditor-TedsRevisionControl.dll')
[2026.08.03-14.58.06:284][  0]LogModuleManager: InternalLoadLibrary: 'TedsSettings' ('C:/Program Files/Epic Games/UE_5.8/Engine/Plugins/Experimental/EditorDataStorageFeatures/Binaries/Win64/UnrealEditor-TedsSettings.dll')
[2026.08.03-14.58.06:285][  0]LogModuleManager: InternalLoadLibrary: 'TedsTableViewer' ('C:/Program Files/Epic Games/UE_5.8/Engine/Plugins/Experimental/EditorDataStorageFeatures/Binaries/Win64/UnrealEditor-TedsTableViewer.dll')
[2026.08.03-14.58.06:285][  0]LogModuleManager: InternalLoadLibrary: 'TedsEverythingPicker' ('C:/Program Files/Epic Games/UE_5.8/Engine/Plugins/Experimental/EditorDataStorageFeatures/Binaries/Win64/UnrealEditor-TedsEverythingPicker.dll')
[2026.08.03-14.58.06:285][  0]LogModuleManager: InternalLoadLibrary: 'TedsTypeInfo' ('C:/Program Files/Epic Games/UE_5.8/Engine/Plugins/Experimental/EditorDataStorageFeatures/Binaries/Win64/UnrealEditor-TedsTypeInfo.dll')
[2026.08.03-14.58.06:287][  0]LogModuleManager: InternalLoadLibrary: 'TedsTypedElementBridge' ('C:/Program Files/Epic Games/UE_5.8/Engine/Plugins/Experimental/EditorDataStorageFeatures/Binaries/Win64/UnrealEditor-TedsTypedElementBridge.dll')
[2026.08.03-14.58.06:288][  0]LogModuleManager: InternalLoadLibrary: 'TedsEditorCompatibility' ('C:/Program Files/Epic Games/UE_5.8/Engine/Plugins/Experimental/EditorDataStorageFeatures/Binaries/Win64/UnrealEditor-TedsEditorCompatibility.dll')
[2026.08.03-14.58.06:288][  0]LogModuleManager: InternalLoadLibrary: 'TedsOperations' ('C:/Program Files/Epic Games/UE_5.8/Engine/Plugins/Experimental/EditorDataStorageFeatures/Binaries/Win64/UnrealEditor-TedsOperations.dll')
[2026.08.03-14.58.06:288][  0]LogModuleManager: InternalLoadLibrary: 'UnifiedFavorites' ('C:/Program Files/Epic Games/UE_5.8/Engine/Plugins/Experimental/EditorDataStorageFeatures/Binaries/Win64/UnrealEditor-UnifiedFavorites.dll')
[2026.08.03-14.58.06:289][  0]LogModuleManager: InternalLoadLibrary: 'GeometryCollectionEditor' ('C:/Program Files/Epic Games/UE_5.8/Engine/Plugins/Experimental/GeometryCollectionPlugin/Binaries/Win64/UnrealEditor-GeometryCollectionEditor.dll')
[2026.08.03-14.58.06:298][  0]LogModuleManager: InternalLoadLibrary: 'GeometryCollectionTracks' ('C:/Program Files/Epic Games/UE_5.8/Engine/Plugins/Experimental/GeometryCollectionPlugin/Binaries/Win64/UnrealEditor-GeometryCollectionTracks.dll')
[2026.08.03-14.58.06:299][  0]LogModuleManager: InternalLoadLibrary: 'GeometryCollectionSequencer' ('C:/Program Files/Epic Games/UE_5.8/Engine/Plugins/Experimental/GeometryCollectionPlugin/Binaries/Win64/UnrealEditor-GeometryCollectionSequencer.dll')
[2026.08.03-14.58.06:301][  0]LogModuleManager: InternalLoadLibrary: 'GeometryCollectionEngine' ('C:/Program Files/Epic Games/UE_5.8/Engine/Binaries/Win64/UnrealEditor-GeometryCollectionEngine.dll')
[2026.08.03-14.58.06:301][  0]LogModuleManager: InternalLoadLibrary: 'GeometryCollectionNodes' ('C:/Program Files/Epic Games/UE_5.8/Engine/Plugins/Experimental/GeometryCollectionPlugin/Binaries/Win64/UnrealEditor-GeometryCollectionNodes.dll')
[2026.08.03-14.58.06:326][  0]LogModuleManager: InternalLoadLibrary: 'GeometryCollectionDepNodes' ('C:/Program Files/Epic Games/UE_5.8/Engine/Plugins/Experimental/GeometryCollectionPlugin/Binaries/Win64/UnrealEditor-GeometryCollectionDepNodes.dll')
[2026.08.03-14.58.06:327][  0]LogModuleManager: InternalLoadLibrary: 'GeometryFlowCore' ('C:/Program Files/Epic Games/UE_5.8/Engine/Plugins/Experimental/GeometryFlow/Binaries/Win64/UnrealEditor-GeometryFlowCore.dll')
[2026.08.03-14.58.06:328][  0]LogModuleManager: InternalLoadLibrary: 'GeometryFlowMeshProcessing' ('C:/Program Files/Epic Games/UE_5.8/Engine/Plugins/Experimental/GeometryFlow/Binaries/Win64/UnrealEditor-GeometryFlowMeshProcessing.dll')
[2026.08.03-14.58.06:328][  0]LogModuleManager: InternalLoadLibrary: 'GeometryFlowMeshProcessingEditor' ('C:/Program Files/Epic Games/UE_5.8/Engine/Plugins/Experimental/GeometryFlow/Binaries/Win64/UnrealEditor-GeometryFlowMeshProcessingEditor.dll')
[2026.08.03-14.58.06:328][  0]LogModuleManager: InternalLoadLibrary: 'GeometryDataflowNodes' ('C:/Program Files/Epic Games/UE_5.8/Engine/Plugins/Experimental/GeometryDataflow/Binaries/Win64/UnrealEditor-GeometryDataflowNodes.dll')
[2026.08.03-14.58.06:330][  0]LogModuleManager: InternalLoadLibrary: 'DataflowMedialSkeleton' ('C:/Program Files/Epic Games/UE_5.8/Engine/Plugins/Experimental/GeometryDataflow/Binaries/Win64/UnrealEditor-DataflowMedialSkeleton.dll')
[2026.08.03-14.58.06:330][  0]LogModuleManager: InternalLoadLibrary: 'GizmoSettings' ('C:/Program Files/Epic Games/UE_5.8/Engine/Plugins/Experimental/GizmoFramework/Binaries/Win64/UnrealEditor-GizmoSettings.dll')
[2026.08.03-14.58.06:331][  0]LogModuleManager: InternalLoadLibrary: 'GlobalConfigurationData' ('C:/Program Files/Epic Games/UE_5.8/Engine/Plugins/Experimental/GlobalConfigurationData/Binaries/Win64/UnrealEditor-GlobalConfigurationData.dll')
[2026.08.03-14.58.06:333][  0]LogModuleManager: InternalLoadLibrary: 'GlobalConfigurationDataCore' ('C:/Program Files/Epic Games/UE_5.8/Engine/Plugins/Experimental/GlobalConfigurationData/Binaries/Win64/UnrealEditor-GlobalConfigurationDataCore.dll')
[2026.08.03-14.58.06:333][  0]LogModuleManager: InternalLoadLibrary: 'HttpInsights' ('C:/Program Files/Epic Games/UE_5.8/Engine/Plugins/Experimental/HttpInsights/Binaries/Win64/UnrealEditor-HttpInsights.dll')
[2026.08.03-14.58.06:335][  0]LogModuleManager: InternalLoadLibrary: 'Landmass' ('C:/Program Files/Epic Games/UE_5.8/Engine/Plugins/Experimental/Landmass/Binaries/Win64/UnrealEditor-Landmass.dll')
[2026.08.03-14.58.06:335][  0]LogModuleManager: InternalLoadLibrary: 'LandmassEditor' ('C:/Program Files/Epic Games/UE_5.8/Engine/Plugins/Experimental/Landmass/Binaries/Win64/UnrealEditor-LandmassEditor.dll')
[2026.08.03-14.58.06:352][  0]LogModuleManager: InternalLoadLibrary: 'Blutility' ('C:/Program Files/Epic Games/UE_5.8/Engine/Binaries/Win64/UnrealEditor-Blutility.dll')
[2026.08.03-14.58.06:352][  0]LogModuleManager: InternalLoadLibrary: 'LocalizableMessage' ('C:/Program Files/Epic Games/UE_5.8/Engine/Plugins/Experimental/LocalizableMessage/Binaries/Win64/UnrealEditor-LocalizableMessage.dll')
[2026.08.03-14.58.06:353][  0]LogModuleManager: InternalLoadLibrary: 'LocalizableMessageBlueprint' ('C:/Program Files/Epic Games/UE_5.8/Engine/Plugins/Experimental/LocalizableMessage/Binaries/Win64/UnrealEditor-LocalizableMessageBlueprint.dll')
[2026.08.03-14.58.06:355][  0]LogModuleManager: InternalLoadLibrary: 'MeshModelingToolsExp' ('C:/Program Files/Epic Games/UE_5.8/Engine/Plugins/Experimental/MeshModelingToolsetExp/Binaries/Win64/UnrealEditor-MeshModelingToolsExp.dll')
[2026.08.03-14.58.06:355][  0]LogModuleManager: InternalLoadLibrary: 'MeshModelingToolsEditorOnlyExp' ('C:/Program Files/Epic Games/UE_5.8/Engine/Plugins/Experimental/MeshModelingToolsetExp/Binaries/Win64/UnrealEditor-MeshModelingToolsEditorOnlyExp.dll')
[2026.08.03-14.58.06:355][  0]LogModuleManager: InternalLoadLibrary: 'GeometryProcessingAdapters' ('C:/Program Files/Epic Games/UE_5.8/Engine/Plugins/Experimental/MeshModelingToolsetExp/Binaries/Win64/UnrealEditor-GeometryProcessingAdapters.dll')
[2026.08.03-14.58.06:356][  0]LogModuleManager: InternalLoadLibrary: 'ModelingEditorUI' ('C:/Program Files/Epic Games/UE_5.8/Engine/Plugins/Experimental/MeshModelingToolsetExp/Binaries/Win64/UnrealEditor-ModelingEditorUI.dll')
[2026.08.03-14.58.06:356][  0]LogModuleManager: InternalLoadLibrary: 'ModelingUI' ('C:/Program Files/Epic Games/UE_5.8/Engine/Plugins/Experimental/MeshModelingToolsetExp/Binaries/Win64/UnrealEditor-ModelingUI.dll')
[2026.08.03-14.58.06:357][  0]LogModuleManager: InternalLoadLibrary: 'MutableAssetUserData' ('C:/Program Files/Epic Games/UE_5.8/Engine/Plugins/Experimental/MutableAssetUserData/Binaries/Win64/UnrealEditor-MutableAssetUserData.dll')
[2026.08.03-14.58.06:358][  0]LogModuleManager: InternalLoadLibrary: 'ToolPresetAsset' ('C:/Program Files/Epic Games/UE_5.8/Engine/Plugins/Experimental/ToolPresets/Binaries/Win64/UnrealEditor-ToolPresetAsset.dll')
[2026.08.03-14.58.06:359][  0]LogModuleManager: InternalLoadLibrary: 'ToolPresetEditor' ('C:/Program Files/Epic Games/UE_5.8/Engine/Plugins/Experimental/ToolPresets/Binaries/Win64/UnrealEditor-ToolPresetEditor.dll')
[2026.08.03-14.58.06:359][  0]LogModuleManager: InternalLoadLibrary: 'ToolsetRegistry' ('C:/Program Files/Epic Games/UE_5.8/Engine/Plugins/Experimental/ToolsetRegistry/Binaries/Win64/UnrealEditor-ToolsetRegistry.dll')
[2026.08.03-14.58.06:359][  0]LogModuleManager: InternalLoadLibrary: 'NNEDenoiser' ('C:/Program Files/Epic Games/UE_5.8/Engine/Plugins/NNE/NNEDenoiser/Binaries/Win64/UnrealEditor-NNEDenoiser.dll')
[2026.08.03-14.58.06:360][  0]LogConfig: Applying CVar settings from Section [/Script/NNEDenoiser.NNEDenoiserSettings] File [Engine]
[2026.08.03-14.58.06:361][  0]LogModuleManager: InternalLoadLibrary: 'ActorLayerUtilities' ('C:/Program Files/Epic Games/UE_5.8/Engine/Plugins/Runtime/ActorLayerUtilities/Binaries/Win64/UnrealEditor-ActorLayerUtilities.dll')
[2026.08.03-14.58.06:362][  0]LogModuleManager: InternalLoadLibrary: 'ActorLayerUtilitiesEditor' ('C:/Program Files/Epic Games/UE_5.8/Engine/Plugins/Runtime/ActorLayerUtilities/Binaries/Win64/UnrealEditor-ActorLayerUtilitiesEditor.dll')
[2026.08.03-14.58.06:363][  0]LogModuleManager: InternalLoadLibrary: 'AndroidPermission' ('C:/Program Files/Epic Games/UE_5.8/Engine/Plugins/Runtime/AndroidPermission/Binaries/Win64/UnrealEditor-AndroidPermission.dll')
[2026.08.03-14.58.06:364][  0]LogAndroidPermission: UAndroidPermissionCallbackProxy::GetInstance
[2026.08.03-14.58.06:364][  0]LogModuleManager: InternalLoadLibrary: 'AppleImageUtils' ('C:/Program Files/Epic Games/UE_5.8/Engine/Plugins/Runtime/AppleImageUtils/Binaries/Win64/UnrealEditor-AppleImageUtils.dll')
[2026.08.03-14.58.06:365][  0]LogModuleManager: InternalLoadLibrary: 'AppleImageUtilsBlueprintSupport' ('C:/Program Files/Epic Games/UE_5.8/Engine/Plugins/Runtime/AppleImageUtils/Binaries/Win64/UnrealEditor-AppleImageUtilsBlueprintSupport.dll')
[2026.08.03-14.58.06:366][  0]LogModuleManager: InternalLoadLibrary: 'ArchVisCharacter' ('C:/Program Files/Epic Games/UE_5.8/Engine/Plugins/Runtime/ArchVisCharacter/Binaries/Win64/UnrealEditor-ArchVisCharacter.dll')
[2026.08.03-14.58.06:368][  0]LogModuleManager: InternalLoadLibrary: 'AssetTags' ('C:/Program Files/Epic Games/UE_5.8/Engine/Plugins/Runtime/AssetTags/Binaries/Win64/UnrealEditor-AssetTags.dll')
[2026.08.03-14.58.06:369][  0]LogModuleManager: InternalLoadLibrary: 'AudioCapture' ('C:/Program Files/Epic Games/UE_5.8/Engine/Plugins/Runtime/AudioCapture/Binaries/Win64/UnrealEditor-AudioCapture.dll')
[2026.08.03-14.58.06:371][  0]LogAudioCaptureCore: Display: No Audio Capture implementations found. Audio input will be silent.
[2026.08.03-14.58.06:371][  0]LogAudioCaptureCore: Display: No Audio Capture implementations found. Audio input will be silent.
[2026.08.03-14.58.06:371][  0]LogModuleManager: InternalLoadLibrary: 'AudioCaptureWasapi' ('C:/Program Files/Epic Games/UE_5.8/Engine/Binaries/Win64/UnrealEditor-AudioCaptureWasapi.dll')
[2026.08.03-14.58.06:373][  0]LogModuleManager: InternalLoadLibrary: 'AudioWidgetsCore' ('C:/Program Files/Epic Games/UE_5.8/Engine/Plugins/Runtime/AudioWidgets/Binaries/Win64/UnrealEditor-AudioWidgetsCore.dll')
[2026.08.03-14.58.06:373][  0]LogModuleManager: InternalLoadLibrary: 'AudioWidgetsEditor' ('C:/Program Files/Epic Games/UE_5.8/Engine/Plugins/Runtime/AudioWidgets/Binaries/Win64/UnrealEditor-AudioWidgetsEditor.dll')
[2026.08.03-14.58.06:374][  0]LogModuleManager: InternalLoadLibrary: 'ComputeFrameworkEditor' ('C:/Program Files/Epic Games/UE_5.8/Engine/Plugins/Runtime/ComputeFramework/Binaries/Win64/UnrealEditor-ComputeFrameworkEditor.dll')
[2026.08.03-14.58.06:375][  0]LogModuleManager: InternalLoadLibrary: 'ComputeDataInterface' ('C:/Program Files/Epic Games/UE_5.8/Engine/Plugins/Runtime/ComputeFramework/Binaries/Win64/UnrealEditor-ComputeDataInterface.dll')
[2026.08.03-14.58.06:376][  0]LogModuleManager: InternalLoadLibrary: 'EditableComputeGraph' ('C:/Program Files/Epic Games/UE_5.8/Engine/Plugins/Runtime/ComputeFramework/Binaries/Win64/UnrealEditor-EditableComputeGraph.dll')
[2026.08.03-14.58.06:377][  0]LogModuleManager: InternalLoadLibrary: 'EditableComputeGraphEditor' ('C:/Program Files/Epic Games/UE_5.8/Engine/Plugins/Runtime/ComputeFramework/Binaries/Win64/UnrealEditor-EditableComputeGraphEditor.dll')
[2026.08.03-14.58.06:378][  0]LogModuleManager: InternalLoadLibrary: 'GeometryCacheEd' ('C:/Program Files/Epic Games/UE_5.8/Engine/Plugins/Runtime/GeometryCache/Binaries/Win64/UnrealEditor-GeometryCacheEd.dll')
[2026.08.03-14.58.06:380][  0]LogModuleManager: InternalLoadLibrary: 'GeometryCacheSequencer' ('C:/Program Files/Epic Games/UE_5.8/Engine/Plugins/Runtime/GeometryCache/Binaries/Win64/UnrealEditor-GeometryCacheSequencer.dll')
[2026.08.03-14.58.06:382][  0]LogModuleManager: InternalLoadLibrary: 'GeometryCacheStreamer' ('C:/Program Files/Epic Games/UE_5.8/Engine/Plugins/Runtime/GeometryCache/Binaries/Win64/UnrealEditor-GeometryCacheStreamer.dll')
[2026.08.03-14.58.06:383][  0]LogModuleManager: InternalLoadLibrary: 'GeometryCache' ('C:/Program Files/Epic Games/UE_5.8/Engine/Plugins/Runtime/GeometryCache/Binaries/Win64/UnrealEditor-GeometryCache.dll')
[2026.08.03-14.58.06:383][  0]LogModuleManager: InternalLoadLibrary: 'GeometryCacheTracks' ('C:/Program Files/Epic Games/UE_5.8/Engine/Plugins/Runtime/GeometryCache/Binaries/Win64/UnrealEditor-GeometryCacheTracks.dll')
[2026.08.03-14.58.06:383][  0]LogModuleManager: InternalLoadLibrary: 'GeometryAlgorithms' ('C:/Program Files/Epic Games/UE_5.8/Engine/Plugins/Runtime/GeometryProcessing/Binaries/Win64/UnrealEditor-GeometryAlgorithms.dll')
[2026.08.03-14.58.06:384][  0]LogModuleManager: InternalLoadLibrary: 'DynamicMesh' ('C:/Program Files/Epic Games/UE_5.8/Engine/Plugins/Runtime/GeometryProcessing/Binaries/Win64/UnrealEditor-DynamicMesh.dll')
[2026.08.03-14.58.06:384][  0]LogModuleManager: InternalLoadLibrary: 'MeshFileUtils' ('C:/Program Files/Epic Games/UE_5.8/Engine/Plugins/Runtime/GeometryProcessing/Binaries/Win64/UnrealEditor-MeshFileUtils.dll')
[2026.08.03-14.58.06:385][  0]LogModuleManager: InternalLoadLibrary: 'GeometryScriptingEditor' ('C:/Program Files/Epic Games/UE_5.8/Engine/Plugins/Runtime/GeometryScripting/Binaries/Win64/UnrealEditor-GeometryScriptingEditor.dll')
[2026.08.03-14.58.06:385][  0]LogModuleManager: InternalLoadLibrary: 'GooglePAD' ('C:/Program Files/Epic Games/UE_5.8/Engine/Plugins/Runtime/GooglePAD/Binaries/Win64/UnrealEditor-GooglePAD.dll')
[2026.08.03-14.58.06:387][  0]LogModuleManager: InternalLoadLibrary: 'HairStrandsRuntime' ('C:/Program Files/Epic Games/UE_5.8/Engine/Plugins/Runtime/HairStrands/Binaries/Win64/UnrealEditor-HairStrandsRuntime.dll')
[2026.08.03-14.58.06:388][  0]LogModuleManager: InternalLoadLibrary: 'HairStrandsEditor' ('C:/Program Files/Epic Games/UE_5.8/Engine/Plugins/Runtime/HairStrands/Binaries/Win64/UnrealEditor-HairStrandsEditor.dll')
[2026.08.03-14.58.06:388][  0]LogModuleManager: InternalLoadLibrary: 'HairCardGeneratorFramework' ('C:/Program Files/Epic Games/UE_5.8/Engine/Plugins/Runtime/HairStrands/Binaries/Win64/UnrealEditor-HairCardGeneratorFramework.dll')
[2026.08.03-14.58.06:389][  0]LogModuleManager: InternalLoadLibrary: 'HairStrandsDataflow' ('C:/Program Files/Epic Games/UE_5.8/Engine/Plugins/Runtime/HairStrands/Binaries/Win64/UnrealEditor-HairStrandsDataflow.dll')
[2026.08.03-14.58.06:392][  0]LogModuleManager: InternalLoadLibrary: 'InputDebugging' ('C:/Program Files/Epic Games/UE_5.8/Engine/Plugins/Runtime/InputDebugging/Binaries/Win64/UnrealEditor-InputDebugging.dll')
[2026.08.03-14.58.06:393][  0]LogModuleManager: InternalLoadLibrary: 'InputDebuggingEditor' ('C:/Program Files/Epic Games/UE_5.8/Engine/Plugins/Runtime/InputDebugging/Binaries/Win64/UnrealEditor-InputDebuggingEditor.dll')
[2026.08.03-14.58.06:394][  0]LogModuleManager: InternalLoadLibrary: 'MeshModelingTools' ('C:/Program Files/Epic Games/UE_5.8/Engine/Plugins/Runtime/MeshModelingToolset/Binaries/Win64/UnrealEditor-MeshModelingTools.dll')
[2026.08.03-14.58.06:394][  0]LogModuleManager: InternalLoadLibrary: 'MeshModelingToolsEditorOnly' ('C:/Program Files/Epic Games/UE_5.8/Engine/Plugins/Runtime/MeshModelingToolset/Binaries/Win64/UnrealEditor-MeshModelingToolsEditorOnly.dll')
[2026.08.03-14.58.06:395][  0]LogModuleManager: InternalLoadLibrary: 'ModelingComponents' ('C:/Program Files/Epic Games/UE_5.8/Engine/Plugins/Runtime/MeshModelingToolset/Binaries/Win64/UnrealEditor-ModelingComponents.dll')
[2026.08.03-14.58.06:395][  0]LogModuleManager: InternalLoadLibrary: 'GeometryFramework' ('C:/Program Files/Epic Games/UE_5.8/Engine/Binaries/Win64/UnrealEditor-GeometryFramework.dll')
[2026.08.03-14.58.06:395][  0]LogModuleManager: InternalLoadLibrary: 'ModelingComponentsEditorOnly' ('C:/Program Files/Epic Games/UE_5.8/Engine/Plugins/Runtime/MeshModelingToolset/Binaries/Win64/UnrealEditor-ModelingComponentsEditorOnly.dll')
[2026.08.03-14.58.06:395][  0]LogModuleManager: InternalLoadLibrary: 'ModelingOperators' ('C:/Program Files/Epic Games/UE_5.8/Engine/Plugins/Runtime/MeshModelingToolset/Binaries/Win64/UnrealEditor-ModelingOperators.dll')
[2026.08.03-14.58.06:395][  0]LogModuleManager: InternalLoadLibrary: 'ModelingOperatorsEditorOnly' ('C:/Program Files/Epic Games/UE_5.8/Engine/Plugins/Runtime/MeshModelingToolset/Binaries/Win64/UnrealEditor-ModelingOperatorsEditorOnly.dll')
[2026.08.03-14.58.06:396][  0]LogModuleManager: InternalLoadLibrary: 'SkeletalMeshModifiers' ('C:/Program Files/Epic Games/UE_5.8/Engine/Plugins/Runtime/MeshModelingToolset/Binaries/Win64/UnrealEditor-SkeletalMeshModifiers.dll')
[2026.08.03-14.58.06:396][  0]LogModuleManager: InternalLoadLibrary: 'ModelViewViewModel' ('C:/Program Files/Epic Games/UE_5.8/Engine/Plugins/Runtime/ModelViewViewModel/Binaries/Win64/UnrealEditor-ModelViewViewModel.dll')
[2026.08.03-14.58.06:396][  0]LogModuleManager: InternalLoadLibrary: 'ModelViewViewModelBlueprint' ('C:/Program Files/Epic Games/UE_5.8/Engine/Plugins/Runtime/ModelViewViewModel/Binaries/Win64/UnrealEditor-ModelViewViewModelBlueprint.dll')
[2026.08.03-14.58.06:399][  0]LogModuleManager: InternalLoadLibrary: 'ModelViewViewModelEditor' ('C:/Program Files/Epic Games/UE_5.8/Engine/Plugins/Runtime/ModelViewViewModel/Binaries/Win64/UnrealEditor-ModelViewViewModelEditor.dll')
[2026.08.03-14.58.06:403][  0]LogModuleManager: InternalLoadLibrary: 'ModelViewViewModelDebugger' ('C:/Program Files/Epic Games/UE_5.8/Engine/Plugins/Runtime/ModelViewViewModel/Binaries/Win64/UnrealEditor-ModelViewViewModelDebugger.dll')
[2026.08.03-14.58.06:404][  0]LogModuleManager: InternalLoadLibrary: 'ModelViewViewModelDebuggerEditor' ('C:/Program Files/Epic Games/UE_5.8/Engine/Plugins/Runtime/ModelViewViewModel/Binaries/Win64/UnrealEditor-ModelViewViewModelDebuggerEditor.dll')
[2026.08.03-14.58.06:405][  0]LogModuleManager: InternalLoadLibrary: 'MobilePatchingUtils' ('C:/Program Files/Epic Games/UE_5.8/Engine/Plugins/Runtime/MobilePatchingUtils/Binaries/Win64/UnrealEditor-MobilePatchingUtils.dll')
[2026.08.03-14.58.06:409][  0]LogModuleManager: InternalLoadLibrary: 'ProceduralMeshComponentEditor' ('C:/Program Files/Epic Games/UE_5.8/Engine/Plugins/Runtime/ProceduralMeshComponent/Binaries/Win64/UnrealEditor-ProceduralMeshComponentEditor.dll')
[2026.08.03-14.58.06:410][  0]LogModuleManager: InternalLoadLibrary: 'PropertyBindingUtilsEditor' ('C:/Program Files/Epic Games/UE_5.8/Engine/Plugins/Runtime/PropertyBindingUtils/Binaries/Win64/UnrealEditor-PropertyBindingUtilsEditor.dll')
[2026.08.03-14.58.06:410][  0]LogModuleManager: InternalLoadLibrary: 'SkeletalMerging' ('C:/Program Files/Epic Games/UE_5.8/Engine/Plugins/Runtime/SkeletalMerging/Binaries/Win64/UnrealEditor-SkeletalMerging.dll')
[2026.08.03-14.58.06:410][  0]LogModuleManager: InternalLoadLibrary: 'StateTreeDeveloper' ('C:/Program Files/Epic Games/UE_5.8/Engine/Plugins/Runtime/StateTree/Binaries/Win64/UnrealEditor-StateTreeDeveloper.dll')
[2026.08.03-14.58.06:411][  0]LogModuleManager: InternalLoadLibrary: 'StateTreeEditorModule' ('C:/Program Files/Epic Games/UE_5.8/Engine/Plugins/Runtime/StateTree/Binaries/Win64/UnrealEditor-StateTreeEditorModule.dll')
[2026.08.03-14.58.06:412][  0]LogModuleManager: InternalLoadLibrary: 'SynthesisEditor' ('C:/Program Files/Epic Games/UE_5.8/Engine/Plugins/Runtime/Synthesis/Binaries/Win64/UnrealEditor-SynthesisEditor.dll')
[2026.08.03-14.58.06:413][  0]LogModuleManager: InternalLoadLibrary: 'DatasmithContentEditor' ('C:/Program Files/Epic Games/UE_5.8/Engine/Plugins/Enterprise/DatasmithContent/Binaries/Win64/UnrealEditor-DatasmithContentEditor.dll')
[2026.08.03-14.58.06:415][  0]LogModuleManager: InternalLoadLibrary: 'VariantManager' ('C:/Program Files/Epic Games/UE_5.8/Engine/Plugins/Enterprise/VariantManager/Binaries/Win64/UnrealEditor-VariantManager.dll')
[2026.08.03-14.58.06:415][  0]LogModuleManager: InternalLoadLibrary: 'VariantManagerContentEditor' ('C:/Program Files/Epic Games/UE_5.8/Engine/Plugins/Enterprise/VariantManagerContent/Binaries/Win64/UnrealEditor-VariantManagerContentEditor.dll')
[2026.08.03-14.58.06:417][  0]LogModuleManager: InternalLoadLibrary: 'MetaHumanSDKEditor' ('C:/Program Files/Epic Games/UE_5.8/Engine/Plugins/MetaHuman/MetaHumanSDK/Binaries/Win64/UnrealEditor-MetaHumanSDKEditor.dll')
[2026.08.03-14.58.06:424][  0]LogModuleManager: InternalLoadLibrary: 'MetaHumanSDKRuntime' ('C:/Program Files/Epic Games/UE_5.8/Engine/Plugins/MetaHuman/MetaHumanSDK/Binaries/Win64/UnrealEditor-MetaHumanSDKRuntime.dll')
[2026.08.03-14.58.06:424][  0]LogModuleManager: InternalLoadLibrary: 'InterchangeDNA' ('C:/Program Files/Epic Games/UE_5.8/Engine/Plugins/MetaHuman/MetaHumanSDK/Binaries/Win64/UnrealEditor-InterchangeDNA.dll')
[2026.08.03-14.58.06:425][  0]LogModuleManager: InternalLoadLibrary: 'GLTFCore' ('C:/Program Files/Epic Games/UE_5.8/Engine/Plugins/Interchange/Runtime/Binaries/Win64/UnrealEditor-GLTFCore.dll')
[2026.08.03-14.58.06:426][  0]LogModuleManager: InternalLoadLibrary: 'InterchangeMessages' ('C:/Program Files/Epic Games/UE_5.8/Engine/Plugins/Interchange/Runtime/Binaries/Win64/UnrealEditor-InterchangeMessages.dll')
[2026.08.03-14.58.06:426][  0]LogModuleManager: InternalLoadLibrary: 'InterchangeExport' ('C:/Program Files/Epic Games/UE_5.8/Engine/Plugins/Interchange/Runtime/Binaries/Win64/UnrealEditor-InterchangeExport.dll')
[2026.08.03-14.58.06:427][  0]LogModuleManager: InternalLoadLibrary: 'InterchangeDispatcher' ('C:/Program Files/Epic Games/UE_5.8/Engine/Plugins/Interchange/Runtime/Binaries/Win64/UnrealEditor-InterchangeDispatcher.dll')
[2026.08.03-14.58.06:427][  0]LogModuleManager: InternalLoadLibrary: 'InterchangeCommon' ('C:/Program Files/Epic Games/UE_5.8/Engine/Plugins/Interchange/Runtime/Binaries/Win64/UnrealEditor-InterchangeCommon.dll')
[2026.08.03-14.58.06:427][  0]LogModuleManager: InternalLoadLibrary: 'InterchangeAnalytics' ('C:/Program Files/Epic Games/UE_5.8/Engine/Plugins/Interchange/Runtime/Binaries/Win64/UnrealEditor-InterchangeAnalytics.dll')
[2026.08.03-14.58.06:429][  0]LogModuleManager: InternalLoadLibrary: 'InterchangeCommonParser' ('C:/Program Files/Epic Games/UE_5.8/Engine/Plugins/Interchange/Runtime/Binaries/Win64/UnrealEditor-InterchangeCommonParser.dll')
[2026.08.03-14.58.06:429][  0]LogModuleManager: InternalLoadLibrary: 'InterchangeFbxParser' ('C:/Program Files/Epic Games/UE_5.8/Engine/Plugins/Interchange/Runtime/Binaries/Win64/UnrealEditor-InterchangeFbxParser.dll')
[2026.08.03-14.58.06:429][  0]LogModuleManager: InternalLoadLibrary: 'InterchangeEditor' ('C:/Program Files/Epic Games/UE_5.8/Engine/Plugins/Interchange/Editor/Binaries/Win64/UnrealEditor-InterchangeEditor.dll')
[2026.08.03-14.58.06:430][  0]LogModuleManager: InternalLoadLibrary: 'InterchangeEditorPipelines' ('C:/Program Files/Epic Games/UE_5.8/Engine/Plugins/Interchange/Editor/Binaries/Win64/UnrealEditor-InterchangeEditorPipelines.dll')
[2026.08.03-14.58.06:433][  0]LogModuleManager: InternalLoadLibrary: 'InterchangeEditorUtilities' ('C:/Program Files/Epic Games/UE_5.8/Engine/Plugins/Interchange/Editor/Binaries/Win64/UnrealEditor-InterchangeEditorUtilities.dll')
[2026.08.03-14.58.06:434][  0]LogModuleManager: InternalLoadLibrary: 'ImgMedia' ('C:/Program Files/Epic Games/UE_5.8/Engine/Plugins/Media/ImgMedia/Binaries/Win64/UnrealEditor-ImgMedia.dll')
[2026.08.03-14.58.06:441][  0]LogModuleManager: InternalLoadLibrary: 'MediaCompositing' ('C:/Program Files/Epic Games/UE_5.8/Engine/Plugins/Media/MediaCompositing/Binaries/Win64/UnrealEditor-MediaCompositing.dll')
[2026.08.03-14.58.06:442][  0]LogModuleManager: InternalLoadLibrary: 'MediaPlate' ('C:/Program Files/Epic Games/UE_5.8/Engine/Plugins/Media/MediaPlate/Binaries/Win64/UnrealEditor-MediaPlate.dll')
[2026.08.03-14.58.06:445][  0]LogModuleManager: InternalLoadLibrary: 'MediaPlateEditor' ('C:/Program Files/Epic Games/UE_5.8/Engine/Plugins/Media/MediaPlate/Binaries/Win64/UnrealEditor-MediaPlateEditor.dll')
[2026.08.03-14.58.06:450][  0]LogModuleManager: InternalLoadLibrary: 'OnlineBase' ('C:/Program Files/Epic Games/UE_5.8/Engine/Plugins/Online/OnlineBase/Binaries/Win64/UnrealEditor-OnlineBase.dll')
[2026.08.03-14.58.06:450][  0]LogModuleManager: InternalLoadLibrary: 'InterchangeTests' ('C:/Program Files/Epic Games/UE_5.8/Engine/Plugins/Tests/InterchangeTests/Binaries/Win64/UnrealEditor-InterchangeTests.dll')
[2026.08.03-14.58.06:453][  0]LogModuleManager: InternalLoadLibrary: 'InterchangeTestEditor' ('C:/Program Files/Epic Games/UE_5.8/Engine/Plugins/Tests/InterchangeTests/Binaries/Win64/UnrealEditor-InterchangeTestEditor.dll')
[2026.08.03-14.58.06:454][  0]LogModuleManager: InternalLoadLibrary: 'Paper2DEditor' ('C:/Program Files/Epic Games/UE_5.8/Engine/Plugins/2D/Paper2D/Binaries/Win64/UnrealEditor-Paper2DEditor.dll')
[2026.08.03-14.58.06:459][  0]LogModuleManager: InternalLoadLibrary: 'PaperSpriteSheetImporter' ('C:/Program Files/Epic Games/UE_5.8/Engine/Plugins/2D/Paper2D/Binaries/Win64/UnrealEditor-PaperSpriteSheetImporter.dll')
[2026.08.03-14.58.06:460][  0]LogModuleManager: InternalLoadLibrary: 'PaperTiledImporter' ('C:/Program Files/Epic Games/UE_5.8/Engine/Plugins/2D/Paper2D/Binaries/Win64/UnrealEditor-PaperTiledImporter.dll')
[2026.08.03-14.58.06:461][  0]LogModuleManager: InternalLoadLibrary: 'ACLPluginEditor' ('C:/Program Files/Epic Games/UE_5.8/Engine/Plugins/Animation/ACLPlugin/Binaries/Win64/UnrealEditor-ACLPluginEditor.dll')
[2026.08.03-14.58.06:463][  0]LogModuleManager: InternalLoadLibrary: 'TakeMovieScene' ('C:/Program Files/Epic Games/UE_5.8/Engine/Plugins/VirtualProduction/Takes/Binaries/Win64/UnrealEditor-TakeMovieScene.dll')
[2026.08.03-14.58.06:463][  0]LogModuleManager: InternalLoadLibrary: 'TakeSequencer' ('C:/Program Files/Epic Games/UE_5.8/Engine/Plugins/VirtualProduction/Takes/Binaries/Win64/UnrealEditor-TakeSequencer.dll')
[2026.08.03-14.58.06:464][  0]LogModuleManager: InternalLoadLibrary: 'BlendSpaceMotionAnalysis' ('C:/Program Files/Epic Games/UE_5.8/Engine/Plugins/Animation/BlendSpaceMotionAnalysis/Binaries/Win64/UnrealEditor-BlendSpaceMotionAnalysis.dll')
[2026.08.03-14.58.06:465][  0]LogModuleManager: InternalLoadLibrary: 'ControlRigSpline' ('C:/Program Files/Epic Games/UE_5.8/Engine/Plugins/Animation/ControlRigSpline/Binaries/Win64/UnrealEditor-ControlRigSpline.dll')
[2026.08.03-14.58.06:467][  0]LogModuleManager: InternalLoadLibrary: 'EaseCurveTool' ('C:/Program Files/Epic Games/UE_5.8/Engine/Plugins/Animation/EaseCurveTool/Binaries/Win64/UnrealEditor-EaseCurveTool.dll')
[2026.08.03-14.58.06:469][  0]LogModuleManager: InternalLoadLibrary: 'GameplayInsights' ('C:/Program Files/Epic Games/UE_5.8/Engine/Plugins/Animation/GameplayInsights/Binaries/Win64/UnrealEditor-GameplayInsights.dll')
[2026.08.03-14.58.06:472][  0]LogModuleManager: InternalLoadLibrary: 'AnimationBlueprintEditor' ('C:/Program Files/Epic Games/UE_5.8/Engine/Binaries/Win64/UnrealEditor-AnimationBlueprintEditor.dll')
[2026.08.03-14.58.06:473][  0]LogModuleManager: InternalLoadLibrary: 'GameplayInsightsEditor' ('C:/Program Files/Epic Games/UE_5.8/Engine/Plugins/Animation/GameplayInsights/Binaries/Win64/UnrealEditor-GameplayInsightsEditor.dll')
[2026.08.03-14.58.06:473][  0]LogModuleManager: InternalLoadLibrary: 'RewindDebuggerRuntime' ('C:/Program Files/Epic Games/UE_5.8/Engine/Plugins/Animation/GameplayInsights/Binaries/Win64/UnrealEditor-RewindDebuggerRuntime.dll')
[2026.08.03-14.58.06:474][  0]LogModuleManager: InternalLoadLibrary: 'RewindDebuggerVLogRuntime' ('C:/Program Files/Epic Games/UE_5.8/Engine/Plugins/Animation/GameplayInsights/Binaries/Win64/UnrealEditor-RewindDebuggerVLogRuntime.dll')
[2026.08.03-14.58.06:475][  0]LogModuleManager: InternalLoadLibrary: 'GameplayCamerasUncookedOnly' ('C:/Program Files/Epic Games/UE_5.8/Engine/Plugins/Cameras/GameplayCameras/Binaries/Win64/UnrealEditor-GameplayCamerasUncookedOnly.dll')
[2026.08.03-14.58.06:477][  0]LogModuleManager: InternalLoadLibrary: 'AlembicImporter' ('C:/Program Files/Epic Games/UE_5.8/Engine/Plugins/Importers/AlembicImporter/Binaries/Win64/UnrealEditor-AlembicImporter.dll')
[2026.08.03-14.58.06:479][  0]LogModuleManager: InternalLoadLibrary: 'AlembicLibrary' ('C:/Program Files/Epic Games/UE_5.8/Engine/Plugins/Importers/AlembicImporter/Binaries/Win64/UnrealEditor-AlembicLibrary.dll')
[2026.08.03-14.58.06:480][  0]LogModuleManager: InternalLoadLibrary: 'IKRig' ('C:/Program Files/Epic Games/UE_5.8/Engine/Plugins/Animation/IKRig/Binaries/Win64/UnrealEditor-IKRig.dll')
[2026.08.03-14.58.06:487][  0]LogModuleManager: InternalLoadLibrary: 'IKRigDeveloper' ('C:/Program Files/Epic Games/UE_5.8/Engine/Plugins/Animation/IKRig/Binaries/Win64/UnrealEditor-IKRigDeveloper.dll')
[2026.08.03-14.58.06:488][  0]LogModuleManager: InternalLoadLibrary: 'AutomatedPerfTestLaunchExtension' ('C:/Program Files/Epic Games/UE_5.8/Engine/Plugins/Performance/AutomatedPerfTestTools/Binaries/Win64/UnrealEditor-AutomatedPerfTestLaunchExtension.dll')
[2026.08.03-14.58.06:489][  0]LogModuleManager: InternalLoadLibrary: 'PhysicsControl' ('C:/Program Files/Epic Games/UE_5.8/Engine/Plugins/Animation/PhysicsControl/Binaries/Win64/UnrealEditor-PhysicsControl.dll')
[2026.08.03-14.58.06:489][  0]LogModuleManager: InternalLoadLibrary: 'PhysicsControlUncookedOnly' ('C:/Program Files/Epic Games/UE_5.8/Engine/Plugins/Animation/PhysicsControl/Binaries/Win64/UnrealEditor-PhysicsControlUncookedOnly.dll')
[2026.08.03-14.58.06:490][  0]LogModuleManager: InternalLoadLibrary: 'RigLogicModule' ('C:/Program Files/Epic Games/UE_5.8/Engine/Plugins/Animation/RigLogic/Binaries/Win64/UnrealEditor-RigLogicModule.dll')
[2026.08.03-14.58.06:491][  0]LogModuleManager: InternalLoadLibrary: 'RigLogicEditor' ('C:/Program Files/Epic Games/UE_5.8/Engine/Plugins/Animation/RigLogic/Binaries/Win64/UnrealEditor-RigLogicEditor.dll')
[2026.08.03-14.58.06:492][  0]LogModuleManager: InternalLoadLibrary: 'SkeletalMeshModelingTools' ('C:/Program Files/Epic Games/UE_5.8/Engine/Plugins/Animation/SkeletalMeshModelingTools/Binaries/Win64/UnrealEditor-SkeletalMeshModelingTools.dll')
[2026.08.03-14.58.06:493][  0]LogModuleManager: InternalLoadLibrary: 'SkeletalMeshEditor' ('C:/Program Files/Epic Games/UE_5.8/Engine/Binaries/Win64/UnrealEditor-SkeletalMeshEditor.dll')
[2026.08.03-14.58.06:493][  0]LogModuleManager: InternalLoadLibrary: 'TweeningUtils' ('C:/Program Files/Epic Games/UE_5.8/Engine/Plugins/Animation/TweeningUtils/Binaries/Win64/UnrealEditor-TweeningUtils.dll')
[2026.08.03-14.58.06:493][  0]LogModuleManager: InternalLoadLibrary: 'TweeningUtilsEditor' ('C:/Program Files/Epic Games/UE_5.8/Engine/Plugins/Animation/TweeningUtils/Binaries/Win64/UnrealEditor-TweeningUtilsEditor.dll')
[2026.08.03-14.58.06:494][  0]LogModuleManager: InternalLoadLibrary: 'PortableObjectFileDataSource' ('C:/Program Files/Epic Games/UE_5.8/Engine/Plugins/Editor/Localization/PortableObjectFileDataSource/Binaries/Win64/UnrealEditor-PortableObjectFileDataSource.dll')
[2026.08.03-14.58.06:501][  0]LogModuleManager: InternalLoadLibrary: 'FileSandboxCore' ('C:/Program Files/Epic Games/UE_5.8/Engine/Plugins/Developer/Sandbox/FileSandbox/Binaries/Win64/UnrealEditor-FileSandboxCore.dll')
[2026.08.03-14.58.06:502][  0]LogModuleManager: InternalLoadLibrary: 'FileSandboxUI' ('C:/Program Files/Epic Games/UE_5.8/Engine/Plugins/Developer/Sandbox/FileSandbox/Binaries/Win64/UnrealEditor-FileSandboxUI.dll')
[2026.08.03-14.58.06:503][  0]LogModuleManager: InternalLoadLibrary: 'RiderBlueprint' ('C:/Program Files/Epic Games/UE_5.8/Engine/Plugins/Marketplace/Developer/RiderLink/Binaries/Win64/UnrealEditor-RiderBlueprint.dll')
[2026.08.03-14.58.06:503][  0]LogModuleManager: InternalLoadLibrary: 'RiderGameControl' ('C:/Program Files/Epic Games/UE_5.8/Engine/Plugins/Marketplace/Developer/RiderLink/Binaries/Win64/UnrealEditor-RiderGameControl.dll')
[2026.08.03-14.58.06:504][  0]LogModuleManager: InternalLoadLibrary: 'ContentBrowserAssetDataSource' ('C:/Program Files/Epic Games/UE_5.8/Engine/Plugins/Editor/ContentBrowser/ContentBrowserAssetDataSource/Binaries/Win64/UnrealEditor-ContentBrowserAssetDataSource.dll')
[2026.08.03-14.58.06:505][  0]LogModuleManager: InternalLoadLibrary: 'CollectionManager' ('C:/Program Files/Epic Games/UE_5.8/Engine/Binaries/Win64/UnrealEditor-CollectionManager.dll')
[2026.08.03-14.58.06:508][  0]LogCollectionManager: Loaded 0 collections in 0.001311 seconds
[2026.08.03-14.58.06:509][  0]LogFileCache: Scanning file cache for directory 'C:/Users/sster/Documents/Git/O-Mock/Saved/Collections/' took 0.00s
[2026.08.03-14.58.06:512][  0]LogFileCache: Scanning file cache for directory 'C:/Users/sster/Documents/Git/O-Mock/Content/Developers/sster/Collections/' took 0.00s
[2026.08.03-14.58.06:514][  0]LogFileCache: Scanning file cache for directory 'C:/Users/sster/Documents/Git/O-Mock/Content/Collections/' took 0.00s
[2026.08.03-14.58.06:518][  0]LogModuleManager: InternalLoadLibrary: 'ContentBrowserFileDataSource' ('C:/Program Files/Epic Games/UE_5.8/Engine/Plugins/Editor/ContentBrowser/ContentBrowserFileDataSource/Binaries/Win64/UnrealEditor-ContentBrowserFileDataSource.dll')
[2026.08.03-14.58.06:519][  0]LogModuleManager: InternalLoadLibrary: 'BaseCharacterFXEditor' ('C:/Program Files/Epic Games/UE_5.8/Engine/Plugins/Experimental/CharacterFXEditor/BaseCharacterFXEditor/Binaries/Win64/UnrealEditor-BaseCharacterFXEditor.dll')
[2026.08.03-14.58.06:519][  0]LogModuleManager: InternalLoadLibrary: 'ContentBrowserClassDataSource' ('C:/Program Files/Epic Games/UE_5.8/Engine/Plugins/Editor/ContentBrowser/ContentBrowserClassDataSource/Binaries/Win64/UnrealEditor-ContentBrowserClassDataSource.dll')
[2026.08.03-14.58.06:536][  0]LogModuleManager: InternalLoadLibrary: 'XInputDevice' ('C:/Program Files/Epic Games/UE_5.8/Engine/Plugins/Runtime/Windows/XInputDevice/Binaries/Win64/UnrealEditor-XInputDevice.dll')
[2026.08.03-14.58.06:537][  0]LogModuleManager: InternalLoadLibrary: 'LightMixer' ('C:/Program Files/Epic Games/UE_5.8/Engine/Plugins/Editor/ObjectMixer/LightMixer/Binaries/Win64/UnrealEditor-LightMixer.dll')
[2026.08.03-14.58.06:539][  0]LogModuleManager: InternalLoadLibrary: 'ObjectMixerEditor' ('C:/Program Files/Epic Games/UE_5.8/Engine/Plugins/Editor/ObjectMixer/ObjectMixer/Binaries/Win64/UnrealEditor-ObjectMixerEditor.dll')
[2026.08.03-14.58.06:539][  0]LogModuleManager: InternalLoadLibrary: 'ConcertSharedSlate' ('C:/Program Files/Epic Games/UE_5.8/Engine/Plugins/Developer/Concert/ConcertUI/ConcertSharedSlate/Binaries/Win64/UnrealEditor-ConcertSharedSlate.dll')
[2026.08.03-14.58.06:542][  0]LogModuleManager: InternalLoadLibrary: 'ConcertSyncClient' ('C:/Program Files/Epic Games/UE_5.8/Engine/Plugins/Developer/Concert/ConcertSync/ConcertSyncClient/Binaries/Win64/UnrealEditor-ConcertSyncClient.dll')
[2026.08.03-14.58.06:544][  0]LogModuleManager: InternalLoadLibrary: 'Bridge' ('C:/Program Files/Epic Games/UE_5.8/Engine/Plugins/Bridge/Binaries/Win64/UnrealEditor-Bridge.dll')
[2026.08.03-14.58.06:547][  0]LogModuleManager: InternalLoadLibrary: 'MegascansPlugin' ('C:/Program Files/Epic Games/UE_5.8/Engine/Plugins/Bridge/Binaries/Win64/UnrealEditor-MegascansPlugin.dll')
[2026.08.03-14.58.06:549][  0]LogModuleManager: InternalLoadLibrary: 'CmdLinkServer' ('C:/Program Files/Epic Games/UE_5.8/Engine/Plugins/CmdLinkServer/Binaries/Win64/UnrealEditor-CmdLinkServer.dll')
[2026.08.03-14.58.06:550][  0]LogModuleManager: InternalLoadLibrary: 'DataflowEditor' ('C:/Program Files/Epic Games/UE_5.8/Engine/Plugins/Dataflow/Binaries/Win64/UnrealEditor-DataflowEditor.dll')
[2026.08.03-14.58.06:555][  0]LogModuleManager: InternalLoadLibrary: 'Fab' ('C:/Program Files/Epic Games/UE_5.8/Engine/Plugins/Fab/Binaries/Win64/UnrealEditor-Fab.dll')
[2026.08.03-14.58.06:558][  0]LogEOSSDK: LogEOS: [Boot] EOSSDK Version 1.19.1.2-53289219 booting at 2026-08-03T14:58:06.558Z using C
[2026.08.03-14.58.06:559][  0]LogEOSSDK: LogEOS: [Boot] EOSSDK Platform Configuration win64-dynamic-x86_64
[2026.08.03-14.58.06:559][  0]LogEOSSDK: LogEOS: [Boot] EOSSDK Platform Properties [OS=Windows/10.0.26100.8875.64bit, ClientId=xyza7891REBVsEqSJRRNXmlS7EQHM459, ProductId=86f32f1151354e7cb39c12f8ab2c22a3, SandboxId=a01927f7421a4d4995673fe30ef46945, DeploymentId=a652a72ea1664dcab3a467891eea5f30, ProductName=O_Mock, ProductVersion=++UE5+Release-5.8-CL-55116800, IsServer=false, Flags=DisableOverlay]
[2026.08.03-14.58.06:559][  0]LogEOSSDK: LogEOSAnalytics: Start Session (User: ...)
[2026.08.03-14.58.06:559][  0]LogEOSSDK: LogEOSOverlay: Overlay will not load, because it was explicitly disabled when creating the platform
[2026.08.03-14.58.06:563][  0]LogEOSSDK: LogEOSAntiCheat: [AntiCheatClient] Anti-cheat client not available. Verify that the game was started using the anti-cheat bootstrapper if you intend to use it.
[2026.08.03-14.58.06:563][  0]LogEOSSDK: LogEOS: SetApplicationStatus - OldStatus: EOS_AS_Foreground, NewStatus: EOS_AS_Foreground, Current Time: 0001.01.01-00.00.00
[2026.08.03-14.58.06:563][  0]LogEOSSDK: LogEOS: SetNetworkStatus - OldStatus: EOS_NS_Online, NewStatus: EOS_NS_Online
[2026.08.03-14.58.06:563][  0]LogEOSSDK: LogEOS: Updating Platform SDK Config, Time: 0.000044
[2026.08.03-14.58.06:563][  0]LogFab: Plugin initialized. VersionName: 0.0.13 (Version: 13) - Engine Version 5.8.0-55116800+++UE5+Release-5.8
[2026.08.03-14.58.06:564][  0]LogModuleManager: InternalLoadLibrary: 'StylusInputRealTimeStylus' ('C:/Program Files/Epic Games/UE_5.8/Engine/Plugins/Editor/StylusInput/Binaries/Win64/UnrealEditor-StylusInputRealTimeStylus.dll')
[2026.08.03-14.58.06:568][  0]LogModuleManager: InternalLoadLibrary: 'StylusInputWintab' ('C:/Program Files/Epic Games/UE_5.8/Engine/Plugins/Editor/StylusInput/Binaries/Win64/UnrealEditor-StylusInputWintab.dll')
[2026.08.03-14.58.06:570][  0]LogWindows: Failed to load 'Wintab32.dll' (GetLastError=126)
[2026.08.03-14.58.06:570][  0]LogWindows: File 'Wintab32.dll' does not exist
[2026.08.03-14.58.06:570][  0]LogStylusInput: Wintab driver is not available; Wintab interface will be not be initialized.
[2026.08.03-14.58.06:570][  0]LogModuleManager: InternalLoadLibrary: 'LevelSequenceNavigatorBridge' ('C:/Program Files/Epic Games/UE_5.8/Engine/Plugins/Experimental/LevelSequenceNavigatorBridge/Binaries/Win64/UnrealEditor-LevelSequenceNavigatorBridge.dll')
[2026.08.03-14.58.06:571][  0]LogModuleManager: InternalLoadLibrary: 'AudioSynesthesiaEditor' ('C:/Program Files/Epic Games/UE_5.8/Engine/Plugins/Runtime/AudioSynesthesia/Binaries/Win64/UnrealEditor-AudioSynesthesiaEditor.dll')
[2026.08.03-14.58.06:574][  0]LogModuleManager: InternalLoadLibrary: 'TakesCore' ('C:/Program Files/Epic Games/UE_5.8/Engine/Plugins/VirtualProduction/Takes/Binaries/Win64/UnrealEditor-TakesCore.dll')
[2026.08.03-14.58.06:574][  0]LogModuleManager: InternalLoadLibrary: 'TakeTrackRecorders' ('C:/Program Files/Epic Games/UE_5.8/Engine/Plugins/VirtualProduction/Takes/Binaries/Win64/UnrealEditor-TakeTrackRecorders.dll')
[2026.08.03-14.58.06:574][  0]LogModuleManager: InternalLoadLibrary: 'TakeRecorderSources' ('C:/Program Files/Epic Games/UE_5.8/Engine/Plugins/VirtualProduction/Takes/Binaries/Win64/UnrealEditor-TakeRecorderSources.dll')
[2026.08.03-14.58.06:577][  0]LogModuleManager: InternalLoadLibrary: 'TakeRecorderEditor' ('C:/Program Files/Epic Games/UE_5.8/Engine/Plugins/VirtualProduction/Takes/Binaries/Win64/UnrealEditor-TakeRecorderEditor.dll')
[2026.08.03-14.58.06:579][  0]LogModuleManager: InternalLoadLibrary: 'CacheTrackRecorder' ('C:/Program Files/Epic Games/UE_5.8/Engine/Plugins/VirtualProduction/Takes/Binaries/Win64/UnrealEditor-CacheTrackRecorder.dll')
[2026.08.03-14.58.06:579][  0]LogModuleManager: InternalLoadLibrary: 'TakeRecorderNamingTokens' ('C:/Program Files/Epic Games/UE_5.8/Engine/Plugins/VirtualProduction/Takes/Binaries/Win64/UnrealEditor-TakeRecorderNamingTokens.dll')
[2026.08.03-14.58.06:599][  0]LogUObjectArray: 53340 objects as part of root set at end of initial load.
[2026.08.03-14.58.06:599][  0]LogUObjectArray: CloseDisregardForGC: 0/0 objects in disregard for GC pool
[2026.08.03-14.58.06:613][  0]LogModuleManager: InternalLoadLibrary: 'ProfileVisualizer' ('C:/Program Files/Epic Games/UE_5.8/Engine/Binaries/Win64/UnrealEditor-ProfileVisualizer.dll')
[2026.08.03-14.58.06:615][  0]LogModuleManager: InternalLoadLibrary: 'ImageWriteQueue' ('C:/Program Files/Epic Games/UE_5.8/Engine/Binaries/Win64/UnrealEditor-ImageWriteQueue.dll')
[2026.08.03-14.58.06:615][  0]LogModuleManager: InternalLoadLibrary: 'ImageWrapper' ('C:/Program Files/Epic Games/UE_5.8/Engine/Binaries/Win64/UnrealEditor-ImageWrapper.dll')
[2026.08.03-14.58.06:697][  0]LogTemp: Error test: UE::UnifiedErrorTest::Empty: [빈 오류]
[2026.08.03-14.58.06:697][  0]LogTemp: Error with param: UE::UnifiedErrorTest::WithInt: [int -7에 오류가 있음]
[2026.08.03-14.58.06:697][  0]LogTemp: Error with context: UE::UnifiedErrorTest::Empty: [빈 오류]
[2026.08.03-14.58.06:698][  0]LogTemp: FError that has been invalidated: ::: []
[2026.08.03-14.58.06:698][  0]LogTemp: FError that has been moved from: ::: []
[2026.08.03-14.58.06:720][  0]LogClass: Error: StructProperty FGomokuWinResult::WinCell is not initialized properly. Module:O_Mock File:GomokuTypes.h
[2026.08.03-14.58.06:720][  0]LogClass: Error: StructProperty FMatchEvent::Cell is not initialized properly. Module:O_Mock File:GomokuMinigameTypes.h
[2026.08.03-14.58.06:722][  0]LogClass: Display: 2 Uninitialized script struct members found including 0 object properties
[2026.08.03-14.58.06:727][  0]LogAutomationTest: Error: Condition failed
[2026.08.03-14.58.06:727][  0]LogAutomationTest: Error: Condition failed
[2026.08.03-14.58.06:727][  0]LogAutomationTest: Error: Condition failed
[2026.08.03-14.58.06:727][  0]LogAutomationTest: Error: Condition failed
[2026.08.03-14.58.06:727][  0]LogAutomationTest: Error: Condition failed
[2026.08.03-14.58.06:727][  0]LogAutomationTest: Error: Condition failed
[2026.08.03-14.58.06:727][  0]LogAutomationTest: Error: Condition failed
[2026.08.03-14.58.06:727][  0]LogAutomationTest: Error: Condition failed
[2026.08.03-14.58.06:727][  0]LogAutomationTest: Error: Condition failed
[2026.08.03-14.58.06:727][  0]LogAutomationTest: Error: Condition failed
[2026.08.03-14.58.06:727][  0]LogAutomationTest: Error: Condition failed
[2026.08.03-14.58.06:727][  0]LogAutomationTest: Error: Condition failed
[2026.08.03-14.58.06:727][  0]LogAutomationTest: Error: Condition failed
[2026.08.03-14.58.06:727][  0]LogAutomationTest: Error: Condition failed
[2026.08.03-14.58.06:727][  0]LogAutomationTest: Error: Condition failed
[2026.08.03-14.58.06:727][  0]LogAutomationTest: Error: LogClass: StructProperty FGomokuWinResult::WinCell is not initialized properly. Module:O_Mock File:GomokuTypes.h
[2026.08.03-14.58.06:727][  0]LogAutomationTest: Error: LogClass: StructProperty FMatchEvent::Cell is not initialized properly. Module:O_Mock File:GomokuMinigameTypes.h
[2026.08.03-14.58.06:728][  0]LogEngine: Initializing Engine...
[2026.08.03-14.58.06:728][  0]LogModuleManager: InternalLoadLibrary: 'TypedElementRuntime' ('C:/Program Files/Epic Games/UE_5.8/Engine/Binaries/Win64/UnrealEditor-TypedElementRuntime.dll')
[2026.08.03-14.58.06:743][  0]LogMovieScene: USequencerBakeSubsystem subsystem initialized.
[2026.08.03-14.58.06:745][  0]LogModuleManager: InternalLoadLibrary: 'JsonUtilitiesEditor' ('C:/Program Files/Epic Games/UE_5.8/Engine/Binaries/Win64/UnrealEditor-JsonUtilitiesEditor.dll')
[2026.08.03-14.58.06:746][  0]LogModuleManager: InternalLoadLibrary: 'JsonUtilities' ('C:/Program Files/Epic Games/UE_5.8/Engine/Binaries/Win64/UnrealEditor-JsonUtilities.dll')
[2026.08.03-14.58.06:747][  0]LogToolsetRegistry: Display: Registering Toolset ToolsetRegistry.AgentSkillToolset
[2026.08.03-14.58.06:747][  0]LogTedsSettings: UTedsSettingsEditorSubsystem::Initialize
[2026.08.03-14.58.06:786][  0]LogChaosDD: Creating Chaos Debug Draw Scene for world Untitled
[2026.08.03-14.58.06:786][  0]LogModuleManager: InternalLoadLibrary: 'LevelInstanceEditor' ('C:/Program Files/Epic Games/UE_5.8/Engine/Binaries/Win64/UnrealEditor-LevelInstanceEditor.dll')
[2026.08.03-14.58.06:790][  0]LogNiagara: UAV Float16 is not supported, compressed GPU emitters will be disabled.
[2026.08.03-14.58.06:791][  0]LogModuleManager: InternalLoadLibrary: 'AIModule' ('C:/Program Files/Epic Games/UE_5.8/Engine/Binaries/Win64/UnrealEditor-AIModule.dll')
[2026.08.03-14.58.06:791][  0]LogModuleManager: InternalLoadLibrary: 'NavigationSystem' ('C:/Program Files/Epic Games/UE_5.8/Engine/Binaries/Win64/UnrealEditor-NavigationSystem.dll')
[2026.08.03-14.58.06:791][  0]LogModuleManager: InternalLoadLibrary: 'AITestSuite' ('C:/Program Files/Epic Games/UE_5.8/Engine/Binaries/Win64/UnrealEditor-AITestSuite.dll')
[2026.08.03-14.58.06:792][  0]LogModuleManager: InternalLoadLibrary: 'GameplayDebugger' ('C:/Program Files/Epic Games/UE_5.8/Engine/Binaries/Win64/UnrealEditor-GameplayDebugger.dll')
[2026.08.03-14.58.06:794][  0]LogNetVersion: Set ProjectVersion to 1.0.0.0. Version Checksum will be recalculated on next use.
[2026.08.03-14.58.06:794][  0]LogInit: Texture streaming: Disabled
[2026.08.03-14.58.06:795][  0]LogModuleManager: InternalLoadLibrary: 'MessagingRpc' ('C:/Program Files/Epic Games/UE_5.8/Engine/Binaries/Win64/UnrealEditor-MessagingRpc.dll')
[2026.08.03-14.58.06:796][  0]LogModuleManager: InternalLoadLibrary: 'PortalRpc' ('C:/Program Files/Epic Games/UE_5.8/Engine/Binaries/Win64/UnrealEditor-PortalRpc.dll')
[2026.08.03-14.58.06:797][  0]LogModuleManager: InternalLoadLibrary: 'PortalServices' ('C:/Program Files/Epic Games/UE_5.8/Engine/Binaries/Win64/UnrealEditor-PortalServices.dll')
[2026.08.03-14.58.06:799][  0]LogModuleManager: InternalLoadLibrary: 'AnalyticsET' ('C:/Program Files/Epic Games/UE_5.8/Engine/Binaries/Win64/UnrealEditor-AnalyticsET.dll')
[2026.08.03-14.58.06:799][  0]LogModuleManager: InternalLoadLibrary: 'LauncherPlatform' ('C:/Program Files/Epic Games/UE_5.8/Engine/Binaries/Win64/UnrealEditor-LauncherPlatform.dll')
[2026.08.03-14.58.06:800][  0]LogAnalytics: Display: [UEEditor.Rocket.Release] AnalyticsET::StartSession ( APIServer = https://datarouter.ol.epicgames.com/datarouter/api/v1/public/data. AppVersion = 5.8.0-55116800+++UE5+Release-5.8 )
[2026.08.03-14.58.06:803][  0]LogModuleManager: InternalLoadLibrary: 'StreamingPauseRendering' ('C:/Program Files/Epic Games/UE_5.8/Engine/Binaries/Win64/UnrealEditor-StreamingPauseRendering.dll')
[2026.08.03-14.58.06:804][  0]LogModuleManager: InternalLoadLibrary: 'MovieScene' ('C:/Program Files/Epic Games/UE_5.8/Engine/Binaries/Win64/UnrealEditor-MovieScene.dll')
[2026.08.03-14.58.06:805][  0]LogModuleManager: InternalLoadLibrary: 'MovieSceneTracks' ('C:/Program Files/Epic Games/UE_5.8/Engine/Binaries/Win64/UnrealEditor-MovieSceneTracks.dll')
[2026.08.03-14.58.06:807][  0]LogModuleManager: InternalLoadLibrary: 'CinematicCamera' ('C:/Program Files/Epic Games/UE_5.8/Engine/Binaries/Win64/UnrealEditor-CinematicCamera.dll')
[2026.08.03-14.58.06:807][  0]LogModuleManager: InternalLoadLibrary: 'SparseVolumeTexture' ('C:/Program Files/Epic Games/UE_5.8/Engine/Binaries/Win64/UnrealEditor-SparseVolumeTexture.dll')
[2026.08.03-14.58.06:808][  0]LogCsvProfiler: Display: Metadata set : largeworldcoordinates="1"
[2026.08.03-14.58.06:808][  0]LogSlate: InvalidateAllWidgets triggered.  All widgets were invalidated
[2026.08.03-14.58.06:810][  0]LogInit: Undo buffer set to 256 MB
[2026.08.03-14.58.06:810][  0]LogInit: Transaction tracking system initialized
[2026.08.03-14.58.06:810][  0]LogModuleManager: InternalLoadLibrary: 'Documentation' ('C:/Program Files/Epic Games/UE_5.8/Engine/Binaries/Win64/UnrealEditor-Documentation.dll')
[2026.08.03-14.58.06:810][  0]LogModuleManager: InternalLoadLibrary: 'OutputLog' ('C:/Program Files/Epic Games/UE_5.8/Engine/Binaries/Win64/UnrealEditor-OutputLog.dll')
[2026.08.03-14.58.06:812][  0]LogModuleManager: InternalLoadLibrary: 'SourceControlWindows' ('C:/Program Files/Epic Games/UE_5.8/Engine/Binaries/Win64/UnrealEditor-SourceControlWindows.dll')
[2026.08.03-14.58.06:813][  0]LogModuleManager: InternalLoadLibrary: 'SourceControlWindowExtender' ('C:/Program Files/Epic Games/UE_5.8/Engine/Binaries/Win64/UnrealEditor-SourceControlWindowExtender.dll')
[2026.08.03-14.58.06:814][  0]LogModuleManager: InternalLoadLibrary: 'UncontrolledChangelists' ('C:/Program Files/Epic Games/UE_5.8/Engine/Binaries/Win64/UnrealEditor-UncontrolledChangelists.dll')
[2026.08.03-14.58.06:815][  0]LogModuleManager: InternalLoadLibrary: 'ClassViewer' ('C:/Program Files/Epic Games/UE_5.8/Engine/Binaries/Win64/UnrealEditor-ClassViewer.dll')
[2026.08.03-14.58.06:815][  0]LogModuleManager: InternalLoadLibrary: 'StructViewer' ('C:/Program Files/Epic Games/UE_5.8/Engine/Binaries/Win64/UnrealEditor-StructViewer.dll')
[2026.08.03-14.58.06:817][  0]LogModuleManager: InternalLoadLibrary: 'GraphEditor' ('C:/Program Files/Epic Games/UE_5.8/Engine/Binaries/Win64/UnrealEditor-GraphEditor.dll')
[2026.08.03-14.58.06:817][  0]LogModuleManager: InternalLoadLibrary: 'Kismet' ('C:/Program Files/Epic Games/UE_5.8/Engine/Binaries/Win64/UnrealEditor-Kismet.dll')
[2026.08.03-14.58.06:817][  0]LogModuleManager: InternalLoadLibrary: 'KismetWidgets' ('C:/Program Files/Epic Games/UE_5.8/Engine/Binaries/Win64/UnrealEditor-KismetWidgets.dll')
[2026.08.03-14.58.06:818][  0]LogModuleManager: InternalLoadLibrary: 'Persona' ('C:/Program Files/Epic Games/UE_5.8/Engine/Binaries/Win64/UnrealEditor-Persona.dll')
[2026.08.03-14.58.06:818][  0]LogModuleManager: InternalLoadLibrary: 'MirrorDataTableEditor' ('C:/Program Files/Epic Games/UE_5.8/Engine/Binaries/Win64/UnrealEditor-MirrorDataTableEditor.dll')
[2026.08.03-14.58.06:822][  0]LogModuleManager: InternalLoadLibrary: 'AdvancedPreviewScene' ('C:/Program Files/Epic Games/UE_5.8/Engine/Binaries/Win64/UnrealEditor-AdvancedPreviewScene.dll')
[2026.08.03-14.58.06:825][  0]LogModuleManager: InternalLoadLibrary: 'PackagesDialog' ('C:/Program Files/Epic Games/UE_5.8/Engine/Binaries/Win64/UnrealEditor-PackagesDialog.dll')
[2026.08.03-14.58.06:826][  0]LogModuleManager: InternalLoadLibrary: 'DetailCustomizations' ('C:/Program Files/Epic Games/UE_5.8/Engine/Binaries/Win64/UnrealEditor-DetailCustomizations.dll')
[2026.08.03-14.58.06:827][  0]LogModuleManager: InternalLoadLibrary: 'ComponentVisualizers' ('C:/Program Files/Epic Games/UE_5.8/Engine/Binaries/Win64/UnrealEditor-ComponentVisualizers.dll')
[2026.08.03-14.58.06:828][  0]LogModuleManager: InternalLoadLibrary: 'Layers' ('C:/Program Files/Epic Games/UE_5.8/Engine/Binaries/Win64/UnrealEditor-Layers.dll')
[2026.08.03-14.58.06:830][  0]LogModuleManager: InternalLoadLibrary: 'AutomationWindow' ('C:/Program Files/Epic Games/UE_5.8/Engine/Binaries/Win64/UnrealEditor-AutomationWindow.dll')
[2026.08.03-14.58.06:831][  0]LogModuleManager: InternalLoadLibrary: 'AutomationController' ('C:/Program Files/Epic Games/UE_5.8/Engine/Binaries/Win64/UnrealEditor-AutomationController.dll')
[2026.08.03-14.58.06:832][  0]LogModuleManager: InternalLoadLibrary: 'DeviceManager' ('C:/Program Files/Epic Games/UE_5.8/Engine/Binaries/Win64/UnrealEditor-DeviceManager.dll')
[2026.08.03-14.58.06:833][  0]LogModuleManager: InternalLoadLibrary: 'TargetDeviceServices' ('C:/Program Files/Epic Games/UE_5.8/Engine/Binaries/Win64/UnrealEditor-TargetDeviceServices.dll')
[2026.08.03-14.58.06:834][  0]LogModuleManager: InternalLoadLibrary: 'SessionFrontend' ('C:/Program Files/Epic Games/UE_5.8/Engine/Binaries/Win64/UnrealEditor-SessionFrontend.dll')
[2026.08.03-14.58.06:835][  0]LogModuleManager: InternalLoadLibrary: 'LegacyProjectLauncher' ('C:/Program Files/Epic Games/UE_5.8/Engine/Binaries/Win64/UnrealEditor-LegacyProjectLauncher.dll')
[2026.08.03-14.58.06:836][  0]LogModuleManager: InternalLoadLibrary: 'SettingsEditor' ('C:/Program Files/Epic Games/UE_5.8/Engine/Binaries/Win64/UnrealEditor-SettingsEditor.dll')
[2026.08.03-14.58.06:838][  0]LogModuleManager: InternalLoadLibrary: 'EditorSettingsViewer' ('C:/Program Files/Epic Games/UE_5.8/Engine/Binaries/Win64/UnrealEditor-EditorSettingsViewer.dll')
[2026.08.03-14.58.06:839][  0]LogModuleManager: InternalLoadLibrary: 'InternationalizationSettings' ('C:/Program Files/Epic Games/UE_5.8/Engine/Binaries/Win64/UnrealEditor-InternationalizationSettings.dll')
[2026.08.03-14.58.06:839][  0]LogModuleManager: InternalLoadLibrary: 'InputBindingSettingsViewer' ('C:/Program Files/Epic Games/UE_5.8/Engine/Binaries/Win64/UnrealEditor-InputBindingSettingsViewer.dll')
[2026.08.03-14.58.06:840][  0]LogModuleManager: InternalLoadLibrary: 'ProjectSettingsViewer' ('C:/Program Files/Epic Games/UE_5.8/Engine/Binaries/Win64/UnrealEditor-ProjectSettingsViewer.dll')
[2026.08.03-14.58.06:842][  0]LogModuleManager: InternalLoadLibrary: 'ProjectTargetPlatformEditor' ('C:/Program Files/Epic Games/UE_5.8/Engine/Binaries/Win64/UnrealEditor-ProjectTargetPlatformEditor.dll')
[2026.08.03-14.58.06:843][  0]LogModuleManager: InternalLoadLibrary: 'XmlParser' ('C:/Program Files/Epic Games/UE_5.8/Engine/Binaries/Win64/UnrealEditor-XmlParser.dll')
[2026.08.03-14.58.06:843][  0]LogModuleManager: InternalLoadLibrary: 'UndoHistory' ('C:/Program Files/Epic Games/UE_5.8/Engine/Binaries/Win64/UnrealEditor-UndoHistory.dll')
[2026.08.03-14.58.06:843][  0]LogModuleManager: InternalLoadLibrary: 'DeviceProfileEditor' ('C:/Program Files/Epic Games/UE_5.8/Engine/Binaries/Win64/UnrealEditor-DeviceProfileEditor.dll')
[2026.08.03-14.58.06:845][  0]LogModuleManager: InternalLoadLibrary: 'HardwareTargeting' ('C:/Program Files/Epic Games/UE_5.8/Engine/Binaries/Win64/UnrealEditor-HardwareTargeting.dll')
[2026.08.03-14.58.06:845][  0]LogModuleManager: InternalLoadLibrary: 'LocalizationDashboard' ('C:/Program Files/Epic Games/UE_5.8/Engine/Binaries/Win64/UnrealEditor-LocalizationDashboard.dll')
[2026.08.03-14.58.06:846][  0]LogModuleManager: InternalLoadLibrary: 'LocalizationService' ('C:/Program Files/Epic Games/UE_5.8/Engine/Binaries/Win64/UnrealEditor-LocalizationService.dll')
[2026.08.03-14.58.06:852][  0]LocalizationService: 현지화 서비스가 비활성화되었습니다.
[2026.08.03-14.58.06:853][  0]LogModuleManager: InternalLoadLibrary: 'MergeActors' ('C:/Program Files/Epic Games/UE_5.8/Engine/Binaries/Win64/UnrealEditor-MergeActors.dll')
[2026.08.03-14.58.06:855][  0]LogModuleManager: InternalLoadLibrary: 'InputBindingEditor' ('C:/Program Files/Epic Games/UE_5.8/Engine/Binaries/Win64/UnrealEditor-InputBindingEditor.dll')
[2026.08.03-14.58.06:856][  0]LogModuleManager: InternalLoadLibrary: 'EditorInteractiveToolsFramework' ('C:/Program Files/Epic Games/UE_5.8/Engine/Binaries/Win64/UnrealEditor-EditorInteractiveToolsFramework.dll')
[2026.08.03-14.58.06:856][  0]LogModuleManager: InternalLoadLibrary: 'InteractiveToolsFramework' ('C:/Program Files/Epic Games/UE_5.8/Engine/Binaries/Win64/UnrealEditor-InteractiveToolsFramework.dll')
[2026.08.03-14.58.06:859][  0]LogModuleManager: InternalLoadLibrary: 'StaticMeshEditor' ('C:/Program Files/Epic Games/UE_5.8/Engine/Binaries/Win64/UnrealEditor-StaticMeshEditor.dll')
[2026.08.03-14.58.06:859][  0]LogModuleManager: InternalLoadLibrary: 'EditorFramework' ('C:/Program Files/Epic Games/UE_5.8/Engine/Binaries/Win64/UnrealEditor-EditorFramework.dll')
[2026.08.03-14.58.06:859][  0]LogModuleManager: InternalLoadLibrary: 'EditorConfig' ('C:/Program Files/Epic Games/UE_5.8/Engine/Binaries/Win64/UnrealEditor-EditorConfig.dll')
[2026.08.03-14.58.06:860][  0]LogModuleManager: InternalLoadLibrary: 'DerivedDataEditor' ('C:/Program Files/Epic Games/UE_5.8/Engine/Binaries/Win64/UnrealEditor-DerivedDataEditor.dll')
[2026.08.03-14.58.06:860][  0]LogModuleManager: InternalLoadLibrary: 'ZenEditor' ('C:/Program Files/Epic Games/UE_5.8/Engine/Binaries/Win64/UnrealEditor-ZenEditor.dll')
[2026.08.03-14.58.06:861][  0]LogModuleManager: InternalLoadLibrary: 'CSVtoSVG' ('C:/Program Files/Epic Games/UE_5.8/Engine/Binaries/Win64/UnrealEditor-CSVtoSVG.dll')
[2026.08.03-14.58.06:862][  0]LogModuleManager: InternalLoadLibrary: 'VirtualizationEditor' ('C:/Program Files/Epic Games/UE_5.8/Engine/Binaries/Win64/UnrealEditor-VirtualizationEditor.dll')
[2026.08.03-14.58.06:864][  0]LogModuleManager: InternalLoadLibrary: 'AnimationSettings' ('C:/Program Files/Epic Games/UE_5.8/Engine/Binaries/Win64/UnrealEditor-AnimationSettings.dll')
[2026.08.03-14.58.06:865][  0]LogModuleManager: InternalLoadLibrary: 'GameplayDebuggerEditor' ('C:/Program Files/Epic Games/UE_5.8/Engine/Binaries/Win64/UnrealEditor-GameplayDebuggerEditor.dll')
[2026.08.03-14.58.06:866][  0]LogModuleManager: InternalLoadLibrary: 'RenderResourceViewer' ('C:/Program Files/Epic Games/UE_5.8/Engine/Binaries/Win64/UnrealEditor-RenderResourceViewer.dll')
[2026.08.03-14.58.06:867][  0]LogModuleManager: InternalLoadLibrary: 'UniversalObjectLocatorEditor' ('C:/Program Files/Epic Games/UE_5.8/Engine/Binaries/Win64/UnrealEditor-UniversalObjectLocatorEditor.dll')
[2026.08.03-14.58.06:868][  0]LogModuleManager: InternalLoadLibrary: 'StructUtilsEditor' ('C:/Program Files/Epic Games/UE_5.8/Engine/Binaries/Win64/UnrealEditor-StructUtilsEditor.dll')
[2026.08.03-14.58.06:869][  0]LogModuleManager: InternalLoadLibrary: 'StructUtilsTestSuite' ('C:/Program Files/Epic Games/UE_5.8/Engine/Binaries/Win64/UnrealEditor-StructUtilsTestSuite.dll')
[2026.08.03-14.58.06:871][  0]LogModuleManager: InternalLoadLibrary: 'SVGDistanceField' ('C:/Program Files/Epic Games/UE_5.8/Engine/Binaries/Win64/UnrealEditor-SVGDistanceField.dll')
[2026.08.03-14.58.06:872][  0]LogModuleManager: InternalLoadLibrary: 'DataHierarchyEditor' ('C:/Program Files/Epic Games/UE_5.8/Engine/Binaries/Win64/UnrealEditor-DataHierarchyEditor.dll')
[2026.08.03-14.58.06:873][  0]LogModuleManager: InternalLoadLibrary: 'ToolWidgets' ('C:/Program Files/Epic Games/UE_5.8/Engine/Binaries/Win64/UnrealEditor-ToolWidgets.dll')
[2026.08.03-14.58.06:873][  0]LogModuleManager: InternalLoadLibrary: 'UserAssetTagsEditor' ('C:/Program Files/Epic Games/UE_5.8/Engine/Binaries/Win64/UnrealEditor-UserAssetTagsEditor.dll')
[2026.08.03-14.58.06:874][  0]LogModuleManager: InternalLoadLibrary: 'AndroidRuntimeSettings' ('C:/Program Files/Epic Games/UE_5.8/Engine/Binaries/Win64/Android/UnrealEditor-AndroidRuntimeSettings.dll')
[2026.08.03-14.58.06:876][  0]LogModuleManager: InternalLoadLibrary: 'IOSRuntimeSettings' ('C:/Program Files/Epic Games/UE_5.8/Engine/Binaries/Win64/IOS/UnrealEditor-IOSRuntimeSettings.dll')
[2026.08.03-14.58.06:877][  0]LogModuleManager: InternalLoadLibrary: 'GDKPlatformEditor' ('C:/Program Files/Epic Games/UE_5.8/Engine/Binaries/Win64/UnrealEditor-GDKPlatformEditor.dll')
[2026.08.03-14.58.06:879][  0]LogModuleManager: InternalLoadLibrary: 'MacPlatformEditor' ('C:/Program Files/Epic Games/UE_5.8/Engine/Binaries/Win64/UnrealEditor-MacPlatformEditor.dll')
[2026.08.03-14.58.06:880][  0]LogModuleManager: InternalLoadLibrary: 'WindowsPlatformEditor' ('C:/Program Files/Epic Games/UE_5.8/Engine/Binaries/Win64/UnrealEditor-WindowsPlatformEditor.dll')
[2026.08.03-14.58.06:881][  0]LogModuleManager: InternalLoadLibrary: 'AndroidPlatformEditor' ('C:/Program Files/Epic Games/UE_5.8/Engine/Binaries/Win64/Android/UnrealEditor-AndroidPlatformEditor.dll')
[2026.08.03-14.58.06:882][  0]LogModuleManager: InternalLoadLibrary: 'AndroidDeviceDetection' ('C:/Program Files/Epic Games/UE_5.8/Engine/Binaries/Win64/Android/UnrealEditor-AndroidDeviceDetection.dll')
[2026.08.03-14.58.06:885][  0]LogModuleManager: InternalLoadLibrary: 'IOSPlatformEditor' ('C:/Program Files/Epic Games/UE_5.8/Engine/Binaries/Win64/IOS/UnrealEditor-IOSPlatformEditor.dll')
[2026.08.03-14.58.06:886][  0]LogModuleManager: InternalLoadLibrary: 'LogVisualizer' ('C:/Program Files/Epic Games/UE_5.8/Engine/Binaries/Win64/UnrealEditor-LogVisualizer.dll')
[2026.08.03-14.58.06:888][  0]LogModuleManager: InternalLoadLibrary: 'WidgetRegistration' ('C:/Program Files/Epic Games/UE_5.8/Engine/Binaries/Win64/UnrealEditor-WidgetRegistration.dll')
[2026.08.03-14.58.06:889][  0]LogModuleManager: InternalLoadLibrary: 'ClothPainter' ('C:/Program Files/Epic Games/UE_5.8/Engine/Binaries/Win64/UnrealEditor-ClothPainter.dll')
[2026.08.03-14.58.06:891][  0]LogModuleManager: InternalLoadLibrary: 'ViewportInteraction' ('C:/Program Files/Epic Games/UE_5.8/Engine/Binaries/Win64/UnrealEditor-ViewportInteraction.dll')
[2026.08.03-14.58.06:892][  0]LogModuleManager: InternalLoadLibrary: 'EditorWidgets' ('C:/Program Files/Epic Games/UE_5.8/Engine/Binaries/Win64/UnrealEditor-EditorWidgets.dll')
[2026.08.03-14.58.06:893][  0]LogModuleManager: InternalLoadLibrary: 'ViewportSnapping' ('C:/Program Files/Epic Games/UE_5.8/Engine/Binaries/Win64/UnrealEditor-ViewportSnapping.dll')
[2026.08.03-14.58.06:924][  0]LogContentValidation: Adding native validator /Script/DataValidation.DirtyFilesChangelistValidator
[2026.08.03-14.58.06:924][  0]LogContentValidation: Adding native validator /Script/DataValidation.EditorValidator_ActionUtility
[2026.08.03-14.58.06:924][  0]LogContentValidation: Adding native validator /Script/DataValidation.EditorValidator_Localization
[2026.08.03-14.58.06:924][  0]LogContentValidation: Adding native validator /Script/DataValidation.EditorValidator_Material
[2026.08.03-14.58.06:924][  0]LogContentValidation: Adding native validator /Script/DataValidation.PackageFileValidator
[2026.08.03-14.58.06:924][  0]LogContentValidation: Adding native validator /Script/DataValidation.WorldPartitionChangelistValidator
[2026.08.03-14.58.06:924][  0]LogContentValidation: Adding native validator /Script/InputBlueprintNodes.EnhancedInputUserWidgetValidator
[2026.08.03-14.58.06:924][  0]LogContentValidation: Adding native validator /Script/MutableValidation.AssetValidator_CustomizableObjects
[2026.08.03-14.58.06:924][  0]LogContentValidation: Adding native validator /Script/MutableValidation.AssetValidator_ReferencedCustomizableObjects
[2026.08.03-14.58.06:928][  0]LogModuleManager: InternalLoadLibrary: 'MeshPaint' ('C:/Program Files/Epic Games/UE_5.8/Engine/Binaries/Win64/UnrealEditor-MeshPaint.dll')
[2026.08.03-14.58.06:929][  0]LogNNEDenoiser: Ray Tracing is not enabled, therefore NNEDenoiser is not registered!
[2026.08.03-14.58.06:931][  0]LogPython: Python enabled via CVar 'Engine.Python.IsEnabledByDefault'
[2026.08.03-14.58.06:931][  0]LogPython: Using Python 3.11.8
[2026.08.03-14.58.06:969][  0]LogPython: Display: No pip-enabled plugins with python dependencies found, skipping
[2026.08.03-14.58.07:221][  0]LogModuleManager: InternalLoadLibrary: 'SessionServices' ('C:/Program Files/Epic Games/UE_5.8/Engine/Binaries/Win64/UnrealEditor-SessionServices.dll')
[2026.08.03-14.58.07:233][  0]LogCsvProfiler: Display: Metadata set : raytracing="0"
[2026.08.03-14.58.07:233][  0]LogModuleManager: InternalLoadLibrary: 'EngineAssetDefinitions' ('C:/Program Files/Epic Games/UE_5.8/Engine/Plugins/Editor/EngineAssetDefinitions/Binaries/Win64/UnrealEditor-EngineAssetDefinitions.dll')
[2026.08.03-14.58.07:234][  0]LogModuleManager: InternalLoadLibrary: 'GeometryMode' ('C:/Program Files/Epic Games/UE_5.8/Engine/Plugins/Editor/GeometryMode/Binaries/Win64/UnrealEditor-GeometryMode.dll')
[2026.08.03-14.58.07:236][  0]LogModuleManager: InternalLoadLibrary: 'BspMode' ('C:/Program Files/Epic Games/UE_5.8/Engine/Plugins/Editor/GeometryMode/Binaries/Win64/UnrealEditor-BspMode.dll')
[2026.08.03-14.58.07:238][  0]LogModuleManager: InternalLoadLibrary: 'PlacementMode' ('C:/Program Files/Epic Games/UE_5.8/Engine/Binaries/Win64/UnrealEditor-PlacementMode.dll')
[2026.08.03-14.58.07:248][  0]LogModuleManager: InternalLoadLibrary: 'TextureAlignMode' ('C:/Program Files/Epic Games/UE_5.8/Engine/Plugins/Editor/GeometryMode/Binaries/Win64/UnrealEditor-TextureAlignMode.dll')
[2026.08.03-14.58.07:249][  0]LogModuleManager: InternalLoadLibrary: 'StylusInputDebugWidget' ('C:/Program Files/Epic Games/UE_5.8/Engine/Plugins/Editor/StylusInput/Binaries/Win64/UnrealEditor-StylusInputDebugWidget.dll')
[2026.08.03-14.58.07:250][  0]LogModuleManager: InternalLoadLibrary: 'ActorSequenceEditor' ('C:/Program Files/Epic Games/UE_5.8/Engine/Plugins/MovieScene/ActorSequence/Binaries/Win64/UnrealEditor-ActorSequenceEditor.dll')
[2026.08.03-14.58.07:252][  0]LogModuleManager: InternalLoadLibrary: 'LevelSequenceEditor' ('C:/Program Files/Epic Games/UE_5.8/Engine/Plugins/MovieScene/LevelSequenceEditor/Binaries/Win64/UnrealEditor-LevelSequenceEditor.dll')
[2026.08.03-14.58.07:253][  0]LogLevelSequenceEditor: LevelSequenceEditor subsystem initialized.
[2026.08.03-14.58.07:253][  0]LogModuleManager: InternalLoadLibrary: 'TemplateSequenceEditor' ('C:/Program Files/Epic Games/UE_5.8/Engine/Plugins/MovieScene/TemplateSequence/Binaries/Win64/UnrealEditor-TemplateSequenceEditor.dll')
[2026.08.03-14.58.07:254][  0]LogModuleManager: InternalLoadLibrary: 'SequenceValidator' ('C:/Program Files/Epic Games/UE_5.8/Engine/Plugins/MovieScene/SequenceValidator/Binaries/Win64/UnrealEditor-SequenceValidator.dll')
[2026.08.03-14.58.07:256][  0]LogModuleManager: InternalLoadLibrary: 'CharacterAI' ('C:/Program Files/Epic Games/UE_5.8/Engine/Plugins/Experimental/CharacterAI/Binaries/Win64/UnrealEditor-CharacterAI.dll')
[2026.08.03-14.58.07:257][  0]LogModuleManager: InternalLoadLibrary: 'FractureEngine' ('C:/Program Files/Epic Games/UE_5.8/Engine/Plugins/Experimental/Fracture/Binaries/Win64/UnrealEditor-FractureEngine.dll')
[2026.08.03-14.58.07:257][  0]LogModuleManager: InternalLoadLibrary: 'PlanarCut' ('C:/Program Files/Epic Games/UE_5.8/Engine/Plugins/Experimental/PlanarCutPlugin/Binaries/Win64/UnrealEditor-PlanarCut.dll')
[2026.08.03-14.58.07:257][  0]LogModuleManager: InternalLoadLibrary: 'WaterEditor' ('C:/Program Files/Epic Games/UE_5.8/Engine/Plugins/Experimental/Water/Binaries/Win64/UnrealEditor-WaterEditor.dll')
[2026.08.03-14.58.07:265][  0]LogModuleManager: InternalLoadLibrary: 'AndroidFileServerEditor' ('C:/Program Files/Epic Games/UE_5.8/Engine/Plugins/Runtime/AndroidFileServer/Binaries/Win64/UnrealEditor-AndroidFileServerEditor.dll')
[2026.08.03-14.58.07:266][  0]LogModuleManager: InternalLoadLibrary: 'AudioCaptureEditor' ('C:/Program Files/Epic Games/UE_5.8/Engine/Plugins/Runtime/AudioCapture/Binaries/Win64/UnrealEditor-AudioCaptureEditor.dll')
[2026.08.03-14.58.07:267][  0]LogModuleManager: InternalLoadLibrary: 'GooglePADEditor' ('C:/Program Files/Epic Games/UE_5.8/Engine/Plugins/Runtime/GooglePAD/Binaries/Win64/UnrealEditor-GooglePADEditor.dll')
[2026.08.03-14.58.07:268][  0]LogModuleManager: InternalLoadLibrary: 'RigVMEditor' ('C:/Program Files/Epic Games/UE_5.8/Engine/Plugins/Runtime/RigVM/Binaries/Win64/UnrealEditor-RigVMEditor.dll')
[2026.08.03-14.58.07:269][  0]LogModuleManager: InternalLoadLibrary: 'ResonanceAudioEditor' ('C:/Program Files/Epic Games/UE_5.8/Engine/Plugins/Runtime/ResonanceAudio/Binaries/Win64/UnrealEditor-ResonanceAudioEditor.dll')
[2026.08.03-14.58.07:270][  0]LogModuleManager: InternalLoadLibrary: 'WaveTableEditor' ('C:/Program Files/Epic Games/UE_5.8/Engine/Plugins/Runtime/WaveTable/Binaries/Win64/UnrealEditor-WaveTableEditor.dll')
[2026.08.03-14.58.07:271][  0]LogModuleManager: InternalLoadLibrary: 'AndroidMediaEditor' ('C:/Program Files/Epic Games/UE_5.8/Engine/Plugins/Media/AndroidMedia/Binaries/Win64/UnrealEditor-AndroidMediaEditor.dll')
[2026.08.03-14.58.07:272][  0]LogModuleManager: InternalLoadLibrary: 'AndroidMediaFactory' ('C:/Program Files/Epic Games/UE_5.8/Engine/Plugins/Media/AndroidMedia/Binaries/Win64/UnrealEditor-AndroidMediaFactory.dll')
[2026.08.03-14.58.07:273][  0]LogModuleManager: InternalLoadLibrary: 'AvfMediaEditor' ('C:/Program Files/Epic Games/UE_5.8/Engine/Plugins/Media/AvfMedia/Binaries/Win64/UnrealEditor-AvfMediaEditor.dll')
[2026.08.03-14.58.07:274][  0]LogModuleManager: InternalLoadLibrary: 'AvfMediaFactory' ('C:/Program Files/Epic Games/UE_5.8/Engine/Plugins/Media/AvfMedia/Binaries/Win64/UnrealEditor-AvfMediaFactory.dll')
[2026.08.03-14.58.07:275][  0]LogModuleManager: InternalLoadLibrary: 'ImgMediaEditor' ('C:/Program Files/Epic Games/UE_5.8/Engine/Plugins/Media/ImgMedia/Binaries/Win64/UnrealEditor-ImgMediaEditor.dll')
[2026.08.03-14.58.07:277][  0]LogModuleManager: InternalLoadLibrary: 'ImgMediaFactory' ('C:/Program Files/Epic Games/UE_5.8/Engine/Plugins/Media/ImgMedia/Binaries/Win64/UnrealEditor-ImgMediaFactory.dll')
[2026.08.03-14.58.07:277][  0]LogModuleManager: InternalLoadLibrary: 'OpenExrWrapper' ('C:/Program Files/Epic Games/UE_5.8/Engine/Plugins/Media/ImgMedia/Binaries/Win64/UnrealEditor-OpenExrWrapper.dll')
[2026.08.03-14.58.07:277][  0]LogModuleManager: InternalLoadLibrary: 'TmvMedia' ('C:/Program Files/Epic Games/UE_5.8/Engine/Plugins/Media/TmvMedia/Binaries/Win64/UnrealEditor-TmvMedia.dll')
[2026.08.03-14.58.07:278][  0]LogModuleManager: InternalLoadLibrary: 'MediaCompositingEditor' ('C:/Program Files/Epic Games/UE_5.8/Engine/Plugins/Media/MediaCompositing/Binaries/Win64/UnrealEditor-MediaCompositingEditor.dll')
[2026.08.03-14.58.07:278][  0]LogModuleManager: InternalLoadLibrary: 'SequenceRecorder' ('C:/Program Files/Epic Games/UE_5.8/Engine/Binaries/Win64/UnrealEditor-SequenceRecorder.dll')
[2026.08.03-14.58.07:280][  0]LogModuleManager: InternalLoadLibrary: 'MediaPlayerEditor' ('C:/Program Files/Epic Games/UE_5.8/Engine/Plugins/Media/MediaPlayerEditor/Binaries/Win64/UnrealEditor-MediaPlayerEditor.dll')
[2026.08.03-14.58.07:281][  0]LogModuleManager: InternalLoadLibrary: 'MP4Utilities' ('C:/Program Files/Epic Games/UE_5.8/Engine/Plugins/Media/MP4Utilities/Binaries/Win64/UnrealEditor-MP4Utilities.dll')
[2026.08.03-14.58.07:282][  0]LogModuleManager: InternalLoadLibrary: 'MP4Boxes' ('C:/Program Files/Epic Games/UE_5.8/Engine/Plugins/Media/MP4Utilities/Binaries/Win64/UnrealEditor-MP4Boxes.dll')
[2026.08.03-14.58.07:282][  0]LogModuleManager: InternalLoadLibrary: 'MP4Muxer' ('C:/Program Files/Epic Games/UE_5.8/Engine/Plugins/Media/MP4Utilities/Binaries/Win64/UnrealEditor-MP4Muxer.dll')
[2026.08.03-14.58.07:283][  0]LogModuleManager: InternalLoadLibrary: 'TmvMediaEditor' ('C:/Program Files/Epic Games/UE_5.8/Engine/Plugins/Media/TmvMedia/Binaries/Win64/UnrealEditor-TmvMediaEditor.dll')
[2026.08.03-14.58.07:285][  0]LogModuleManager: InternalLoadLibrary: 'ApvMedia' ('C:/Program Files/Epic Games/UE_5.8/Engine/Plugins/Media/TmvMedia/Binaries/Win64/UnrealEditor-ApvMedia.dll')
[2026.08.03-14.58.07:286][  0]LogModuleManager: InternalLoadLibrary: 'TmvMediaMp4Utils' ('C:/Program Files/Epic Games/UE_5.8/Engine/Plugins/Media/TmvMedia/Binaries/Win64/UnrealEditor-TmvMediaMp4Utils.dll')
[2026.08.03-14.58.07:287][  0]LogModuleManager: InternalLoadLibrary: 'WebMMedia' ('C:/Program Files/Epic Games/UE_5.8/Engine/Plugins/Media/WebMMedia/Binaries/Win64/UnrealEditor-WebMMedia.dll')
[2026.08.03-14.58.07:287][  0]LogModuleManager: InternalLoadLibrary: 'WebMMediaEditor' ('C:/Program Files/Epic Games/UE_5.8/Engine/Plugins/Media/WebMMedia/Binaries/Win64/UnrealEditor-WebMMediaEditor.dll')
[2026.08.03-14.58.07:288][  0]LogModuleManager: InternalLoadLibrary: 'WebMMediaFactory' ('C:/Program Files/Epic Games/UE_5.8/Engine/Plugins/Media/WebMMedia/Binaries/Win64/UnrealEditor-WebMMediaFactory.dll')
[2026.08.03-14.58.07:289][  0]LogModuleManager: InternalLoadLibrary: 'WmfMediaEditor' ('C:/Program Files/Epic Games/UE_5.8/Engine/Plugins/Media/WmfMedia/Binaries/Win64/UnrealEditor-WmfMediaEditor.dll')
[2026.08.03-14.58.07:290][  0]LogModuleManager: InternalLoadLibrary: 'WmfMediaFactory' ('C:/Program Files/Epic Games/UE_5.8/Engine/Plugins/Media/WmfMedia/Binaries/Win64/UnrealEditor-WmfMediaFactory.dll')
[2026.08.03-14.58.07:290][  0]LogModuleManager: InternalLoadLibrary: 'SmartSnapping' ('C:/Program Files/Epic Games/UE_5.8/Engine/Plugins/2D/Paper2D/Binaries/Win64/UnrealEditor-SmartSnapping.dll')
[2026.08.03-14.58.07:291][  0]LogModuleManager: InternalLoadLibrary: 'AnimatorKitSettings' ('C:/Program Files/Epic Games/UE_5.8/Engine/Plugins/Animation/AnimatorKit/Binaries/Win64/UnrealEditor-AnimatorKitSettings.dll')
[2026.08.03-14.58.07:291][  0]LogModuleManager: InternalLoadLibrary: 'ControlRigEditor' ('C:/Program Files/Epic Games/UE_5.8/Engine/Plugins/Animation/ControlRig/Binaries/Win64/UnrealEditor-ControlRigEditor.dll')
[2026.08.03-14.58.07:294][  0]LogModuleManager: InternalLoadLibrary: 'OptimusEditor' ('C:/Program Files/Epic Games/UE_5.8/Engine/Plugins/Animation/DeformerGraph/Binaries/Win64/UnrealEditor-OptimusEditor.dll')
[2026.08.03-14.58.07:297][  0]LogModuleManager: InternalLoadLibrary: 'CameraShakePreviewer' ('C:/Program Files/Epic Games/UE_5.8/Engine/Plugins/Cameras/CameraShakePreviewer/Binaries/Win64/UnrealEditor-CameraShakePreviewer.dll')
[2026.08.03-14.58.07:298][  0]LogModuleManager: InternalLoadLibrary: 'RewindDebugger' ('C:/Program Files/Epic Games/UE_5.8/Engine/Plugins/Animation/GameplayInsights/Binaries/Win64/UnrealEditor-RewindDebugger.dll')
[2026.08.03-14.58.07:303][  0]LogModuleManager: InternalLoadLibrary: 'RewindDebuggerVLog' ('C:/Program Files/Epic Games/UE_5.8/Engine/Plugins/Animation/GameplayInsights/Binaries/Win64/UnrealEditor-RewindDebuggerVLog.dll')
[2026.08.03-14.58.07:305][  0]LogModuleManager: InternalLoadLibrary: 'GameplayCamerasEditor' ('C:/Program Files/Epic Games/UE_5.8/Engine/Plugins/Cameras/GameplayCameras/Binaries/Win64/UnrealEditor-GameplayCamerasEditor.dll')
[2026.08.03-14.58.07:310][  0]LogModuleManager: InternalLoadLibrary: 'IKRigEditor' ('C:/Program Files/Epic Games/UE_5.8/Engine/Plugins/Animation/IKRig/Binaries/Win64/UnrealEditor-IKRigEditor.dll')
[2026.08.03-14.58.07:319][  0]LogModuleManager: InternalLoadLibrary: 'PhysicsControlEditor' ('C:/Program Files/Epic Games/UE_5.8/Engine/Plugins/Animation/PhysicsControl/Binaries/Win64/UnrealEditor-PhysicsControlEditor.dll')
[2026.08.03-14.58.07:322][  0]LogModuleManager: InternalLoadLibrary: 'RiderShaderInfo' ('C:/Program Files/Epic Games/UE_5.8/Engine/Plugins/Marketplace/Developer/RiderLink/Binaries/Win64/UnrealEditor-RiderShaderInfo.dll')
[2026.08.03-14.58.07:331][  0]LogModuleManager: InternalLoadLibrary: 'RiderLC' ('C:/Program Files/Epic Games/UE_5.8/Engine/Plugins/Marketplace/Developer/RiderLink/Binaries/Win64/UnrealEditor-RiderLC.dll')
[2026.08.03-14.58.07:332][  0]LogModuleManager: InternalLoadLibrary: 'ScribbleEditor' ('C:/Program Files/Epic Games/UE_5.8/Engine/Plugins/Experimental/Animation/Scribble/Binaries/Win64/UnrealEditor-ScribbleEditor.dll')
[2026.08.03-14.58.07:343][  0]LogModuleManager: InternalLoadLibrary: 'ActorPickerMode' ('C:/Program Files/Epic Games/UE_5.8/Engine/Binaries/Win64/UnrealEditor-ActorPickerMode.dll')
[2026.08.03-14.58.07:343][  0]LogModuleManager: InternalLoadLibrary: 'SceneDepthPickerMode' ('C:/Program Files/Epic Games/UE_5.8/Engine/Binaries/Win64/UnrealEditor-SceneDepthPickerMode.dll')
[2026.08.03-14.58.07:343][  0]LogModuleManager: InternalLoadLibrary: 'LandscapeEditor' ('C:/Program Files/Epic Games/UE_5.8/Engine/Binaries/Win64/UnrealEditor-LandscapeEditor.dll')
[2026.08.03-14.58.07:350][  0]LogModuleManager: InternalLoadLibrary: 'FoliageEdit' ('C:/Program Files/Epic Games/UE_5.8/Engine/Binaries/Win64/UnrealEditor-FoliageEdit.dll')
[2026.08.03-14.58.07:350][  0]LogModuleManager: InternalLoadLibrary: 'VirtualTexturingEditor' ('C:/Program Files/Epic Games/UE_5.8/Engine/Binaries/Win64/UnrealEditor-VirtualTexturingEditor.dll')
[2026.08.03-14.58.07:351][  0]LogEditorDataStorage: Initializing
[2026.08.03-14.58.07:351][  0]LogEditorDataStorage: Initializing TEDS Core.
[2026.08.03-14.58.07:351][  0]LogEditorDataStorage: Initialized TEDS Core.
[2026.08.03-14.58.07:351][  0]LogEditorDataStorage: Initializing TEDS Compatibility.
[2026.08.03-14.58.07:351][  0]LogEditorDataStorage: Initialized TEDS Compatibility.
[2026.08.03-14.58.07:383][  0]LogEditorDataStorage: Initialized
[2026.08.03-14.58.07:384][  0]LogModuleManager: InternalLoadLibrary: 'AutomationWorker' ('C:/Program Files/Epic Games/UE_5.8/Engine/Binaries/Win64/UnrealEditor-AutomationWorker.dll')
[2026.08.03-14.58.07:385][  0]LogModuleManager: InternalLoadLibrary: 'SequenceRecorderSections' ('C:/Program Files/Epic Games/UE_5.8/Engine/Binaries/Win64/UnrealEditor-SequenceRecorderSections.dll')
[2026.08.03-14.58.07:399][  0]LogCore: Display: InsightsEditor module auto-connecting to local trace server...
[2026.08.03-14.58.07:399][  0]LogInit: Running DelayedAutoRegister Phase EndOfEngineInit
[2026.08.03-14.58.07:474][  0]LogInit: Display: Engine is initialized. Leaving FEngineLoop::Init()
[2026.08.03-14.58.07:476][  0]SourceControl: 리비전 컨트롤이 비활성화되어 있습니다.
[2026.08.03-14.58.07:476][  0]LogUnrealEdMisc: Loading editor; pre map load, took 8.031
[2026.08.03-14.58.07:476][  0]Cmd: MAP LOAD FILE="../../../Engine/Content/Maps/Templates/OpenWorld.umap" TEMPLATE=1 SHOWPROGRESS=1 FEATURELEVEL=4
[2026.08.03-14.58.07:477][  0]LogModuleManager: InternalLoadLibrary: 'StatsViewer' ('C:/Program Files/Epic Games/UE_5.8/Engine/Binaries/Win64/UnrealEditor-StatsViewer.dll')
[2026.08.03-14.58.07:478][  0]LogWorld: UWorld::CleanupWorld for Untitled, bSessionEnded=true, bCleanupResources=true
[2026.08.03-14.58.07:478][  0]LogSlate: InvalidateAllWidgets triggered.  All widgets were invalidated
[2026.08.03-14.58.07:499][  0]LogUObjectHash: Compacting FUObjectHashTables data took   0.59ms
[2026.08.03-14.58.07:505][  0]LogChaosDD: Creating Chaos Debug Draw Scene for world Untitled_1
[2026.08.03-14.58.07:507][  0]LogWorldPartition: ULevel::OnLevelLoaded(Untitled_1)(bIsOwningWorldGameWorld=0, bIsOwningWorldPartitioned=1, InitializeForMainWorld=1, InitializeForEditor=1, InitializeForGame=0)
[2026.08.03-14.58.07:507][  0]LogWorldPartition: Display: WorldPartition initialize started...
[2026.08.03-14.58.07:507][  0]LogWorldPartition: UWorldPartition::Initialize : World = /Temp/Untitled_1.Untitled_1, World Type = Editor, IsMainWorldPartition = 1, Location = V(0), Rotation = R(0), IsEditor = 1, IsGame = 0, IsPIEWorldTravel = 0, IsCooking = 0
[2026.08.03-14.58.07:510][  0]LogModuleManager: InternalLoadLibrary: 'DataLayerEditor' ('C:/Program Files/Epic Games/UE_5.8/Engine/Binaries/Win64/UnrealEditor-DataLayerEditor.dll')
[2026.08.03-14.58.07:607][  0]LogWorldPartition: Display: WorldPartition initialize took 100.562 ms
[2026.08.03-14.58.07:710][  0]LogEditorServer: Finished looking for orphan Actors (0.000 secs)
[2026.08.03-14.58.07:733][  0]LogUObjectHash: Compacting FUObjectHashTables data took   0.60ms
[2026.08.03-14.58.07:733][  0]Cmd: MAP CHECKDEP NOCLEARLOG
[2026.08.03-14.58.07:735][  0]MapCheck: 맵 체크 완료: 오류 0 회, 경고 0 회, 소요 시간 1.2ms.
[2026.08.03-14.58.07:735][  0]LogModuleManager: InternalLoadLibrary: 'GameProjectGeneration' ('C:/Program Files/Epic Games/UE_5.8/Engine/Binaries/Win64/UnrealEditor-GameProjectGeneration.dll')
[2026.08.03-14.58.07:786][  0]LogUnrealEdMisc: Total Editor Startup Time, took 8.341
[2026.08.03-14.58.07:795][  0]LogModuleManager: InternalLoadLibrary: 'UndoHistoryEditor' ('C:/Program Files/Epic Games/UE_5.8/Engine/Binaries/Win64/UnrealEditor-UndoHistoryEditor.dll')
[2026.08.03-14.58.07:798][  0]LogProjectBrowser: Looking for projects...
[2026.08.03-14.58.07:798][  0]LogProjectBrowser: Found Engine Installation "5.8"(C:/Program Files/Epic Games/UE_5.8)
[2026.08.03-14.58.07:799][  0]LogDesktopPlatform: Enumerating Projects From Engine Ver: 5.8
[2026.08.03-14.58.07:799][  0]LogDesktopPlatform: Looking for directories to scan from : C:/Users/sster/AppData/Local/UnrealEngine/5.8/Saved/Config/WindowsEditor
[2026.08.03-14.58.07:799][  0]LogDesktopPlatform: Searching for previously created project directories...
[2026.08.03-14.58.07:799][  0]LogDesktopPlatform: Found directory: "C:/Users/sster/Documents/Unreal Projects"
[2026.08.03-14.58.07:799][  0]LogDesktopPlatform: Found project "(ProjectName="W:/CiciWuwaRender.uproject",LastOpenTime=2026.06.23-13.33.01)" in recently opened files
[2026.08.03-14.58.07:799][  0]LogDesktopPlatform: Found project "(ProjectName="C:/Users/sster/Downloads/仿鸣潮渲染V0/CiciWuwaRender.uproject",LastOpenTime=2026.06.23-13.34.33)" in recently opened files
[2026.08.03-14.58.07:799][  0]LogDesktopPlatform: Found project "(ProjectName="C:/Users/sster/Downloads/CiCiWuwa/CiciWuwaRender.uproject",LastOpenTime=2026.06.23-13.48.13)" in recently opened files
[2026.08.03-14.58.07:799][  0]LogDesktopPlatform: Found project "(ProjectName="C:/Users/sster/Downloads/仿鸣潮渲染V0/CiCiWuwa.uproject",LastOpenTime=2026.06.23-13.51.29)" in recently opened files
[2026.08.03-14.58.07:799][  0]LogDesktopPlatform: Found project "(ProjectName="C:/Users/sster/Downloads/CiCiWuwa/CiCiWuwa.uproject",LastOpenTime=2026.06.23-15.03.58)" in recently opened files
[2026.08.03-14.58.07:799][  0]LogDesktopPlatform: Found project "(ProjectName="C:/Users/sster/Documents/Unreal Projects/SoulslikePrototype/SoulslikePrototype.uproject",LastOpenTime=2026.06.26-14.41.24)" in recently opened files
[2026.08.03-14.58.07:799][  0]LogDesktopPlatform: Found project "(ProjectName="C:/Users/sster/Downloads/仿终末地渲染V1/仿终末地渲染V1.uproject",LastOpenTime=2026.06.30-11.22.19)" in recently opened files
[2026.08.03-14.58.07:799][  0]LogDesktopPlatform: Found project "(ProjectName="C:/Users/sster/Documents/Git/CiCiWuwa_YounuoRender/CiCiWuwa.uproject",LastOpenTime=2026.07.22-06.25.02)" in recently opened files
[2026.08.03-14.58.07:799][  0]LogDesktopPlatform: Found project "(ProjectName="C:/Users/sster/Documents/Git/Project_MJS/Project_MJS.uproject",LastOpenTime=2026.08.02-16.28.11)" in recently opened files
[2026.08.03-14.58.07:799][  0]LogDesktopPlatform: Found project "(ProjectName="C:/Users/sster/Documents/Git/O-Mock/O_Mock.uproject",LastOpenTime=2026.08.03-14.58.06)" in recently opened files
[2026.08.03-14.58.07:799][  0]LogDesktopPlatform: Found project "C:/Users/sster/Documents/Unreal Projects/Asset/Asset.uproject" in previously created project directory
[2026.08.03-14.58.07:799][  0]LogDesktopPlatform: Found project "C:/Users/sster/Documents/Unreal Projects/CiciToonCharacterShaderPa/CiciToon.uproject" in previously created project directory
[2026.08.03-14.58.07:799][  0]LogDesktopPlatform: Found project "C:/Users/sster/Documents/Unreal Projects/SoulslikePrototype/SoulslikePrototype.uproject" in previously created project directory
[2026.08.03-14.58.07:799][  0]LogDesktopPlatform: Searching for projects in .uprojectdirs
[2026.08.03-14.58.07:800][  0]LogProjectBrowser: Enumerating Launcher Sample Projects...
[2026.08.03-14.58.07:803][  0]LogDesktopPlatform: Enumerating Projects From Engine Ver: 5.8
[2026.08.03-14.58.07:803][  0]LogDesktopPlatform: Looking for directories to scan from : C:/Users/sster/AppData/Local/UnrealEngine/5.8/Saved/Config/WindowsEditor
[2026.08.03-14.58.07:804][  0]LogDesktopPlatform: Searching for previously created project directories...
[2026.08.03-14.58.07:804][  0]LogDesktopPlatform: Found directory: "C:/Users/sster/Documents/Unreal Projects"
[2026.08.03-14.58.07:804][  0]LogDesktopPlatform: Found project "(ProjectName="W:/CiciWuwaRender.uproject",LastOpenTime=2026.06.23-13.33.01)" in recently opened files
[2026.08.03-14.58.07:804][  0]LogDesktopPlatform: Found project "(ProjectName="C:/Users/sster/Downloads/仿鸣潮渲染V0/CiciWuwaRender.uproject",LastOpenTime=2026.06.23-13.34.33)" in recently opened files
[2026.08.03-14.58.07:804][  0]LogDesktopPlatform: Found project "(ProjectName="C:/Users/sster/Downloads/CiCiWuwa/CiciWuwaRender.uproject",LastOpenTime=2026.06.23-13.48.13)" in recently opened files
[2026.08.03-14.58.07:804][  0]LogDesktopPlatform: Found project "(ProjectName="C:/Users/sster/Downloads/仿鸣潮渲染V0/CiCiWuwa.uproject",LastOpenTime=2026.06.23-13.51.29)" in recently opened files
[2026.08.03-14.58.07:804][  0]LogDesktopPlatform: Found project "(ProjectName="C:/Users/sster/Downloads/CiCiWuwa/CiCiWuwa.uproject",LastOpenTime=2026.06.23-15.03.58)" in recently opened files
[2026.08.03-14.58.07:804][  0]LogDesktopPlatform: Found project "(ProjectName="C:/Users/sster/Documents/Unreal Projects/SoulslikePrototype/SoulslikePrototype.uproject",LastOpenTime=2026.06.26-14.41.24)" in recently opened files
[2026.08.03-14.58.07:804][  0]LogDesktopPlatform: Found project "(ProjectName="C:/Users/sster/Downloads/仿终末地渲染V1/仿终末地渲染V1.uproject",LastOpenTime=2026.06.30-11.22.19)" in recently opened files
[2026.08.03-14.58.07:804][  0]LogDesktopPlatform: Found project "(ProjectName="C:/Users/sster/Documents/Git/CiCiWuwa_YounuoRender/CiCiWuwa.uproject",LastOpenTime=2026.07.22-06.25.02)" in recently opened files
[2026.08.03-14.58.07:804][  0]LogDesktopPlatform: Found project "(ProjectName="C:/Users/sster/Documents/Git/Project_MJS/Project_MJS.uproject",LastOpenTime=2026.08.02-16.28.11)" in recently opened files
[2026.08.03-14.58.07:804][  0]LogDesktopPlatform: Found project "(ProjectName="C:/Users/sster/Documents/Git/O-Mock/O_Mock.uproject",LastOpenTime=2026.08.03-14.58.06)" in recently opened files
[2026.08.03-14.58.07:804][  0]LogDesktopPlatform: Found project "C:/Users/sster/Documents/Unreal Projects/Asset/Asset.uproject" in previously created project directory
[2026.08.03-14.58.07:804][  0]LogDesktopPlatform: Found project "C:/Users/sster/Documents/Unreal Projects/CiciToonCharacterShaderPa/CiciToon.uproject" in previously created project directory
[2026.08.03-14.58.07:804][  0]LogDesktopPlatform: Found project "C:/Users/sster/Documents/Unreal Projects/SoulslikePrototype/SoulslikePrototype.uproject" in previously created project directory
[2026.08.03-14.58.07:804][  0]LogDesktopPlatform: Searching for projects in .uprojectdirs
[2026.08.03-14.58.07:806][  0]LogPlacementMode: Display: The Asset Registry is not yet fully loaded so some placeable classes might be missing.
[2026.08.03-14.58.07:813][  0]LogModuleManager: InternalLoadLibrary: 'UnsavedAssetsTracker' ('C:/Program Files/Epic Games/UE_5.8/Engine/Binaries/Win64/UnrealEditor-UnsavedAssetsTracker.dll')
[2026.08.03-14.58.07:816][  0]LogModuleManager: InternalLoadLibrary: 'StatusBar' ('C:/Program Files/Epic Games/UE_5.8/Engine/Binaries/Win64/UnrealEditor-StatusBar.dll')
[2026.08.03-14.58.07:822][  0]LogSlate: Display: Synchronously lazy loading font file '../../../Engine/Content/Slate/Fonts/Roboto-Regular.ttf' with subface index 0 in Game thread.
[2026.08.03-14.58.07:822][  0]LogSlate: Display: Took 0.000227 seconds to synchronously load lazily loaded font '../../../Engine/Content/Slate/Fonts/Roboto-Regular.ttf' (155K) on Game thread.
[2026.08.03-14.58.07:822][  0]LogSlate: Display: Freetype font face in memory successfully created with synchronously loaded raw font file '../../../Engine/Content/Slate/Fonts/Roboto-Regular.ttf' subface 0 in Game thread.
[2026.08.03-14.58.07:822][  0]LogSlate: Display: Font face '../../../Engine/Content/Slate/Fonts/Roboto-Regular.ttf' subface index 0 successfully added to font face map in Game thread.
[2026.08.03-14.58.08:003][  0]LogContentBrowser: Migrated 0 editor favorites to project favorites
[2026.08.03-14.58.08:004][  0]LogModuleManager: InternalLoadLibrary: 'AddContentDialog' ('C:/Program Files/Epic Games/UE_5.8/Engine/Binaries/Win64/UnrealEditor-AddContentDialog.dll')
[2026.08.03-14.58.08:004][  0]LogModuleManager: InternalLoadLibrary: 'WidgetCarousel' ('C:/Program Files/Epic Games/UE_5.8/Engine/Binaries/Win64/UnrealEditor-WidgetCarousel.dll')
[2026.08.03-14.58.08:016][  0]LogModuleManager: InternalLoadLibrary: 'SubobjectEditor' ('C:/Program Files/Epic Games/UE_5.8/Engine/Binaries/Win64/UnrealEditor-SubobjectEditor.dll')
[2026.08.03-14.58.08:030][  0]LogContentBrowser: Migrated 0 editor favorites to project favorites
[2026.08.03-14.58.08:034][  0]LogStall: Startup...
[2026.08.03-14.58.08:036][  0]LogStall: Startup complete.
[2026.08.03-14.58.08:036][  0]LogModuleManager: InternalLoadLibrary: 'HierarchicalLODOutliner' ('C:/Program Files/Epic Games/UE_5.8/Engine/Binaries/Win64/UnrealEditor-HierarchicalLODOutliner.dll')
[2026.08.03-14.58.08:037][  0]LogLoad: (Engine Initialization) Total time: 8.59 seconds
[2026.08.03-14.58.08:546][  0]LogSlate: InvalidateAllWidgets triggered.  All widgets were invalidated
[2026.08.03-14.58.08:548][  0]LogPython: Display: 스타트업 스크립트 C:/Program Files/Epic Games/UE_5.8/Engine/Plugins/Animation/IKRig/Content/Python/init_unreal.py 실행 중... started...
[2026.08.03-14.58.08:559][  0]LogPython: Display: 스타트업 스크립트 C:/Program Files/Epic Games/UE_5.8/Engine/Plugins/Animation/IKRig/Content/Python/init_unreal.py 실행 중... took 10.908 ms
[2026.08.03-14.58.08:559][  0]LogPython: Display: 스타트업 스크립트 C:/Program Files/Epic Games/UE_5.8/Engine/Plugins/Animation/ControlRig/Content/Python/init_unreal.py 실행 중... started...
[2026.08.03-14.58.08:571][  0]LogPython: registering <class 'ControlRigWorkflows.workflow_deformation_rig_preset.provider'>

[2026.08.03-14.58.08:603][  0]LogPython: Display: 스타트업 스크립트 C:/Program Files/Epic Games/UE_5.8/Engine/Plugins/Animation/ControlRig/Content/Python/init_unreal.py 실행 중... took 43.655 ms (total: 54.564 ms)
[2026.08.03-14.58.08:603][  0]LogPython: Display: 스타트업 스크립트 C:/Program Files/Epic Games/UE_5.8/Engine/Plugins/Experimental/ToolsetRegistry/Content/Python/init_unreal.py 실행 중... started...
[2026.08.03-14.58.08:676][  0]LogPython: Display: 스타트업 스크립트 C:/Program Files/Epic Games/UE_5.8/Engine/Plugins/Experimental/ToolsetRegistry/Content/Python/init_unreal.py 실행 중... took 72.851 ms (total: 127.416 ms)
[2026.08.03-14.58.08:679][  0]LogSlate: Display: Synchronously lazy loading font file '../../../Engine/Content/Editor/Slate/Fonts/NanumGothic.ttf' with subface index 0 in Game thread.
[2026.08.03-14.58.08:679][  0]LogSlate: Display: Took 0.001371 seconds to synchronously load lazily loaded font '../../../Engine/Content/Editor/Slate/Fonts/NanumGothic.ttf' (4243K) on Game thread.
[2026.08.03-14.58.08:679][  0]LogSlate: Display: Freetype font face in memory successfully created with synchronously loaded raw font file '../../../Engine/Content/Editor/Slate/Fonts/NanumGothic.ttf' subface 0 in Game thread.
[2026.08.03-14.58.08:679][  0]LogSlate: Display: Font face '../../../Engine/Content/Editor/Slate/Fonts/NanumGothic.ttf' subface index 0 successfully added to font face map in Game thread.
[2026.08.03-14.58.08:680][  0]Cmd: Automation RunTests Gomoku.Stage6.; Quit
[2026.08.03-14.58.08:682][  0]Automation: RunTests='Gomoku.Stage6.' Queued.
[2026.08.03-14.58.08:682][  0]Automation: Quit Command Queued.
[2026.08.03-14.58.08:909][  1]LogAssetRegistry: AssetRegistryGather time 0.1059s: AssetDataDiscovery 0.0102s, AssetDataGather 0.0489s, StoreResults 0.0467s. Wall time 3.9230s.
	NumCachedDirectories 1789. NumUncachedDirectories 27. NumCachedFiles 8928. NumUncachedFiles 0.
	BackgroundTickInterruptions 0.
[2026.08.03-14.58.08:925][  1]LogAssetRegistry: Display: Starting OnFilesLoaded.Broadcast
[2026.08.03-14.58.08:933][  1]LogPlacementMode: Display: The Asset Registry is done with its initial scan, the list of placeable classes has been updated.
[2026.08.03-14.58.08:942][  1]LogCollectionManager: Fixed up redirectors for 0 collections in 0.000000 seconds (updated 0 objects)
[2026.08.03-14.58.08:954][  1]LogAssetRegistry: Display: Completed OnFilesLoaded.Broadcast: 0.029s
[2026.08.03-14.58.08:955][  1]LogSourceControl: Uncontrolled asset discovery started...
[2026.08.03-14.58.08:974][  1]LogEngineAutomationLatentCommand: FWaitForInteractiveFrameRate: FApp::CanEverRender() == false. Passing wait immediately.
[2026.08.03-14.58.08:974][  2]LogAutomationCommandLine: Display: Ready to start automation
[2026.08.03-14.58.09:021][  2]LogEOSSDK: LogEOS: SDK Config Platform Update Request Successful, Time: 2.405180
[2026.08.03-14.58.09:022][  2]LogEOSSDK: LogEOSAnalytics: EOS SDK Analytics disabled for route [1].
[2026.08.03-14.58.09:023][  2]LogEOSSDK: LogEOS: Updating Product SDK Config, Time: 2.458003
[2026.08.03-14.58.09:315][ 36]LogEOSSDK: LogEOSAnalytics: Start Session (User: ...)
[2026.08.03-14.58.09:558][ 65]LogEOSSDK: LogEOS: SDK Config Product Update Request Successful, Time: 2.986445
[2026.08.03-14.58.09:561][ 65]LogEOSSDK: LogEOS: SDK Config Data - Watermark: -1171348381
[2026.08.03-14.58.09:561][ 65]LogEOSSDK: LogEOS: ScheduleNextSDKConfigDataUpdate - Time: 2.986445, Update Interval: 347.846924
[2026.08.03-14.58.09:592][ 70]LogSourceControl: Uncontrolled asset discovery finished in 0.637035 seconds (Found 8904 uncontrolled assets)
[2026.08.03-14.58.13:983][596]LogModuleManager: InternalLoadLibrary: 'ScreenShotComparisonTools' ('C:/Program Files/Epic Games/UE_5.8/Engine/Binaries/Win64/UnrealEditor-ScreenShotComparisonTools.dll')
[2026.08.03-14.58.13:990][597]LogAutomationWorker: Received FindWorkersMessage from E99ED39D46AE2AB376F1A2A6915356BC
[2026.08.03-14.58.13:990][597]LogAutomationController: Received FindWorkersResponseMessage from 36E3CAB14491FEE4DD57ED8A5E1E3C04
[2026.08.03-14.58.13:990][597]LogAutomationController: Requesting test list from 36E3CAB14491FEE4DD57ED8A5E1E3C04
[2026.08.03-14.58.13:999][598]LogAutomationWorker: Received RequestTestsMessage from E99ED39D46AE2AB376F1A2A6915356BC
[2026.08.03-14.58.14:063][598]LogAutomationWorker: Set 6959 tests to E99ED39D46AE2AB376F1A2A6915356BC
[2026.08.03-14.58.14:063][598]LogAutomationController: Received RequestTestsReplyCompleteMessage from 36E3CAB14491FEE4DD57ED8A5E1E3C04
[2026.08.03-14.58.14:067][598]LogAutomationController: 6959 tests available on 36E3CAB14491FEE4DD57ED8A5E1E3C04
[2026.08.03-14.58.14:097][598]LogAutomationCommandLine: Display: Found 3 automation tests based on 'Gomoku.Stage6.'
[2026.08.03-14.58.14:097][598]LogAutomationCommandLine: Display: 	Gomoku.Stage6.CanUseValidateExecuteSeparated
[2026.08.03-14.58.14:097][598]LogAutomationCommandLine: Display: 	Gomoku.Stage6.ItemTypesExist
[2026.08.03-14.58.14:097][598]LogAutomationCommandLine: Display: 	Gomoku.Stage6.SelectCancelTargeting
[2026.08.03-14.58.14:098][598]LogAutomationController: Sending StopTests to 36E3CAB14491FEE4DD57ED8A5E1E3C04
[2026.08.03-14.58.14:100][598]LogAutomationController: Sending StartTestSession to 36E3CAB14491FEE4DD57ED8A5E1E3C04
[2026.08.03-14.58.14:100][598]LogAutomationController: Display: Clearing ../../../../../../Users/sster/Documents/Git/O-Mock/Saved/Automation/Logs/ and ../../../../../../Users/sster/Documents/Git/O-Mock/Saved/Automation/Tmp/
[2026.08.03-14.58.14:100][598]AutomationTestingLog: -----Test Run 3----
[2026.08.03-14.58.14:101][598]LogAutomationController: Sending RunTest CanUseValidateExecuteSeparated to 36E3CAB14491FEE4DD57ED8A5E1E3C04
[2026.08.03-14.58.14:101][599]LogAutomationController: Display: Test Started. Name={CanUseValidateExecuteSeparated} Path={Gomoku.Stage6.CanUseValidateExecuteSeparated}
[2026.08.03-14.58.14:103][599]LogAutomationWorker: Received StopTests from E99ED39D46AE2AB376F1A2A6915356BC
[2026.08.03-14.58.14:103][599]LogAutomationWorker: Received StartTestSession from E99ED39D46AE2AB376F1A2A6915356BC
[2026.08.03-14.58.14:103][599]LogAutomationWorker: Received RunTests CanUseValidateExecuteSeparated from E99ED39D46AE2AB376F1A2A6915356BC
[2026.08.03-14.58.14:112][600]LogAutomationController: Display: Test Completed. Result={Success} Name={CanUseValidateExecuteSeparated} Path={Gomoku.Stage6.CanUseValidateExecuteSeparated}
[2026.08.03-14.58.14:112][600]LogAutomationController: BeginEvents: Gomoku.Stage6.CanUseValidateExecuteSeparated
[2026.08.03-14.58.14:112][600]LogAutomationController: EndEvents: Gomoku.Stage6.CanUseValidateExecuteSeparated
[2026.08.03-14.58.14:112][600]LogAutomationController: Sending RunTest ItemTypesExist to 36E3CAB14491FEE4DD57ED8A5E1E3C04
[2026.08.03-14.58.14:112][601]LogAutomationController: Display: Test Started. Name={ItemTypesExist} Path={Gomoku.Stage6.ItemTypesExist}
[2026.08.03-14.58.14:119][601]LogAutomationWorker: Received RunTests ItemTypesExist from E99ED39D46AE2AB376F1A2A6915356BC
[2026.08.03-14.58.14:136][603]LogAutomationController: Display: Test Completed. Result={Success} Name={ItemTypesExist} Path={Gomoku.Stage6.ItemTypesExist}
[2026.08.03-14.58.14:136][603]LogAutomationController: BeginEvents: Gomoku.Stage6.ItemTypesExist
[2026.08.03-14.58.14:136][603]LogAutomationController: EndEvents: Gomoku.Stage6.ItemTypesExist
[2026.08.03-14.58.14:137][603]LogAutomationController: Sending RunTest SelectCancelTargeting to 36E3CAB14491FEE4DD57ED8A5E1E3C04
[2026.08.03-14.58.14:137][604]LogAutomationController: Display: Test Started. Name={SelectCancelTargeting} Path={Gomoku.Stage6.SelectCancelTargeting}
[2026.08.03-14.58.14:144][604]LogAutomationWorker: Received RunTests SelectCancelTargeting from E99ED39D46AE2AB376F1A2A6915356BC
[2026.08.03-14.58.14:145][604]LogChaosDD: Creating Chaos Debug Draw Scene for world Untitled
[2026.08.03-14.58.14:146][604]LogWorld: UWorld::CleanupWorld for Untitled, bSessionEnded=true, bCleanupResources=true
[2026.08.03-14.58.14:146][604]LogSlate: InvalidateAllWidgets triggered.  All widgets were invalidated
[2026.08.03-14.58.14:165][606]LogAutomationController: Display: Test Completed. Result={Success} Name={SelectCancelTargeting} Path={Gomoku.Stage6.SelectCancelTargeting}
[2026.08.03-14.58.14:165][606]LogAutomationController: BeginEvents: Gomoku.Stage6.SelectCancelTargeting
[2026.08.03-14.58.14:165][606]LogAutomationController: EndEvents: Gomoku.Stage6.SelectCancelTargeting
[2026.08.03-14.58.14:165][606]LogAutomationController: Sending StopTestSession to 36E3CAB14491FEE4DD57ED8A5E1E3C04
[2026.08.03-14.58.14:169][607]LogAutomationWorker: Received StopTestSession from E99ED39D46AE2AB376F1A2A6915356BC
[2026.08.03-14.58.14:169][607]LogAutomationCommandLine: Shutting down. GIsCriticalError=0
[2026.08.03-14.58.14:169][607]LogAutomationCommandLine: Display: **** TEST COMPLETE. EXIT CODE: 0 ****
[2026.08.03-14.58.14:169][607]LogWindows: FPlatformMisc::RequestExitWithStatus(1, 0, <NoCallSiteInfo>)
[2026.08.03-14.58.14:169][607]LogCore: Engine exit requested (reason: Win RequestExit)
